{"type": "FeatureCollection", "features": [{"type": "Feature", "properties": {"district": 1, "variant": "wariant-spojny-propozycja", "crs": "EPSG:4326"}, "geometry": {"type": "Polygon", "coordinates": [[[17.059005192104717, 51.129993266445865], [17.058827757449404, 51.13009968064983], [17.058185192166757, 51.13048505110029], [17.056983975453416, 51.13120546572341], [17.056261176530377, 51.131638955291066], [17.05623515578813, 51.13165456090412], [17.05644406926701, 51.131781249922064], [17.05687052639305, 51.13204828440257], [17.05692718973308, 51.13208341443141], [17.05675450166519, 51.13218129441727], [17.05671917348529, 51.13220698955383], [17.056788710178047, 51.13225052991819], [17.056686048391498, 51.132315290351215], [17.05683864367097, 51.132416135403574], [17.056916008114477, 51.13246750587491], [17.056997643500914, 51.13242143597896], [17.057667312869306, 51.13284096002649], [17.05778908984175, 51.13291598893304], [17.05795968724983, 51.13302269495151], [17.05814727457916, 51.13313849123641], [17.05833771630908, 51.133259407328495], [17.05852986588743, 51.13337789167025], [17.058696768995457, 51.1334823464127], [17.058716178656525, 51.1334946746176], [17.058903913995227, 51.1336118103173], [17.059020271641245, 51.13368513122623], [17.0591389009862, 51.1337598816678], [17.059412016297788, 51.133929456783044], [17.059632523066494, 51.13412371632014], [17.059655792805252, 51.13414439981497], [17.05984247726527, 51.13431211924643], [17.059641778110173, 51.13440596667115], [17.05942539185166, 51.13422754409869], [17.059225977361155, 51.13432705563059], [17.058846744361116, 51.134517892988114], [17.05887357283476, 51.134510011364924], [17.05887185943641, 51.13451051472445], [17.058822665896926, 51.13477128475178], [17.058740140940095, 51.13480943219753], [17.058926282462796, 51.13495603203301], [17.05875432455037, 51.135035950522024], [17.05858236586293, 51.135115877742145], [17.058757373843914, 51.13525491782073], [17.058801623205156, 51.13529017173674], [17.058934524354004, 51.13539404678875], [17.059109681139937, 51.13553289874255], [17.05916007146364, 51.13557606786208], [17.059283832681995, 51.13568119045564], [17.05933021809051, 51.13572246642945], [17.059502219556517, 51.13586905046217], [17.05951119336326, 51.13587676382329], [17.059233658566928, 51.13598032172152], [17.059259329921854, 51.13602770586162], [17.059292829912536, 51.13609064211866], [17.05930451862614, 51.1361131203448], [17.059338748709894, 51.1361774019165], [17.059389229024607, 51.13626892693322], [17.0593926462927, 51.13627584947228], [17.059375214365982, 51.13628285603454], [17.059418271457265, 51.13636701275396], [17.05946632694969, 51.13645342110543], [17.059510096191534, 51.13653559680435], [17.059554159946007, 51.13661805353249], [17.059598074188845, 51.13670014046497], [17.05964170696213, 51.136780615970586], [17.05968447980727, 51.13685911581325], [17.059729249016886, 51.13693923184522], [17.059747833071818, 51.13693249519272], [17.05978960949266, 51.13701152636147], [17.059810710273734, 51.137049020979674], [17.059834379346427, 51.13709092318424], [17.05981364756651, 51.13709927869905], [17.059861550402484, 51.13718694419561], [17.059911172975557, 51.137279999298755], [17.059954511015682, 51.13736307930297], [17.05999985188332, 51.137445348340556], [17.06005872900035, 51.13755485688036], [17.06010906876851, 51.137643593639496], [17.06012745796266, 51.137678836972846], [17.05983257869823, 51.13779234327385], [17.05985255283193, 51.13781356656554], [17.059947886436966, 51.13791302113893], [17.060131930317915, 51.13789700648896], [17.060348697770408, 51.137878126077666], [17.060533171817745, 51.13786202435667], [17.06055434587715, 51.13796072986573], [17.06056414472987, 51.13801512396858], [17.060600098818494, 51.13819105230942], [17.060606485562214, 51.138226289050685], [17.060619216087787, 51.13834746374066], [17.06063577876541, 51.138626940754385], [17.06063346899822, 51.13864006505133], [17.06062718104793, 51.138649948094894], [17.060614586014445, 51.13866009511595], [17.060604509923703, 51.138667934052606], [17.060598862416057, 51.1386723115915], [17.060577273544546, 51.13868273696273], [17.060548977715936, 51.13869341410264], [17.06083157102317, 51.138722212175935], [17.060837258017756, 51.13873983258361], [17.060843826569123, 51.13875485307547], [17.060863241318305, 51.138770588018396], [17.060875521935944, 51.1387780491439], [17.06085401302883, 51.13884087579879], [17.06086041403435, 51.13887683180698], [17.060548339626713, 51.13888748624193], [17.060601037739247, 51.13890872054803], [17.060649601859886, 51.138931575719674], [17.06067016404728, 51.138945692786045], [17.060702560566323, 51.13897447709605], [17.060710273988363, 51.13898166782693], [17.060698977214937, 51.13898769005084], [17.06042240662909, 51.13907745042408], [17.060325205608457, 51.139109229953334], [17.06039712030787, 51.13920031539548], [17.06043579211574, 51.13924941283318], [17.060363178548137, 51.13927158222604], [17.060355180515618, 51.13927418788915], [17.060074881120944, 51.13936449282092], [17.059953677278756, 51.13940587783838], [17.059948525106485, 51.13940767031197], [17.059825226050524, 51.13927009065839], [17.05954421203638, 51.13936668132173], [17.059596014136886, 51.13942639350632], [17.059728156640876, 51.13957953364035], [17.05975084626362, 51.1396056961035], [17.05975963345382, 51.139672577720866], [17.059836816138493, 51.13978218854173], [17.059885330248296, 51.13985115146395], [17.059891035429537, 51.13985942284036], [17.05984243504535, 51.13987279529804], [17.059920737501788, 51.14001243145162], [17.06045085244991, 51.139867896915284], [17.060086904497243, 51.13996712678759], [17.060321511791038, 51.14047196913653], [17.0604383936063, 51.140441162687424], [17.060450102057814, 51.14043811037556], [17.060652369257546, 51.140386507485076], [17.06072481470378, 51.14049522563386], [17.06073238671304, 51.14050798879811], [17.060802549653456, 51.14048977291421], [17.060856713319435, 51.14047831457493], [17.06098935675312, 51.14044863507776], [17.060856713319435, 51.140478314574935], [17.060896645102492, 51.14055201760102], [17.061081632970478, 51.140513921484775], [17.061240607954804, 51.14048238547569], [17.061235278158456, 51.14047038648201], [17.061290252207673, 51.1404584220379], [17.06126581405703, 51.14041624429813], [17.061558357913235, 51.140351619264095], [17.061610609139407, 51.140438698584425], [17.061853412891086, 51.14067278577929], [17.062005874059306, 51.1408040077219], [17.062080105996117, 51.140867773198245], [17.061622619805583, 51.14109455272497], [17.061525411568404, 51.14114484284619], [17.061479248741904, 51.14115776808234], [17.06123383147898, 51.14122651988265], [17.061123382282005, 51.14122081484243], [17.061089758856546, 51.14121907443859], [17.060858011417064, 51.14120707854355], [17.060848352087984, 51.141206578539595], [17.060831805422666, 51.14117762490548], [17.060805428762396, 51.141131682830974], [17.060797160773784, 51.14111729595019], [17.060518291356416, 51.14118944538089], [17.060518291356395, 51.14118944538089], [17.06038877223641, 51.14100457589239], [17.060432439021756, 51.140922437825374], [17.060379413319446, 51.140935532235176], [17.060391958245646, 51.1409644897444], [17.06036580408304, 51.140971669099265], [17.06033614933574, 51.14097895972621], [17.060299767490243, 51.14098790419839], [17.060318183880646, 51.141000763509254], [17.06044640185138, 51.141207476422075], [17.06042239082673, 51.14121537419783], [17.060428809745257, 51.141225808791205], [17.06042880974525, 51.141225808791205], [17.06042239082673, 51.141215374197834], [17.060322040747334, 51.14124859373734], [17.060254005710945, 51.141271033580566], [17.060253976675707, 51.14127104107151], [17.06021054950913, 51.14128224506576], [17.059909096958172, 51.141360135747135], [17.059796215474847, 51.141118908478404], [17.05966904989178, 51.141149963790674], [17.05982388337265, 51.141392350237304], [17.05984472425131, 51.14155316987119], [17.059720384893755, 51.14176873917226], [17.059717601405072, 51.141770702533904], [17.05955240143268, 51.14164805573057], [17.059326869153104, 51.14143707120716], [17.059201612936405, 51.14126343577015], [17.05910756865738, 51.14128658266681], [17.059142349341435, 51.141361206738424], [17.059273359750907, 51.141502040400034], [17.059219882721266, 51.14152744645285], [17.059075696321887, 51.141596122247456], [17.058991789938318, 51.141603787286975], [17.059004006150477, 51.141630268182915], [17.058684984091975, 51.14170193736284], [17.05869296441367, 51.14171919876047], [17.05872490004744, 51.141788244460386], [17.058397333666502, 51.141842206431456], [17.058423582545824, 51.14187466357082], [17.058462785417007, 51.1419566679709], [17.058510844183395, 51.14203678390627], [17.058567482077297, 51.14211456864617], [17.058666236065402, 51.142219697197106], [17.058543907725312, 51.14210377111616], [17.058753477004696, 51.14251009023171], [17.058801239889807, 51.14260269924433], [17.058782887654665, 51.142659051390275], [17.05915005344096, 51.14270660317651], [17.05980711798579, 51.14279177790441], [17.059917266696328, 51.14280612079629], [17.06014057259425, 51.14283445287972], [17.06041287386982, 51.14286883263499], [17.06043473946718, 51.14287162427576], [17.060665160190933, 51.14280081193986], [17.06087971926404, 51.142734834064534], [17.061094565323458, 51.14266876820412], [17.06116674259512, 51.14264651394687], [17.061168455197322, 51.1426522630785], [17.061310575948742, 51.14282285835319], [17.06149478151084, 51.14304857396305], [17.06151590716276, 51.14307447180144], [17.06153559737632, 51.143098569181525], [17.061555287610283, 51.143122666558355], [17.061575116923994, 51.14314695382985], [17.061595237390414, 51.143171683925736], [17.061615068750616, 51.14319587232064], [17.061634908952723, 51.143220330471834], [17.061654879596517, 51.14324469976974], [17.06167413775586, 51.143268263270954], [17.061694119084734, 51.14329281244015], [17.061714241499725, 51.14331745263395], [17.0617337908536, 51.143341458952804], [17.06175348293288, 51.14336547540284], [17.061773030504927, 51.14338957159682], [17.061792999471443, 51.14341403075287], [17.061812272059505, 51.14343759434602], [17.06183182333647, 51.143461510766855], [17.061851219096734, 51.143485345030165], [17.061871204256224, 51.14350971440585], [17.061892035727904, 51.1435353401246], [17.0622758833863, 51.14400565424205], [17.062424706857506, 51.14418793441867], [17.06256869426788, 51.144364197533534], [17.06258195580234, 51.14438046717501], [17.06266246726441, 51.144455564537274], [17.062759533226128, 51.14454595101331], [17.06285645667431, 51.14463633626445], [17.06295353768075, 51.14472672269514], [17.063050604775984, 51.14481710893135], [17.063147529356808, 51.14490749394302], [17.063244597207607, 51.144997880019424], [17.063341536832734, 51.14508826498596], [17.063438605439124, 51.145178650902515], [17.063526402510707, 51.14526039538762], [17.062934753372748, 51.14555132541334], [17.063014828828987, 51.145629026009], [17.06282895954601, 51.14572100195309], [17.063088228762187, 51.145940448262465], [17.063141621385654, 51.14598712757331], [17.063164314630477, 51.14600700561348], [17.063935285842938, 51.14564125975546], [17.06400771271769, 51.14566547311297], [17.063729183723098, 51.14580091988839], [17.06170276765404, 51.14678097380609], [17.059436226549177, 51.1478769069024], [17.05882521265852, 51.148173962175434], [17.057354504609577, 51.14888901927704], [17.05594184759706, 51.14957066258721], [17.055538997340324, 51.14976542473011], [17.054569310881643, 51.15023490362188], [17.054543204523352, 51.150193277405414], [17.053678214727796, 51.15057805892296], [17.0537564889294, 51.150648894615436], [17.053813668482505, 51.150625916985746], [17.053949625984277, 51.150571282885885], [17.0542782264355, 51.15042456872005], [17.054280771421624, 51.15042334153822], [17.054305604899593, 51.15041136588566], [17.054392319191493, 51.15036954695738], [17.05447976232648, 51.15032737606988], [17.054604656661095, 51.15026714473346], [17.05494663298065, 51.15010222225028], [17.054978169898387, 51.150087013113385], [17.05529943764359, 51.14993207516063], [17.055716588689258, 51.14973089204423], [17.056098120623837, 51.14954688413848], [17.05659558758553, 51.149306959791126], [17.056774003637507, 51.14922090903103], [17.056861762859764, 51.14917858339522], [17.057097107009618, 51.149065075699525], [17.05721482920026, 51.149008296008546], [17.05742396411949, 51.148907428855445], [17.057701487571467, 51.1487735747316], [17.05774342277034, 51.14875334791143], [17.057921047867946, 51.14866767558724], [17.05833460798592, 51.1484682045102], [17.058456524610754, 51.14840940051599], [17.05887632725693, 51.14820691321749], [17.0590754189188, 51.1481108832248], [17.05931416445189, 51.147995724573185], [17.059636104699194, 51.1478404367399], [17.059742104647256, 51.147789306430965], [17.059870559147857, 51.14772734512763], [17.06010365998274, 51.147614906502014], [17.060169498323486, 51.147583148427756], [17.060486412831327, 51.147430278334916], [17.060716758197294, 51.147319165698605], [17.06101741691949, 51.14717413472188], [17.061234290425705, 51.14706951848845], [17.06145004002691, 51.14696544389891], [17.061787715613455, 51.146802551639745], [17.06179930266662, 51.14679696224507], [17.0619318853548, 51.146733004636914], [17.062012636503923, 51.1466940502763], [17.06219898512583, 51.146604155176696], [17.062295631050603, 51.146557533163566], [17.062538437928726, 51.14644040121328], [17.06271999707373, 51.14635281498625], [17.062884843596365, 51.146273290413056], [17.06302190037815, 51.14620717215341], [17.063191661708622, 51.14612527550455], [17.06320123214964, 51.14612065867751], [17.06335411364045, 51.146046905136366], [17.063440683142662, 51.14600514218116], [17.063517768723344, 51.14596795355823], [17.063704511294794, 51.145877863245566], [17.06402466136871, 51.14572341203164], [17.064088540165383, 51.1456925943686], [17.06408854019815, 51.14569259435279], [17.06418754637123, 51.145644829121984], [17.06421134857269, 51.14563334653832], [17.064621334404393, 51.14543569722106], [17.064795154421486, 51.145351899737705], [17.064885008376002, 51.14530858160225], [17.065152179740334, 51.145181523909606], [17.06529925858834, 51.14511157710081], [17.0653357017493, 51.14509553688762], [17.06558474122611, 51.14498591791293], [17.065726606563622, 51.1449274437257], [17.06584152503418, 51.14488007567597], [17.06587200759542, 51.14486767882792], [17.06621900680906, 51.14472655551525], [17.066383636450066, 51.144659600774766], [17.066712898649296, 51.14452568792664], [17.06692279164624, 51.14444032327038], [17.066959386170304, 51.14442543982575], [17.06726876378523, 51.144300274603374], [17.06740689551918, 51.14424438998217], [17.067867485945257, 51.14405804351627], [17.068087206685522, 51.143969148462766], [17.068478472160812, 51.143810845891764], [17.068480642091114, 51.14380996780776], [17.06864722625743, 51.1437425696816], [17.06873753150501, 51.143706032161894], [17.06885837965561, 51.14365713698286], [17.069027551252933, 51.14358737396829], [17.069042774692864, 51.14358109632982], [17.06914515238855, 51.14353887785683], [17.06919384603992, 51.143519646438584], [17.06936515363377, 51.14345199092292], [17.069401859077445, 51.14343691432153], [17.069478301773913, 51.143405515870654], [17.069494575565447, 51.1433988078365], [17.069638575317676, 51.14333944963111], [17.069761985778474, 51.14328712098811], [17.069779384774947, 51.143279744046204], [17.069837759561526, 51.143254991519775], [17.06987430591787, 51.14323949548768], [17.06989475342979, 51.14323082489359], [17.06998765629252, 51.14318838110777], [17.070057471442922, 51.14315648459207], [17.07012356669218, 51.1431262880633], [17.07018439840804, 51.14309673556033], [17.07025644210929, 51.14306173724339], [17.070301828737513, 51.14303968779732], [17.070450995218607, 51.14296183755265], [17.070487800056355, 51.142942628870586], [17.07056327848304, 51.142903235665834], [17.070660211573365, 51.14284968792594], [17.07071411169311, 51.14281991196326], [17.07082743638842, 51.14275730872528], [17.070899583751405, 51.142717451944115], [17.07094211918691, 51.142693954744665], [17.070986596831215, 51.142669383414635], [17.070994559379898, 51.14266498511177], [17.07103121984282, 51.142645470363945], [17.071062797032962, 51.142628660661984], [17.071117654017257, 51.142599459358976], [17.071122399256577, 51.14259693320502], [17.071287177278798, 51.142504970811295], [17.071321989395482, 51.14248554197917], [17.071461559846302, 51.14240764751306], [17.07147852720235, 51.14239817770315], [17.071715770112604, 51.14226819842346], [17.071792897207647, 51.14222594262989], [17.071880382985135, 51.142178011133474], [17.07206835451841, 51.142073508676646], [17.072097324486272, 51.14205740347284], [17.07212632479998, 51.14204128052339], [17.072229018712218, 51.1419841876314], [17.072978404023974, 51.14159478499339], [17.07361944834054, 51.14127827485046], [17.07516131335046, 51.140659727611414], [17.075207438373855, 51.14064432813496], [17.075210107061658, 51.140643437183805], [17.075273892463322, 51.14062214219486], [17.07530988377005, 51.14061012715533], [17.075413587829384, 51.140575504534475], [17.0754577187679, 51.14056077060895], [17.075548644854088, 51.140530414016744], [17.075595501867195, 51.140514770261916], [17.075652715395293, 51.14049566912539], [17.07567620931162, 51.14048782617134], [17.075701077121664, 51.14047952301416], [17.075733906149967, 51.140468563405804], [17.07577754343615, 51.14045399446362], [17.075814891111076, 51.14044152522392], [17.075876414527492, 51.14042098463551], [17.075887747863355, 51.140417200556094], [17.075946399756578, 51.140397618908864], [17.075958229386877, 51.14039366973887], [17.075959623394088, 51.14039320430253], [17.076025875372338, 51.14037108466047], [17.076063220020735, 51.14035861711568], [17.07609769896545, 51.14034710589118], [17.076098367908948, 51.140346882839104], [17.07611364774536, 51.14035163769571], [17.0764585174076, 51.14045933604885], [17.076686210275714, 51.14053044023531], [17.076746786282268, 51.14054935706441], [17.077014201133714, 51.14063450492425], [17.077054383620197, 51.14064662450834], [17.077253836058773, 51.14070678459324], [17.07732200239794, 51.14072833743456], [17.0775622906268, 51.14080431006461], [17.077767047380497, 51.14086748936698], [17.07790669105348, 51.14091057736179], [17.07826508306819, 51.14102116105209], [17.07847341336439, 51.14108761792128], [17.07849434153686, 51.141094151967], [17.07873336708683, 51.14116877816666], [17.079133039975986, 51.14129355803102], [17.079328581773833, 51.14135460609989], [17.07983611458507, 51.14151305637559], [17.07991391548284, 51.1415373929693], [17.08002769913755, 51.14157298528865], [17.08009364707716, 51.14159361379936], [17.08022994156635, 51.14163624655181], [17.080341672141834, 51.141670976494424], [17.080535938430103, 51.14173136075457], [17.080630447065705, 51.1417607374496], [17.081609997524883, 51.14204024897195], [17.08161316653152, 51.14202638309487], [17.08162041051152, 51.14199469313273], [17.081622682790552, 51.141984751374906], [17.08163174190883, 51.141944983208546], [17.081633852099973, 51.14193571979298], [17.08164590276173, 51.14188281700784], [17.081646258176757, 51.14188125380669], [17.081654799203896, 51.1418437550449], [17.08165942648372, 51.141823446068955], [17.081672078316302, 51.14176789875941], [17.081696836877306, 51.1416592081744], [17.081702818004768, 51.141628498946204], [17.081703000956644, 51.14162756096729], [17.081711321033787, 51.141584843788145], [17.081716592658204, 51.141557769784704], [17.081728268397608, 51.141497824272214], [17.081751640586518, 51.141377821034524], [17.081755212531327, 51.14135732667221], [17.08176134177135, 51.14132217323476], [17.081792336946894, 51.14114436723675], [17.081818800782212, 51.14097597913815], [17.081829167965704, 51.140910018269956], [17.081839192071435, 51.140854218373526], [17.081844846629732, 51.14082274425078], [17.081877106423942, 51.140643034254474], [17.08188755361891, 51.14060897907486], [17.081926669913386, 51.14048147887602], [17.081997606767327, 51.14025025355634], [17.08200522738858, 51.140225411217614], [17.082027720900545, 51.140105833406885], [17.08204310422038, 51.140024050591734], [17.082050597454796, 51.139942726345495], [17.082053833142485, 51.13990761489991], [17.082056905046656, 51.139874276720214], [17.082061171645528, 51.139827966001846], [17.082060921400366, 51.13982523658598], [17.082045654426732, 51.13965877456185], [17.081922514372085, 51.13935388699266], [17.081862997744473, 51.13920652730558], [17.0816597858937, 51.13869429415985], [17.08132108994096, 51.13786902673071], [17.08100515036092, 51.13684458209498], [17.08059880736018, 51.135763203677904], [17.08016987872043, 51.13466759067284], [17.079786129329623, 51.13367157869821], [17.07931203551619, 51.132547495171174], [17.07892830129305, 51.1315799349479], [17.078680021758647, 51.13093963761621], [17.07858181787457, 51.13072638120982], [17.07855509262936, 51.13058774188211], [17.078523646421424, 51.130306353019414], [17.078492444440037, 51.12974452433924], [17.0784892769463, 51.1295836603247], [17.07833506895002, 51.127607545611795], [17.07795406713656, 51.12762349416798], [17.077950063491542, 51.127623665537556], [17.07345055775739, 51.12781625963134], [17.070638186114337, 51.12796013661428], [17.067768297181384, 51.12811349585027], [17.067761419605436, 51.12811386336965], [17.066039578602798, 51.12819263626878], [17.0643454464776, 51.128380535817314], [17.06178157258628, 51.12884727484869], [17.060456964541984, 51.12936631663698], [17.05940847297705, 51.129777163407255], [17.059284564352367, 51.12982571645237], [17.059005192104717, 51.129993266445865]], [[17.061250452246156, 51.14039157929527], [17.061542591097236, 51.14032648358903], [17.061250452246156, 51.140391579295276], [17.06098935675312, 51.14044863507776], [17.061250452246156, 51.14039157929527]], [[17.06435327656699, 51.140732851425376], [17.064235058185282, 51.140520568354546], [17.063978945740818, 51.1405772751284], [17.063957982844148, 51.14053483810431], [17.06395342213642, 51.1405257580328], [17.06382765654264, 51.14054754011695], [17.063799555034915, 51.14051256125456], [17.063637446407874, 51.14031411186088], [17.06355239992567, 51.14033771192674], [17.063465224631102, 51.14035987452206], [17.06340662809942, 51.140375047245236], [17.063376893657633, 51.14038123670967], [17.063286574544076, 51.14039844767626], [17.063134936211277, 51.14042625160803], [17.062937691446432, 51.140486834720754], [17.062873375803104, 51.140504963891885], [17.062730232636632, 51.14034822426715], [17.06253697375636, 51.14042013861683], [17.062341714451467, 51.14048989707729], [17.062144595980126, 51.14055758167801], [17.062040541690067, 51.14059178881291], [17.06194563611004, 51.140623021749015], [17.06190411827637, 51.14055909607569], [17.062068770302755, 51.14051818334217], [17.061895697562857, 51.14042039040744], [17.061852458653018, 51.140373000823296], [17.061724318450214, 51.14021159781299], [17.061604182700947, 51.14004731927006], [17.061494908655675, 51.139881608509604], [17.061414169270847, 51.13974917253943], [17.061430610708694, 51.13974243640436], [17.06149892780206, 51.139722155654454], [17.061507278191016, 51.13972049665239], [17.061944261355563, 51.13963605680243], [17.062027006812116, 51.139621617867284], [17.062044838946854, 51.13964356074407], [17.062129354622986, 51.13962003842339], [17.06224422114937, 51.13958809339671], [17.06228624297033, 51.13957633926942], [17.06237485485716, 51.13955093482222], [17.06255663965004, 51.13951550759189], [17.06284676282334, 51.139458555069936], [17.062858912235146, 51.13945487677658], [17.063073870425118, 51.139384493168045], [17.06353268138133, 51.13923582950696], [17.06353896229056, 51.13923403692416], [17.063536973372525, 51.13923134208757], [17.063872894599104, 51.139076065523085], [17.063961655203975, 51.13903403024324], [17.064318302723194, 51.13886769922017], [17.064532437191573, 51.138767829335826], [17.064880209133218, 51.13860562376923], [17.06510934190217, 51.13849884285766], [17.06518067495388, 51.13846561202832], [17.065342053409655, 51.138391694554755], [17.065524581772127, 51.13830564803283], [17.065571179255144, 51.13828373504289], [17.065583051930393, 51.13827816643288], [17.06559319526101, 51.13827332115491], [17.065663091462447, 51.13824044712711], [17.06579917657439, 51.13817641332231], [17.065884661859116, 51.13813293905066], [17.0659196870662, 51.13811514963088], [17.065930280468727, 51.13810711659806], [17.06571609846242, 51.13795761618504], [17.06580808264454, 51.13786045384684], [17.065861552124947, 51.137866184823444], [17.065905465605955, 51.137871030385234], [17.066005647991357, 51.13788450588214], [17.06607520933076, 51.137892972265426], [17.066218207358332, 51.137916138697626], [17.065956656701815, 51.138088808607975], [17.065985732313017, 51.13811376231291], [17.066066212300235, 51.138183076839184], [17.066150627296516, 51.1382556769768], [17.06622393172446, 51.13831945940827], [17.066294861917985, 51.13838052594732], [17.066509162801292, 51.138233817787814], [17.066603773994284, 51.13816930817202], [17.066772578916737, 51.13805361024208], [17.06698168131982, 51.13812707880646], [17.067044917159414, 51.13815377007363], [17.067129077699185, 51.13818943805513], [17.06713404235914, 51.138218199536], [17.067158776357072, 51.138201945792815], [17.067310178712873, 51.13810239749931], [17.06733491258701, 51.13808614371793], [17.067280333402174, 51.138090077412556], [17.067061094819913, 51.13799982578541], [17.06677057328505, 51.13790290099556], [17.06698842045892, 51.13764670852366], [17.06678903502885, 51.13757687739128], [17.0666969015308, 51.13755471988086], [17.066585918814873, 51.13751422582792], [17.066379402184996, 51.13743953661128], [17.066171729461313, 51.1373626892731], [17.065963641074315, 51.13728664731076], [17.06575668584622, 51.13721042524488], [17.065484321984993, 51.137109821677214], [17.06544689263409, 51.13709667639674], [17.06544076137257, 51.137094613723406], [17.06541705345273, 51.13708552453086], [17.065194385821012, 51.13700911297264], [17.065106257488726, 51.136979057355546], [17.06493529830477, 51.13692127164373], [17.064763909190876, 51.1368628619572], [17.064670356393417, 51.136829031931285], [17.064545395833967, 51.136766947892966], [17.064284778696297, 51.136641803859455], [17.064495453909768, 51.13641563790229], [17.064601415466573, 51.136465389084506], [17.064712240704768, 51.136514882407866], [17.06491160722476, 51.13660224675725], [17.065098124869625, 51.13667423465692], [17.065667532451524, 51.13690193484471], [17.06566854109797, 51.13690081020864], [17.06578793705797, 51.13694913040469], [17.06586263245048, 51.136984220285704], [17.06636625517808, 51.13714486826531], [17.066479956596297, 51.13718087143604], [17.0664925182553, 51.13718717455257], [17.066454614179847, 51.137231559475644], [17.066617568721398, 51.13729742368044], [17.066698978462274, 51.13732981577988], [17.066781249366628, 51.13736131573033], [17.06708575232746, 51.137473346752486], [17.067113604309277, 51.137483871043614], [17.067829917961713, 51.13770770713696], [17.067863922524406, 51.137708616430416], [17.06792226531457, 51.13767528938661], [17.068207640692307, 51.13749481313129], [17.06835179133648, 51.1373464009874], [17.068273224083406, 51.137352337520554], [17.068588978122918, 51.137013336409716], [17.068594459374385, 51.13701646350749], [17.068610693674348, 51.13707957417875], [17.068791619390836, 51.13688440260727], [17.068702337455335, 51.136833457597746], [17.06799919438294, 51.136432141489934], [17.067727721656404, 51.13627805291023], [17.06870549038502, 51.1355993135487], [17.068837010388247, 51.13550803721911], [17.069053030072137, 51.1356932804148], [17.069268064409865, 51.135875737561584], [17.06944547734527, 51.13610016423005], [17.069643652081236, 51.13641709731433], [17.069755744208752, 51.13648842275573], [17.069751310699285, 51.13649075176496], [17.069785602657305, 51.13651998013856], [17.069936483949284, 51.13664849134118], [17.06980327311977, 51.136707950116985], [17.069501367697207, 51.13701041393822], [17.06949435010836, 51.13701760374947], [17.069642767894685, 51.13705828497049], [17.069527167735036, 51.13722112947329], [17.06926148121451, 51.137134827432284], [17.069233019543983, 51.137170955003086], [17.069169162049032, 51.13714746926622], [17.069121805385937, 51.13721153902866], [17.069061864166663, 51.137293865432135], [17.069004205743624, 51.13737564362961], [17.068663173817725, 51.137267255192434], [17.068574732376145, 51.13735204228572], [17.068639683609753, 51.13737656187487], [17.06891694305628, 51.137481413178755], [17.069043325367108, 51.137569816492146], [17.069123424642704, 51.13763124197129], [17.069054470227176, 51.13772758338195], [17.07138759767656, 51.13844722432269], [17.071939702902938, 51.13861755535238], [17.07315419492174, 51.138994107164606], [17.07317290225252, 51.13901469783457], [17.073142163813905, 51.139024037180896], [17.072781003643748, 51.139126128347264], [17.071920102066002, 51.13947680844657], [17.07177354085145, 51.1394185971376], [17.07061399655651, 51.13887960253237], [17.070333564103578, 51.13874928044195], [17.07028756711194, 51.13872787007317], [17.070199574331532, 51.13869287510173], [17.069469497096843, 51.13844866351604], [17.06910295481002, 51.13830803437984], [17.06816513943274, 51.13801535187838], [17.067836263890268, 51.138108533579675], [17.06774210691222, 51.13810517607444], [17.067516558018234, 51.13819192584186], [17.067520683018774, 51.1382219481492], [17.06836798392216, 51.13874913754329], [17.068140143151165, 51.138828966215094], [17.067621478745128, 51.1385448323495], [17.067612701757348, 51.138540024840076], [17.067404701082943, 51.13866067036324], [17.06714165431648, 51.13881328409017], [17.067334662382393, 51.13900842416117], [17.06737225298258, 51.1389952304898], [17.067444338771168, 51.13907282847722], [17.06753081711783, 51.139042485790256], [17.06784672055813, 51.13937879808985], [17.06783200428458, 51.139384362243355], [17.067759528255554, 51.139411931094436], [17.068025041821762, 51.13969752624549], [17.06817475184474, 51.13988661142657], [17.06679569341118, 51.14021984668264], [17.06464075758521, 51.14074043684504], [17.064391216722562, 51.140800738993335], [17.06435327656699, 51.140732851425376]], [[17.0603326921397, 51.13376384323583], [17.060255795562753, 51.133802456162755], [17.060219471876785, 51.13382302924086], [17.060195733382855, 51.133845842979014], [17.06017809892153, 51.13390229107648], [17.060100011120486, 51.133972816554454], [17.059747212577186, 51.133769961038], [17.05977594686203, 51.13375514339009], [17.060235807755113, 51.13351803399924], [17.060238234554458, 51.13351884458908], [17.06029727062331, 51.133489383454226], [17.060295418901152, 51.13348839769362], [17.060669008230963, 51.133299658840414], [17.061393616242764, 51.1329335031597], [17.061650050151894, 51.132805426883365], [17.061483891032896, 51.13271026946791], [17.06158679680602, 51.13262895870076], [17.06159004788895, 51.13262361562839], [17.061606269456533, 51.132559931392954], [17.061590754178347, 51.13246986736748], [17.061588034387388, 51.13246080088409], [17.06160069400828, 51.1324171926967], [17.061606670790994, 51.1323687984605], [17.061646565129468, 51.132350505451726], [17.06172154195194, 51.13230417574856], [17.06179137650702, 51.13225162180775], [17.061861124601524, 51.132181577366644], [17.061905750395173, 51.13212106535832], [17.061931307303176, 51.13207967796455], [17.061936107215764, 51.13207101111728], [17.061923425620094, 51.13206610913889], [17.062385115183645, 51.13224457033012], [17.062545902513307, 51.13230765414289], [17.063056496542792, 51.13205016528046], [17.063098399653214, 51.131870950798486], [17.063347325576125, 51.13194961745316], [17.063373484340634, 51.13179080013279], [17.063964732949298, 51.131992038604636], [17.063926321097203, 51.13198177961526], [17.063893454492888, 51.13198203793701], [17.063861453802403, 51.13198822735708], [17.06383543636866, 51.13199881565302], [17.06375854363457, 51.13203752979526], [17.063285554897323, 51.13227543783209], [17.063352055219706, 51.13234225111412], [17.063374477547328, 51.13235754228873], [17.063405466675064, 51.13236888369699], [17.063421308024672, 51.132383897416126], [17.063469550379168, 51.132427335166135], [17.063453813564127, 51.13243964182087], [17.063452505335324, 51.13246193465239], [17.063466062262574, 51.13247757732515], [17.063581536815974, 51.13257640822528], [17.06361966997126, 51.13259764144991], [17.063807610107432, 51.13266692802409], [17.063686371498576, 51.13275416380467], [17.06360600290516, 51.13269057483644], [17.062942039160145, 51.133022880687534], [17.06268745799118, 51.132876080306986], [17.06266715254362, 51.13289243153766], [17.062591351652266, 51.132834056515456], [17.062528409498295, 51.1327855832342], [17.062482588064803, 51.13275032710193], [17.06242820027675, 51.13270841286526], [17.06192032665901, 51.132960149455506], [17.061698187232825, 51.13307394724534], [17.060881876897128, 51.133488101313475], [17.060371074999576, 51.13374459016562], [17.0603326921397, 51.13376384323583]], [[17.06163796348636, 51.13195595222206], [17.061676153765433, 51.1319108519449], [17.061637963486362, 51.13195595222206], [17.06163796348636, 51.13195595222206]], [[17.060748858223167, 51.132289324635785], [17.06074885951001, 51.13228932537275], [17.06074885822316, 51.13228932463579], [17.060748858223167, 51.132289324635785]], [[17.061340543288964, 51.13187402050185], [17.061366210989746, 51.13185110964457], [17.06150208723805, 51.131903530933315], [17.061366210989746, 51.13185110964458], [17.061340543288964, 51.13187402050185]], [[17.061109276162124, 51.132040041191615], [17.061009251231873, 51.13210959605648], [17.06095282554271, 51.1321488329545], [17.061109276162124, 51.132040041191615]], [[17.059956464774885, 51.13420115942545], [17.060192886874667, 51.13434641741291], [17.060132429097443, 51.134373358957916], [17.059949675855655, 51.13426317834582], [17.059895073494378, 51.13428814416519], [17.059956464774885, 51.13420115942545]], [[17.059099898413063, 51.134643133065616], [17.05909991755707, 51.13464312421622], [17.05909991755708, 51.134643124216225], [17.059099898413063, 51.134643133065616]], [[17.060708925968825, 51.139797865232815], [17.060713556275786, 51.1397965956678], [17.06107858883368, 51.13969680221137], [17.06071355627579, 51.1397965956678], [17.060708925968825, 51.139797865232815]], [[17.061431045900466, 51.141569367119594], [17.061416526247854, 51.141653950910005], [17.061416508087706, 51.14165395677996], [17.061416526247854, 51.14165395091], [17.061431045900466, 51.141569367119594]], [[17.060598690765556, 51.14184765583635], [17.06024219448491, 51.14195265846949], [17.060598690765556, 51.141847655836344], [17.060639496081436, 51.14190511269307], [17.060598690765556, 51.14184765583635]], [[17.06014088678146, 51.141957651704615], [17.060048024862102, 51.1419464594747], [17.05987734928535, 51.14187482469565], [17.059735713706697, 51.14178414936361], [17.05987734928535, 51.141874824695634], [17.060048024862102, 51.14194645947469], [17.060140886781465, 51.14195765170461], [17.06024219448491, 51.14195265846949], [17.06014088678146, 51.141957651704615]], [[17.06126079365789, 51.1414417643834], [17.06112338331665, 51.14122081650608], [17.06135443919705, 51.141592339715764], [17.06126079365789, 51.1414417643834]]]}}, {"type": "Feature", "properties": {"district": 2, "variant": "wariant-spojny-propozycja", "crs": "EPSG:4326"}, "geometry": {"type": "MultiPolygon", "coordinates": [[[[17.011361559328964, 51.13195622854155], [17.011987217121927, 51.13198282159994], [17.01221569606211, 51.13199526959438], [17.012728059326196, 51.13203501547339], [17.014612282559575, 51.13192891730837], [17.014646141993392, 51.13191961961316], [17.014678345006352, 51.131915647817564], [17.01482753511557, 51.131914342661915], [17.014872993252972, 51.13190853171677], [17.0159527058161, 51.13190851547826], [17.016257315876164, 51.13189377312536], [17.016527031418143, 51.13187585983887], [17.016652105845576, 51.13186168310159], [17.016726696890256, 51.13186121354329], [17.017550853242398, 51.13178951644171], [17.017764575116708, 51.13177967007997], [17.01795651097493, 51.13177845925028], [17.0181955904133, 51.131785581783205], [17.018416765323074, 51.13180898666459], [17.01888883379931, 51.131880748110966], [17.01917454340365, 51.13193666920549], [17.019498026484744, 51.13199478514829], [17.01985351029381, 51.13205243124911], [17.020142774586308, 51.13208024209774], [17.020696937745516, 51.13210845487406], [17.02101789942077, 51.13210555058584], [17.02128660256222, 51.132106433224266], [17.02191433643922, 51.132084473278034], [17.02237120516385, 51.1320638145724], [17.023146945100617, 51.13202619361383], [17.02414850368873, 51.13197141195167], [17.024372102315176, 51.13195252939802], [17.025994768666784, 51.131850798813865], [17.02724831619495, 51.13175759963152], [17.027830899785044, 51.13172718662529], [17.028075029761116, 51.131715650415416], [17.02867330140681, 51.13167154648081], [17.029053696352353, 51.13165360659852], [17.02951056829842, 51.13164537972005], [17.030264719295626, 51.131648084789596], [17.031130062605488, 51.13168254079749], [17.031315013638814, 51.131692810881866], [17.032135759742346, 51.131765212959515], [17.032503769259403, 51.13180595174472], [17.033082492554268, 51.131902765273196], [17.033476623412792, 51.131964635903095], [17.03381588558619, 51.132034978634465], [17.03505192488003, 51.13243028306642], [17.035258978456657, 51.13248190191346], [17.035466330881828, 51.13252262738912], [17.035612840344314, 51.13255884138915], [17.035737547400128, 51.1325765095645], [17.035748124861676, 51.13256257290942], [17.035815825392124, 51.132582908346954], [17.035797172157164, 51.13261346323334], [17.035847750927626, 51.132629926776495], [17.035970615938407, 51.1326928424507], [17.036315986958936, 51.132780398499186], [17.036518467707552, 51.13282464186103], [17.036725005524797, 51.13286000953662], [17.036971539446466, 51.13291097964035], [17.03725904252165, 51.132980247835924], [17.03795895324436, 51.13313680910573], [17.03918022254758, 51.13341455221483], [17.039327105099296, 51.133476439062896], [17.039324141664828, 51.133481538823624], [17.039976657789097, 51.13393029393166], [17.03951968706413, 51.133889270666835], [17.03923612334193, 51.13385970279043], [17.038972368815376, 51.13382780687555], [17.038757646019665, 51.133798929376454], [17.038095656002127, 51.13369814204009], [17.03780190392776, 51.133650156968], [17.037345106778634, 51.13356940132241], [17.036799914744794, 51.13346649353063], [17.03662995357311, 51.13342828092907], [17.0363202767258, 51.13337602569723], [17.03630758908947, 51.13337602003313], [17.036198504049775, 51.13335386952734], [17.036188377577275, 51.13337290707442], [17.036229444474323, 51.133381677815564], [17.03615040253458, 51.13359376665755], [17.035737374408246, 51.13368375542448], [17.035739868487532, 51.133734136052546], [17.03571566922679, 51.1337778060523], [17.035676587838655, 51.133821865743926], [17.035715497850504, 51.133973985939335], [17.036011746458243, 51.134010490067745], [17.03613703460282, 51.1342001437211], [17.03635612551843, 51.1345291906978], [17.036345580141088, 51.13460540800728], [17.036226135988123, 51.13451517441974], [17.03613845962075, 51.13457776599541], [17.03586521028218, 51.13453103280061], [17.035877647346886, 51.1354130115931], [17.035880030905307, 51.13558671138092], [17.035881812115953, 51.135711808123986], [17.035601918596882, 51.135719631721635], [17.03534543535988, 51.13573816564736], [17.03512352574264, 51.13576310621622], [17.035031078347217, 51.13576717988973], [17.034729477614583, 51.135764825792094], [17.03447561899221, 51.13575477439042], [17.034134182279374, 51.1357304607564], [17.033653312370916, 51.13572071698798], [17.03317610285532, 51.13571975742736], [17.03313382063782, 51.13571505687811], [17.032977620235467, 51.135651934547916], [17.03289067973152, 51.13570087449176], [17.032666867824442, 51.13583456951535], [17.032762064879602, 51.13589791590506], [17.033090776766443, 51.13583233066308], [17.03330397474514, 51.135811349304554], [17.033649721776417, 51.13581742500746], [17.033533781243314, 51.13594616070353], [17.033356176794637, 51.13595548044218], [17.03325829067788, 51.13596611515902], [17.03328341552388, 51.13598023883319], [17.033467415989495, 51.13608409789268], [17.03355871477571, 51.136171350861765], [17.0337497659196, 51.136430366253364], [17.033808159364963, 51.1365490626506], [17.03382656858867, 51.136654249863206], [17.03380783501528, 51.136754914071695], [17.033750526617027, 51.13685735416503], [17.03361460617887, 51.13697862525016], [17.033483056841828, 51.137036968763375], [17.033311566634037, 51.13707010762037], [17.033104366634344, 51.13708345243928], [17.03287429930243, 51.137112061007926], [17.032692795415816, 51.13714160119556], [17.03250277075039, 51.13714057770427], [17.032392235800074, 51.13746771369989], [17.0322663493525, 51.137567401171474], [17.03242041111113, 51.137719423388134], [17.032650237657784, 51.137848132651754], [17.032758790141152, 51.137871576531], [17.03278118288789, 51.13816077907502], [17.03281777844578, 51.13815666780385], [17.033001358721098, 51.13816335490583], [17.033179045835414, 51.13819700690801], [17.033337243842162, 51.13825562540917], [17.033228631745644, 51.13821538045094], [17.03217863272075, 51.13859328970789], [17.03199775193798, 51.13828989655886], [17.03181725171258, 51.13829081231663], [17.03173465740119, 51.138207513617964], [17.031297011453667, 51.137768538481474], [17.031201713262572, 51.13768604212232], [17.03096000502393, 51.137748342614096], [17.030979097771695, 51.1377762249066], [17.031402294227462, 51.13839615117078], [17.03164005703858, 51.13874455434021], [17.031671559885915, 51.1387905994792], [17.031699567548287, 51.138785140920554], [17.03205774885357, 51.138715631338776], [17.032119200638483, 51.13870371622204], [17.03216594356524, 51.13869476280209], [17.03221615562398, 51.13868451462336], [17.032622889719427, 51.13860150005664], [17.032884015708987, 51.1385482834284], [17.033029454379296, 51.13862972765423], [17.033185960646616, 51.1386212228364], [17.033114836854505, 51.138677521369964], [17.03314381902255, 51.138693807500914], [17.0333195455203, 51.13879064931299], [17.032640269620458, 51.139328807757344], [17.032487901469505, 51.13945095729654], [17.03247522202775, 51.13959882205908], [17.032384146733634, 51.13989710931121], [17.03200555656709, 51.139774333159764], [17.03163108959146, 51.14009660460696], [17.031769869862185, 51.14016447480495], [17.031804461261345, 51.14040585460434], [17.031686450992783, 51.14081918359493], [17.031663566546072, 51.14091849156277], [17.031879813097166, 51.14105078453985], [17.031773509441262, 51.14138196418541], [17.03193499144336, 51.141368324172944], [17.031520560079546, 51.1415674028921], [17.031466075257153, 51.14159379479169], [17.031374246562685, 51.141817640662225], [17.031055517737244, 51.14286358895813], [17.031176986632776, 51.14294160953145], [17.03140921911147, 51.14309026204293], [17.031336079178782, 51.14332984166559], [17.031260176345736, 51.143343632385395], [17.03116534414156, 51.14339534639219], [17.031223003208375, 51.143435207648544], [17.031459053023532, 51.14359824812483], [17.03144698331697, 51.14363823300164], [17.031429437355957, 51.14370088037006], [17.03142251618004, 51.14373044393387], [17.03141217883107, 51.143762082782835], [17.03143403738242, 51.14376514948049], [17.031419089637186, 51.143813587754714], [17.03139678923257, 51.143811146670195], [17.031387163831415, 51.14384359149119], [17.031386421803848, 51.1438544628165], [17.031340852935397, 51.14400984899494], [17.03133294925503, 51.14402899440613], [17.031314634672054, 51.14404641747451], [17.0313073128858, 51.144064390059896], [17.03111603842061, 51.144728533800794], [17.031084490407963, 51.14478891658899], [17.031032500725303, 51.14493620370524], [17.031025586583688, 51.144958584573686], [17.03084301603933, 51.144853277438756], [17.03103581101728, 51.14421979244172], [17.030918728641552, 51.144243355122065], [17.030761968165475, 51.14424396193882], [17.0305996585268, 51.1442318022036], [17.030459528854163, 51.144203968376395], [17.0299468170816, 51.14388329048242], [17.02993594619303, 51.143890562837505], [17.02987470729894, 51.14393150615066], [17.02983021946042, 51.14396077599011], [17.02973715228104, 51.14390362988106], [17.029779364061856, 51.1438745389678], [17.029841883174022, 51.14383251857641], [17.029853335223436, 51.14382479257874], [17.029517469076175, 51.143614579013104], [17.029464796704534, 51.14358163537407], [17.029450211396547, 51.14359089054199], [17.02938568946921, 51.14363164454365], [17.029341270873886, 51.14365965622276], [17.028573711493998, 51.14317937625065], [17.028210450520692, 51.14279538617347], [17.02812581161975, 51.1427386054473], [17.02798723813052, 51.14280434582842], [17.027783532013036, 51.14263238871143], [17.026981241187006, 51.141954756254655], [17.026755292101928, 51.14181337483059], [17.02686484333288, 51.14168563552105], [17.026633898998583, 51.141469283543564], [17.026533112462932, 51.14157437874583], [17.02636058600038, 51.141756268560194], [17.026234317848143, 51.14188785962166], [17.026514284110835, 51.142178047885885], [17.026599969413116, 51.14212786166232], [17.026824885907303, 51.142281020215144], [17.026652649947906, 51.14238039686356], [17.026670988254097, 51.1424346042458], [17.026588105198442, 51.14251256489237], [17.026406097829355, 51.1424113097496], [17.026066935160998, 51.14222247205457], [17.02600597702681, 51.142344403456086], [17.026908718653047, 51.142849072516015], [17.027603056174186, 51.14323142383093], [17.0284848378925, 51.14372114528172], [17.02935818847793, 51.14421103273902], [17.02974276368355, 51.14442668502402], [17.030457528548034, 51.14482468675921], [17.0304350997554, 51.14489792824294], [17.03014132388603, 51.14473214168035], [17.02986107391167, 51.14567393677988], [17.029042853295334, 51.14557653138538], [17.0285961105465, 51.145516420763535], [17.028522566959964, 51.145801572724594], [17.028816205156026, 51.14596987927818], [17.029286416715884, 51.146238617686144], [17.02963317002779, 51.14643689395706], [17.029704109105968, 51.14647810668409], [17.02980446156707, 51.146534989585696], [17.029816020413595, 51.14654946889483], [17.030043729766646, 51.14666909487464], [17.03025701215687, 51.146780887675924], [17.030147021681966, 51.14714287848731], [17.030115562340974, 51.147151840987675], [17.029879616683125, 51.14793144352027], [17.029738400904414, 51.1479501212555], [17.029697716979417, 51.148076564640135], [17.029769228948094, 51.14812056884991], [17.029615560765745, 51.14860962490534], [17.029491490982807, 51.14878040545602], [17.02925607380976, 51.14880224737335], [17.02875609484163, 51.14884869930435], [17.028599505398947, 51.14913791704744], [17.028524505010925, 51.14927637282328], [17.028483314258484, 51.149369558888054], [17.027601862278562, 51.14920114863639], [17.027284631624678, 51.14985787385221], [17.02742580124633, 51.149877755241256], [17.027540468036054, 51.149922964661585], [17.028258219402176, 51.15020638623735], [17.02834801033074, 51.15019000694027], [17.028632077183243, 51.150138096007545], [17.0288100461042, 51.14973546272367], [17.028713607858023, 51.14971857945061], [17.02879397908098, 51.14953671225043], [17.028890416979234, 51.14955359545587], [17.028903759066825, 51.14952331226552], [17.02892993041144, 51.14951578048674], [17.02899037265496, 51.14944031984834], [17.02916328239043, 51.14921789523664], [17.029050259275696, 51.149590206811624], [17.028916193408115, 51.15029354875328], [17.028897862666437, 51.15038989132199], [17.029246744178966, 51.15037640833124], [17.029230078440097, 51.150429654975405], [17.02923007873812, 51.15042965496863], [17.029291909542426, 51.15042824884977], [17.0294202650853, 51.15042611642632], [17.029488143262217, 51.15042498782367], [17.029652525298122, 51.15042225692868], [17.02965252611986, 51.15042225691503], [17.029934765286644, 51.15041756549831], [17.030010324452405, 51.15041630971669], [17.030262002438963, 51.15041212637899], [17.030400232290674, 51.15040982843172], [17.030585030132382, 51.150406755735055], [17.030642014399646, 51.15040580855696], [17.030752102392054, 51.15040397814933], [17.030861425424302, 51.15040216017795], [17.031139111806482, 51.15039754229985], [17.031244833080326, 51.15039578403126], [17.031738352869105, 51.15038757549197], [17.031808770312708, 51.150386403636226], [17.03234099815765, 51.150377547477774], [17.032402114546574, 51.15037653114631], [17.03285398467971, 51.15036900984237], [17.032980681351052, 51.1503669011475], [17.033194269831974, 51.150363344986395], [17.0331942702193, 51.150363344979944], [17.033238644109854, 51.15027287421397], [17.030825033993644, 51.15031437959351], [17.030739786605476, 51.15027287821867], [17.036713461430875, 51.150156648984684], [17.034765422893777, 51.14978622662102], [17.03514072667055, 51.149525279685605], [17.035292099158013, 51.14941787958774], [17.03561003116288, 51.149622948038456], [17.03583910495389, 51.14971488576346], [17.036671015528697, 51.149209753926726], [17.036024068069622, 51.14882046740983], [17.035721431600308, 51.14871284794438], [17.03548064382457, 51.14861812545882], [17.03461589116418, 51.14821259736736], [17.034483532518045, 51.14831030092436], [17.03446318362216, 51.14834094042669], [17.034457032908158, 51.14834596879585], [17.03432967846714, 51.14827576909618], [17.03431981031144, 51.14828223207641], [17.03417576384184, 51.14819485003748], [17.033889241581054, 51.148028449766066], [17.033882554325718, 51.14801262670408], [17.03380556854747, 51.14798965151192], [17.03377415285683, 51.1479712059504], [17.033566729383708, 51.147851952700876], [17.03345798927115, 51.14792324992322], [17.033131577992446, 51.147932094755404], [17.032747170397347, 51.14776508920166], [17.03222636424487, 51.14755887372609], [17.032811744888836, 51.147049814214164], [17.03341001049615, 51.14733068796812], [17.033428879031835, 51.14732782338279], [17.033760180963462, 51.1470565027032], [17.033769082623074, 51.14702855553734], [17.033703961634178, 51.14700486921926], [17.033771647837064, 51.14695430433095], [17.033768640370834, 51.14695322769783], [17.033827104950536, 51.146866529152064], [17.033899637121696, 51.14690010229561], [17.033936264310256, 51.14687289653901], [17.033970587592766, 51.146854041095864], [17.033997140324168, 51.14687194302578], [17.034004870451554, 51.146866559149515], [17.034211920636604, 51.146957662009356], [17.034224935699815, 51.14694832136932], [17.033229358101487, 51.146384500610296], [17.031228249492514, 51.14525311004578], [17.031258768682626, 51.14516610036802], [17.031288441277738, 51.145081295121614], [17.03162393906307, 51.14525672850669], [17.031834242024658, 51.14535710391963], [17.032061974635376, 51.14475679962836], [17.032054681951017, 51.14475562455832], [17.031785834521713, 51.144710311897185], [17.031774835154437, 51.1447107512292], [17.03172268659943, 51.144701815306526], [17.031713118594613, 51.14470009997864], [17.03148583718326, 51.1446640754372], [17.03145098104854, 51.14465857279827], [17.031491250711177, 51.14451944992547], [17.03150289253657, 51.144477384898394], [17.031557133411248, 51.14428047539196], [17.031607326174896, 51.144100109242075], [17.031606352182553, 51.14408860342199], [17.03163178565228, 51.14400484173478], [17.0318770955343, 51.14403422805772], [17.031857089836766, 51.14410926982319], [17.032739091176904, 51.14424066054029], [17.0325744020464, 51.14467112492877], [17.032514320350284, 51.14471351752987], [17.032695456434414, 51.14474402534461], [17.033095955324736, 51.143719721855405], [17.032891384693002, 51.14360992098544], [17.03324020376815, 51.143350639825776], [17.03325363076007, 51.143357798693856], [17.0336957300803, 51.14360604243824], [17.03398538327616, 51.143764890978346], [17.03432083357403, 51.14396591877489], [17.03461202866808, 51.144143548845975], [17.035061126309994, 51.14440847595661], [17.035355766868616, 51.14424694438753], [17.03547686583814, 51.1440867858103], [17.03509994416504, 51.14388401683322], [17.034872373639917, 51.144051054536654], [17.03376061607283, 51.14343678211131], [17.033067778714873, 51.14306077268071], [17.033238827396335, 51.14281724582646], [17.033666599455547, 51.14293077832114], [17.034132852884706, 51.14223524431664], [17.03372380141399, 51.142126767526015], [17.0333628892501, 51.14203098501614], [17.032962981395126, 51.141924846513014], [17.033177240903974, 51.14161702344781], [17.033196445221556, 51.14158908056319], [17.033390796050263, 51.141307207448826], [17.03299101859588, 51.14122453307046], [17.032928021161794, 51.14121110303998], [17.03293498738625, 51.14114512268569], [17.03293784837036, 51.141145667741974], [17.032954269783374, 51.140984861848516], [17.032957017732677, 51.140957987541555], [17.032959203298173, 51.14093614278754], [17.032962396891815, 51.140905038040515], [17.032943688122124, 51.14073487110668], [17.032943257535347, 51.14073154137615], [17.032941583419476, 51.140705655323615], [17.032990355607858, 51.140508016626306], [17.03308878230182, 51.14051985171648], [17.033124295290072, 51.14047735458308], [17.033150782036913, 51.14044555241962], [17.03320388607539, 51.14038185026748], [17.032783774399487, 51.14024415220668], [17.032722406582664, 51.14028546452424], [17.032787974209256, 51.14012181982537], [17.032819538969942, 51.140132176240385], [17.0328765080785, 51.14015090532784], [17.033190684305477, 51.14025312621994], [17.033506630652756, 51.139882631178374], [17.033470839493972, 51.139840632411165], [17.03309785358165, 51.13971077732391], [17.03305387459244, 51.139695463933556], [17.03296561816684, 51.139664762717935], [17.03309611657305, 51.13946079673888], [17.033169012607132, 51.13936007702721], [17.033265083618012, 51.13924238759298], [17.033573908338926, 51.13894227636866], [17.03370467932903, 51.13883180432707], [17.033848875273303, 51.13872439165004], [17.03427906280097, 51.13846084414675], [17.035533029760796, 51.13776687972353], [17.035575433902043, 51.137786404338975], [17.035906035273314, 51.13752627271013], [17.03617676553864, 51.13727347673528], [17.036222904385987, 51.13728519291989], [17.036310156348268, 51.1373139236751], [17.036391850853317, 51.13723621604096], [17.03645724809554, 51.13717396213683], [17.03637601247626, 51.13713903325393], [17.036538686356558, 51.13698496938035], [17.03674787241744, 51.137346476365614], [17.037187403190547, 51.13812098522666], [17.037711689217527, 51.13905138699159], [17.03792681108737, 51.13942931966841], [17.038568582253763, 51.14058718681337], [17.038530341156942, 51.14064361508823], [17.038976196265423, 51.140624382947955], [17.038826591687965, 51.140522541418825], [17.038677298551804, 51.14042087305788], [17.03861517075685, 51.14030982567982], [17.038553043256847, 51.140198778268264], [17.038903288710152, 51.14009787155522], [17.038951168620983, 51.140182129423174], [17.039001614809173, 51.140267370248914], [17.039131215794384, 51.14035598526032], [17.039284689424044, 51.14044561428687], [17.03937498917102, 51.140454563563836], [17.039466712768903, 51.14046307498266], [17.039475349547146, 51.140426315336924], [17.03981353392029, 51.14046041222987], [17.039811235641494, 51.1404692535423], [17.040145434236642, 51.14054594220372], [17.040131844756203, 51.14059975761802], [17.040357308840598, 51.140623542568434], [17.04067177816124, 51.14065672320936], [17.04065840495117, 51.1407145158151], [17.040396842939117, 51.14092369857133], [17.04028681312202, 51.14101163139891], [17.04034794640565, 51.141032350745], [17.040445475079455, 51.14093255684026], [17.040811729088073, 51.14101565893465], [17.040796529779065, 51.141048247239134], [17.040925786185245, 51.14104891631644], [17.040866081851153, 51.14110843732369], [17.041252697763777, 51.141219330187475], [17.041358815856107, 51.14124222467939], [17.041499776799117, 51.14128500205634], [17.041405404455237, 51.14141600777267], [17.04137633273496, 51.14145625884205], [17.04121111193167, 51.14140285445404], [17.041135940520537, 51.141494759587886], [17.041896607780874, 51.14180551764669], [17.041962744896082, 51.141730950964885], [17.04198363920215, 51.14170740744186], [17.04203317962475, 51.141641370785166], [17.042162913771072, 51.141469220919106], [17.042254719901436, 51.141337132805816], [17.042277918999243, 51.14130371050677], [17.04240879140986, 51.141117896437464], [17.04243314615464, 51.14107557483278], [17.042484113917947, 51.14082167511169], [17.042526782901568, 51.14075752374656], [17.042559823408723, 51.140742260131574], [17.042579708500387, 51.14071772836727], [17.04261997782184, 51.14054436012058], [17.042658531050115, 51.14037449275943], [17.04266887155699, 51.14033054612571], [17.042675489089895, 51.14030492586993], [17.04271142393438, 51.140153852378575], [17.04272119676259, 51.1401138565359], [17.042760153550795, 51.13995415073274], [17.04282986872865, 51.1396621443352], [17.04283606633113, 51.139631944901836], [17.04289987949114, 51.13947880713651], [17.042915938671943, 51.13944438236111], [17.042968975740642, 51.13933276044751], [17.043095050783162, 51.13911178376985], [17.04320005507184, 51.13893259823906], [17.043216820449516, 51.138903393192514], [17.04322064147747, 51.13889620576638], [17.04326195570473, 51.13881864846449], [17.043280001778566, 51.13878486017623], [17.043298375865998, 51.13872967022074], [17.043322251429814, 51.13862954107447], [17.04334596787083, 51.13852950051681], [17.04364947396644, 51.13851314046356], [17.043597920829104, 51.13859041640107], [17.043528303212064, 51.13870652368565], [17.043442809775286, 51.13884266485584], [17.043365258312075, 51.138969944206615], [17.043343975470925, 51.13900477579861], [17.04327321756666, 51.13911791600612], [17.043228814391398, 51.139189353058995], [17.043205177935555, 51.13922673640914], [17.043186981646404, 51.13925602863235], [17.04311836055092, 51.1393742923437], [17.043061909964155, 51.13947547638409], [17.043022198224225, 51.13956256675602], [17.042993510938228, 51.13963203772455], [17.04297846015219, 51.139674363669414], [17.04296927087008, 51.1397020484973], [17.042939237013478, 51.13982212013247], [17.042909347150392, 51.1399428222115], [17.04288203144941, 51.140054438837346], [17.04285643141175, 51.14016669877113], [17.04284837893655, 51.14020228579893], [17.042840330562754, 51.14023698288476], [17.042806539419033, 51.14038806496781], [17.042763383649298, 51.14058219371241], [17.042730309779962, 51.14072689898994], [17.042703908054097, 51.14089308118824], [17.042661741426997, 51.14100065670476], [17.042651443253185, 51.141012151068324], [17.042562124500094, 51.141112508438816], [17.042490239396884, 51.14121978666209], [17.04238469604811, 51.14137352640706], [17.042339583148944, 51.141439033119816], [17.0422921801201, 51.14150470984417], [17.042138104334896, 51.1417095625872], [17.042015824624453, 51.14186950261918], [17.041939986760756, 51.141928060218795], [17.041798036080678, 51.142086894968735], [17.041914589574386, 51.142075228362145], [17.04206455170097, 51.14214172153772], [17.04215348810203, 51.14228439638683], [17.042152461875183, 51.142285646532024], [17.040922741309203, 51.14378830969204], [17.041453904527962, 51.143775134363466], [17.041738000257208, 51.14376820305757], [17.042550648413826, 51.14377270996932], [17.042945744186156, 51.143310361287604], [17.04312118249113, 51.143331043583366], [17.043325776344748, 51.14335164946633], [17.043532366170982, 51.14337180385254], [17.043603952913678, 51.14337651550895], [17.043742970840594, 51.1433864800506], [17.04395429341665, 51.143401692126105], [17.044096596433906, 51.14340967841091], [17.04414788427565, 51.14341258771226], [17.044197612800293, 51.14341557414432], [17.044281065804704, 51.143418683317876], [17.04439736964315, 51.1434226991107], [17.044611411910825, 51.143430102243904], [17.044625706547368, 51.1434299313437], [17.044938199689778, 51.14343459612673], [17.04498808191859, 51.143434985472126], [17.045159547275713, 51.14343634050096], [17.045182123241215, 51.14343653379969], [17.04523528370795, 51.14343665314457], [17.04528530064938, 51.14343605460271], [17.04533102856837, 51.14343553789534], [17.04558309975653, 51.14343254299868], [17.045579824265648, 51.14352207104091], [17.045405203235525, 51.14352403501814], [17.045362333531962, 51.14352454811551], [17.0452367196728, 51.143526372464244], [17.04517670700276, 51.14352588254251], [17.045147842839548, 51.14352569184314], [17.044991091390166, 51.14352460976904], [17.0449339349886, 51.14352421496257], [17.044676728225593, 51.1435211973935], [17.04460470413393, 51.14352034836672], [17.04443595150449, 51.14351495137228], [17.044379082016263, 51.14351312029656], [17.04427135582203, 51.1435096420412], [17.044157755699104, 51.14350410200231], [17.043937009767852, 51.14349328111587], [17.043725114513286, 51.14347671588233], [17.04365367534539, 51.14347038737237], [17.043513380879318, 51.143459252622236], [17.04336965131996, 51.143445608466415], [17.043312777412996, 51.14344054056556], [17.043303778339798, 51.14343963990745], [17.04309618554927, 51.14341821836279], [17.042937442098076, 51.14359916642037], [17.04291911836517, 51.14362001627194], [17.04290737828451, 51.14363348556531], [17.04279115090514, 51.143766012544525], [17.042741027834783, 51.14383735761002], [17.042655445859957, 51.14383074193311], [17.042291066345072, 51.14382640132426], [17.04251089545305, 51.143882975069985], [17.0426537870754, 51.143884675177915], [17.043184574916985, 51.14392631671941], [17.043850228175327, 51.14399158651249], [17.04429143265479, 51.14403291313893], [17.044909554973657, 51.144058072269395], [17.04561356700894, 51.14408677874779], [17.046189147537866, 51.1440951958491], [17.046190930998915, 51.14404125459492], [17.046415139983594, 51.14404506955633], [17.046519882692305, 51.14404359518936], [17.046848407087026, 51.14403892844943], [17.04703417588518, 51.14403633397342], [17.047077042350995, 51.14403600002824], [17.04764805187229, 51.1440310950151], [17.048273982393145, 51.144007441268165], [17.04892428160992, 51.1440219006181], [17.048938999057334, 51.14402272148826], [17.049568705357554, 51.14405316417002], [17.050750794953778, 51.144127049085675], [17.051062005525655, 51.14414572888734], [17.05128569551667, 51.1436799477765], [17.051338429224067, 51.143571924572385], [17.05223002707387, 51.14364231426844], [17.052705396079382, 51.14368201614674], [17.052732346846, 51.14372751521539], [17.05274217792312, 51.14374433353697], [17.05289361999073, 51.1437751448793], [17.052865109110076, 51.143829606926836], [17.053024966096675, 51.143861960542196], [17.05311405749258, 51.143699924551065], [17.053277086003078, 51.14339420338717], [17.053302431040173, 51.14335124931181], [17.053328929500733, 51.14330919454058], [17.05335684653732, 51.14326695347314], [17.05339321142157, 51.14321483823803], [17.05341998271663, 51.14317969868237], [17.053452041661558, 51.143134776244416], [17.053535481374542, 51.14303791397606], [17.053573685238728, 51.14299928003765], [17.053617604627433, 51.14295579298479], [17.05369099950143, 51.142892362680065], [17.053801002607603, 51.14280261019528], [17.053889959385117, 51.142736402011344], [17.054030396947425, 51.1426440637694], [17.054136216070727, 51.14258415867281], [17.054332110451696, 51.14248716244152], [17.05444648607049, 51.1424357944851], [17.054503525529526, 51.14241317023628], [17.05467697965267, 51.14232677957624], [17.054802459356083, 51.14230895145318], [17.05528795448813, 51.14216005925547], [17.05555897569477, 51.14210203554772], [17.05610764936593, 51.14198446658371], [17.05610892256397, 51.14199210905851], [17.05652254693195, 51.14190189136126], [17.056683725363055, 51.142151763837454], [17.056844173510513, 51.14240038961763], [17.057047315053737, 51.142428538040754], [17.05731519881593, 51.14246417492598], [17.057590500932893, 51.14250116547913], [17.057855168263284, 51.14253689207244], [17.05802039398496, 51.14255818891055], [17.058188118033964, 51.14258172607212], [17.058502710158134, 51.14262277953295], [17.058705877824647, 51.14264903745592], [17.058782887654665, 51.142659051390275], [17.058801239889807, 51.14260269924433], [17.058753477004696, 51.14251009023171], [17.058543907725312, 51.14210377111616], [17.058666236065402, 51.142219697197106], [17.058567482077297, 51.14211456864617], [17.058510844183395, 51.14203678390627], [17.058462785417007, 51.1419566679709], [17.058423582545824, 51.14187466357082], [17.058397333666502, 51.141842206431456], [17.05872490004744, 51.141788244460386], [17.05869296441367, 51.14171919876047], [17.058684984091975, 51.14170193736284], [17.059004006150477, 51.141630268182915], [17.058991790004608, 51.14160378728092], [17.05907569657125, 51.141596122224676], [17.059219882721266, 51.141527446452855], [17.059142349341435, 51.141361206738424], [17.05910756865738, 51.14128658266681], [17.059201612936405, 51.14126343577015], [17.059326869153104, 51.14143707120716], [17.05955240143268, 51.14164805573056], [17.059717601371943, 51.141770702557274], [17.059720384893755, 51.14176873917226], [17.05984472425131, 51.14155316987119], [17.05982388337265, 51.141392350237304], [17.05966904989178, 51.141149963790674], [17.059649291497756, 51.14115478900371], [17.059796215474847, 51.14111890847841], [17.059909096958172, 51.14136013574714], [17.06021054950913, 51.14128224506576], [17.060254005710945, 51.141271033580566], [17.060322040747334, 51.14124859373734], [17.06042239082673, 51.141215374197834], [17.06044640185138, 51.14120747642209], [17.060318183880646, 51.14100076350925], [17.060299767490243, 51.140987904198404], [17.060365804083037, 51.14097166909927], [17.060391958245646, 51.140964489744405], [17.060379413319446, 51.14093553223518], [17.060432439021756, 51.14092243782538], [17.06038877223641, 51.141004575892396], [17.060518291356395, 51.141189445380896], [17.060797160773784, 51.14111729595019], [17.060805428762396, 51.141131682830974], [17.060831805422666, 51.14117762490548], [17.060848352087984, 51.141206578539595], [17.061123382282002, 51.14122081484243], [17.06123383147898, 51.14122651988265], [17.061479248741904, 51.14115776808234], [17.061525411568404, 51.14114484284619], [17.061622619805583, 51.14109455272497], [17.062080105996117, 51.140867773198245], [17.062005874059306, 51.1408040077219], [17.061853412891086, 51.14067278577929], [17.061610609139407, 51.140438698584425], [17.061558357913235, 51.140351619264095], [17.06126581405703, 51.14041624429813], [17.061290252207673, 51.1404584220379], [17.061235278158456, 51.14047038648201], [17.061240607954804, 51.14048238547569], [17.061081632970478, 51.140513921484775], [17.060896645102492, 51.14055201760102], [17.060856713319435, 51.140478314574935], [17.060802549653456, 51.140489772914215], [17.06073238671304, 51.140507988798106], [17.06072481470378, 51.14049522563388], [17.060652369257543, 51.140386507485076], [17.060450102057814, 51.14043811037556], [17.0604383936063, 51.14044116268743], [17.06032151177477, 51.14047196910152], [17.060086904497243, 51.13996712678759], [17.059920737501788, 51.14001243145161], [17.05984243504535, 51.13987279529803], [17.059891035429537, 51.13985942284036], [17.059885330248296, 51.13985115146395], [17.059836816138493, 51.13978218854173], [17.05975963345382, 51.139672577720866], [17.05975084626362, 51.1396056961035], [17.059728156640876, 51.13957953364035], [17.059596014136886, 51.13942639350632], [17.05954421203638, 51.13936668132173], [17.059825226050524, 51.13927009065839], [17.059948525106485, 51.13940767031197], [17.059953677278756, 51.13940587783838], [17.060074881120944, 51.13936449282092], [17.060355180515618, 51.13927418788915], [17.060363178548137, 51.13927158222604], [17.06043579211574, 51.13924941283318], [17.06039712030787, 51.13920031539548], [17.060325205608457, 51.139109229953334], [17.06042240662909, 51.13907745042408], [17.060698977214937, 51.13898769005084], [17.060710273988363, 51.13898166782693], [17.060702560566323, 51.13897447709605], [17.06067016404728, 51.138945692786045], [17.060649601859886, 51.138931575719674], [17.060601037739247, 51.13890872054803], [17.060548339626713, 51.13888748624193], [17.06086041403435, 51.13887683180698], [17.06085401302883, 51.13884087579879], [17.060875521935944, 51.1387780491439], [17.060863241318305, 51.138770588018396], [17.060843826569123, 51.13875485307547], [17.060837258017756, 51.13873983258361], [17.06083157102317, 51.138722212175935], [17.060548977715936, 51.13869341410264], [17.060577273544546, 51.13868273696273], [17.060598862416057, 51.1386723115915], [17.060604509923703, 51.138667934052606], [17.060614586014445, 51.13866009511595], [17.06062718104793, 51.138649948094894], [17.06063346899822, 51.13864006505133], [17.06063577876541, 51.138626940754385], [17.060619216087787, 51.13834746374066], [17.060606485562214, 51.138226289050685], [17.060600098818494, 51.13819105230942], [17.06056414472987, 51.13801512396858], [17.06055434587715, 51.13796072986573], [17.060533171817745, 51.13786202435667], [17.060348697770408, 51.137878126077666], [17.060131930317915, 51.13789700648896], [17.059947886436966, 51.13791302113893], [17.05985255283193, 51.13781356656554], [17.05983257869823, 51.13779234327385], [17.06012745796266, 51.137678836972846], [17.06010906876851, 51.137643593639496], [17.06005872900035, 51.13755485688036], [17.05999985188332, 51.137445348340556], [17.059954511015682, 51.13736307930297], [17.059911172975557, 51.137279999298755], [17.059861550402484, 51.13718694419561], [17.05981364756651, 51.13709927869905], [17.059834379346427, 51.13709092318424], [17.059810710273734, 51.137049020979674], [17.05978960949266, 51.13701152636147], [17.059747833071818, 51.13693249519272], [17.059729249016886, 51.13693923184522], [17.05968447980727, 51.13685911581325], [17.05964170696213, 51.136780615970586], [17.059598074188845, 51.13670014046497], [17.059554159946007, 51.13661805353249], [17.059510096191534, 51.13653559680435], [17.05946632694969, 51.13645342110543], [17.059418271457265, 51.13636701275396], [17.059375214365982, 51.13628285603454], [17.0593926462927, 51.13627584947228], [17.059389229024607, 51.13626892693322], [17.059338748709894, 51.1361774019165], [17.05930451862614, 51.1361131203448], [17.059292829912536, 51.13609064211866], [17.059259329921854, 51.13602770586162], [17.059233658566928, 51.13598032172152], [17.05951119336326, 51.13587676382329], [17.059502219556517, 51.13586905046217], [17.05933021809051, 51.13572246642945], [17.059283832681995, 51.13568119045564], [17.05916007146364, 51.13557606786208], [17.059109681139937, 51.13553289874255], [17.058934524354004, 51.13539404678875], [17.058801623205156, 51.13529017173674], [17.058757373843914, 51.13525491782073], [17.05858236586293, 51.135115877742145], [17.05875432455037, 51.135035950522024], [17.058926282462796, 51.13495603203301], [17.058740140940095, 51.13480943219753], [17.058555998321914, 51.13466436739992], [17.058740140940095, 51.13480943219752], [17.058822665854397, 51.134771284977234], [17.05887185943641, 51.13451051472445], [17.058846744361116, 51.134517892988114], [17.059225977361155, 51.13432705563059], [17.05942539185166, 51.13422754409869], [17.059641778110173, 51.13440596667115], [17.05984247726527, 51.13431211924643], [17.059655792805252, 51.13414439981497], [17.059632523066494, 51.13412371632014], [17.059412016297788, 51.133929456783044], [17.0591389009862, 51.1337598816678], [17.059020271641245, 51.13368513122623], [17.058903913995227, 51.1336118103173], [17.058716178656525, 51.1334946746176], [17.058696768995457, 51.1334823464127], [17.05852986588743, 51.13337789167025], [17.05833771630908, 51.133259407328495], [17.05814727457916, 51.13313849123641], [17.05795968724983, 51.13302269495151], [17.05778908984175, 51.13291598893304], [17.057667312869306, 51.13284096002649], [17.056997643500914, 51.13242143597896], [17.056916008114477, 51.13246750587491], [17.05683864367097, 51.132416135403574], [17.056686048391498, 51.132315290351215], [17.056788710178047, 51.13225052991819], [17.05671917348529, 51.13220698955383], [17.05675450166519, 51.13218129441727], [17.05692718973308, 51.13208341443141], [17.05687052639305, 51.13204828440257], [17.05644406926701, 51.131781249922064], [17.05623515578813, 51.13165456090412], [17.056166253138162, 51.13169588440225], [17.055254564192975, 51.13224261347201], [17.053163734137332, 51.13322871446931], [17.053061196523107, 51.13327063273381], [17.05293656948429, 51.13331834924438], [17.05247326086721, 51.13349117106174], [17.052205784857634, 51.1335755343983], [17.051919125765078, 51.13365482157679], [17.051578404530574, 51.13373874429262], [17.051132175348727, 51.13383933983517], [17.050729467771966, 51.13391943186462], [17.05026039670283, 51.13400226840775], [17.049714488885748, 51.134098546649895], [17.049385799318507, 51.13414977999847], [17.04887052070014, 51.13420529698519], [17.04869010857481, 51.13422184663034], [17.04818385624047, 51.13425662477628], [17.0478628563742, 51.13426834219624], [17.047535892680024, 51.13427275461749], [17.046841311655523, 51.134281321799946], [17.04657909300144, 51.13427598494391], [17.045942423386037, 51.13426043309744], [17.045103927061447, 51.134208562327956], [17.044798708338988, 51.134188828533006], [17.04450315658633, 51.13416393734894], [17.044088620725308, 51.13413429727193], [17.043774489909364, 51.13408634045259], [17.0434948148604, 51.1340483158933], [17.04303279722134, 51.133976623858636], [17.042669453349067, 51.13392242796429], [17.042342321040834, 51.13386214211957], [17.041776622583722, 51.13374480779019], [17.04155770399839, 51.133691887892006], [17.041248353504486, 51.13361966170936], [17.04097735401428, 51.13354518535635], [17.040594474470836, 51.13344884739234], [17.038793901052713, 51.132996039295506], [17.03665719827777, 51.13250391627924], [17.032716556972947, 51.13159618248881], [17.028643870426116, 51.131420611731876], [17.020680236623143, 51.13178905231502], [17.018507246273522, 51.13138422540665], [17.01411320067248, 51.13172619740933], [17.011888667290147, 51.131635837958164], [17.006370445867702, 51.13141150011221], [17.006008026015174, 51.13152428297229], [17.005617396216596, 51.131649163905685], [17.005737495544977, 51.13165854544666], [17.00593288408964, 51.13166820728061], [17.006218406717334, 51.13168546692238], [17.006532462758198, 51.13170467630407], [17.007178678973105, 51.13174504416842], [17.00781187363617, 51.131779724381545], [17.008598818243005, 51.13182037930586], [17.009172709371974, 51.13185562814555], [17.010242309230666, 51.13190756624994], [17.010803216146787, 51.13193541555181], [17.011361559328964, 51.13195622854155]], [[17.05907954383751, 51.14129367476833], [17.058872732105797, 51.14134570583821], [17.05907954383751, 51.14129367476832], [17.059142349341435, 51.141361206738424], [17.05907954383751, 51.14129367476833]], [[17.033518980769163, 51.13836389573437], [17.03351898076916, 51.13836389573438], [17.033428122261107, 51.13830976426065], [17.033518980769163, 51.13836389573437]], [[17.040225281516477, 51.140218329663945], [17.04021809174592, 51.14024736115455], [17.040225281516477, 51.14021832966394], [17.04024580168131, 51.140134660498184], [17.040225281516477, 51.140218329663945]], [[17.041015210192153, 51.14095976689297], [17.041064205804137, 51.14096626360804], [17.041124794185038, 51.1406980778832], [17.04112479418504, 51.1406980778832], [17.041064205804137, 51.14096626360805], [17.041015210192153, 51.140959766892976], [17.04101520565914, 51.14095977141207], [17.041015210192153, 51.14095976689297]], [[17.040833445650552, 51.140969000992406], [17.040822587369316, 51.140992329963524], [17.040833445650552, 51.1409690009924], [17.040900796230638, 51.140677983202885], [17.04090079623064, 51.140677983202885], [17.040833445650552, 51.140969000992406]], [[17.059701644873076, 51.140639746835845], [17.059885667105014, 51.1405915674647], [17.060263733296622, 51.14048719771062], [17.059885667105014, 51.14059156746471], [17.059701644873076, 51.140639746835845]], [[17.05955524211003, 51.14067839376647], [17.05949498215154, 51.14069436073569], [17.059555242110033, 51.14067839376646], [17.059701644873076, 51.140639746835845], [17.05955524211003, 51.14067839376647]], [[17.059449787088436, 51.14070617772813], [17.05943685946549, 51.14070944487692], [17.059378586953986, 51.14062210488], [17.05943685946549, 51.14070944487691], [17.059449787088436, 51.14070617772813]], [[17.05902402131711, 51.14009265338026], [17.059024021317107, 51.14009265338025], [17.059149799978815, 51.140057382985106], [17.05902402131711, 51.14009265338026]], [[17.059272596897973, 51.14046357076545], [17.05923699983915, 51.14041046029592], [17.059120454702544, 51.140236562187276], [17.059236999839154, 51.14041046029592], [17.059272596897973, 51.14046357076545]], [[17.059657979389115, 51.14146678854485], [17.059744245555855, 51.14145282413156], [17.059773574978667, 51.14142020281137], [17.05974424555586, 51.14145282413157], [17.059657979389115, 51.14146678854485]], [[17.059649281521818, 51.141154791439945], [17.05964928152182, 51.141154791439945], [17.059773574978667, 51.14142020281137], [17.059649281521818, 51.141154791439945]]], [[[17.031462089974085, 51.13896529586694], [17.03153654279998, 51.13887294143629], [17.03150118683216, 51.13882392473675], [17.031514055710918, 51.138819437592616], [17.031587226682827, 51.13880609156033], [17.031671559885915, 51.1387905994792], [17.03164005703858, 51.138744554340214], [17.031402294227462, 51.13839615117078], [17.031101191314523, 51.138775375698046], [17.031462089974085, 51.13896529586694]]], [[[17.05797125870439, 51.14701711660385], [17.057455059882972, 51.14726234806108], [17.05737497721264, 51.14719444229536], [17.057078688685177, 51.14733380244591], [17.05639702991233, 51.146632319132536], [17.056631599407112, 51.14646999782708], [17.056395737695315, 51.14629198838487], [17.05630565896398, 51.146324747977594], [17.056271056757964, 51.14634162998199], [17.05596173012977, 51.14652261196447], [17.05570324212005, 51.146722306477024], [17.055495016613914, 51.14684292003696], [17.055297428744296, 51.14657404465213], [17.054855245592005, 51.14670982944603], [17.054120190165364, 51.14665937955596], [17.05408975858902, 51.1468742013091], [17.054049698995957, 51.14690070237166], [17.05399166104715, 51.146922248556585], [17.053821989533656, 51.14695064972747], [17.05343701700914, 51.146822003592554], [17.05342197804328, 51.14685012729299], [17.052425486135274, 51.14663585414996], [17.052381044305474, 51.146628554092835], [17.05207372281139, 51.146687094336286], [17.05188958758146, 51.14674129258194], [17.05164267524839, 51.1468201704754], [17.051363788016026, 51.146874768222126], [17.051333950087667, 51.14695403948201], [17.051453485495443, 51.14784040649124], [17.05170577081672, 51.14822283035071], [17.052106889432384, 51.14857459168992], [17.052476992518592, 51.14892246854989], [17.052875008207565, 51.14935098242944], [17.053230442883663, 51.14978693524741], [17.053678214727796, 51.15057805892296], [17.054543204523352, 51.150193277405414], [17.054569310881643, 51.15023490362188], [17.055538997340324, 51.14976542473011], [17.05594184759706, 51.14957066258721], [17.057354504609577, 51.14888901927704], [17.05882521265852, 51.148173962175434], [17.05797125870439, 51.14701711660385]]], [[[17.056683725363055, 51.14215176383746], [17.05652254693195, 51.14190189136126], [17.05610892256397, 51.14199210905852], [17.05616127346754, 51.142308634043665], [17.056844173510513, 51.14240038961763], [17.056683725363055, 51.14215176383746]]], [[[17.059219882721266, 51.14152744645285], [17.059273359750907, 51.141502040400034], [17.059142349341435, 51.141361206738424], [17.059219882721266, 51.14152744645285]]], [[[17.062385115183645, 51.132244570330116], [17.061936107215764, 51.13207101111728], [17.061931307303176, 51.13207967796455], [17.061905750395173, 51.13212106535832], [17.061861124601524, 51.132181577366644], [17.06179137650702, 51.13225162180775], [17.06172154195194, 51.13230417574856], [17.061646565129468, 51.132350505451726], [17.061606670790994, 51.1323687984605], [17.06160069400828, 51.1324171926967], [17.061588034387388, 51.13246080088409], [17.061590754178347, 51.13246986736748], [17.061606269456533, 51.132559931392954], [17.06159004788895, 51.13262361562839], [17.06158679680602, 51.13262895870076], [17.061483890023073, 51.13271027026582], [17.061648028432106, 51.1328042690882], [17.061650050151894, 51.13280542688336], [17.06165005184616, 51.13280542603365], [17.061650050151894, 51.132805426883365], [17.061393616242764, 51.1329335031597], [17.060669008230963, 51.133299658840414], [17.060295418901152, 51.13348839769362], [17.06029727062331, 51.133489383454226], [17.060238234554458, 51.13351884458908], [17.060235807755113, 51.13351803399924], [17.05977594686203, 51.13375514339009], [17.059747212577186, 51.133769961038], [17.060100011120486, 51.133972816554454], [17.06017809892153, 51.13390229107648], [17.060195733382855, 51.133845842979014], [17.060219471876785, 51.13382302924086], [17.060255795562753, 51.133802456162755], [17.0603326921397, 51.13376384323583], [17.060371074999576, 51.13374459016562], [17.060881876897128, 51.133488101313475], [17.061698187232825, 51.13307394724534], [17.06192032665901, 51.132960149455506], [17.06242820027675, 51.13270841286526], [17.062482588064803, 51.13275032710193], [17.062528409498295, 51.1327855832342], [17.062591351652266, 51.132834056515456], [17.06266715254362, 51.13289243153766], [17.06268745799118, 51.132876080306986], [17.062942039160145, 51.133022880687534], [17.06360600290516, 51.13269057483644], [17.063686371498576, 51.13275416380467], [17.063807610107432, 51.13266692802409], [17.06361966997126, 51.13259764144991], [17.063581536815974, 51.13257640822528], [17.063466062262574, 51.13247757732515], [17.063452505335324, 51.13246193465239], [17.063453813564127, 51.13243964182087], [17.063469550379168, 51.132427335166135], [17.063421308024672, 51.132383897416126], [17.063405466675064, 51.13236888369699], [17.063374477547328, 51.13235754228873], [17.063352055219706, 51.13234225111412], [17.063285554897323, 51.13227543783209], [17.06375854363457, 51.13203752979526], [17.06383543636866, 51.13199881565302], [17.063861453802403, 51.13198822735708], [17.063893454492888, 51.13198203793701], [17.063926321097203, 51.13198177961526], [17.063964732949298, 51.131992038604636], [17.063373484340634, 51.13179080013279], [17.063347325576125, 51.13194961745316], [17.063098399653214, 51.131870950798486], [17.063056496542792, 51.13205016528046], [17.062545902513314, 51.132307654142885], [17.062545902513307, 51.132307654142885], [17.062385115183645, 51.132244570330116]], [[17.062599026370634, 51.13232853324614], [17.06259902994365, 51.13232853144599], [17.06259902994366, 51.13232853144599], [17.062599026370634, 51.13232853324614]], [[17.06197727747878, 51.13220070256802], [17.061970442590653, 51.132191801934255], [17.06194145150223, 51.13216931103071], [17.06192975229766, 51.132163553711244], [17.06194145150223, 51.1321693110307], [17.061970442590653, 51.13219180193425], [17.061977277478782, 51.13220070256802], [17.06197727747878, 51.13220070256802]], [[17.06188328792756, 51.13219886090023], [17.061883287927554, 51.13219886090023], [17.06192975229766, 51.132163553711244], [17.06188328792756, 51.13219886090023]]], [[[17.059956464774885, 51.13420115942545], [17.059895073494378, 51.13428814416519], [17.059949675855655, 51.13426317834582], [17.060132429097443, 51.134373358957916], [17.060192886874667, 51.13434641741291], [17.059956464774885, 51.13420115942545]]], [[[17.068207640692307, 51.13749481313129], [17.06792226531457, 51.13767528938661], [17.067863922524406, 51.137708616430416], [17.067829917961713, 51.13770770713696], [17.067113604309277, 51.137483871043614], [17.06708575232746, 51.137473346752486], [17.066781249366628, 51.13736131573033], [17.066698978462274, 51.13732981577988], [17.066617568721398, 51.13729742368044], [17.066454614179847, 51.137231559475644], [17.0664925182553, 51.13718717455257], [17.066479956596297, 51.13718087143604], [17.06636625517808, 51.13714486826531], [17.06586263245048, 51.136984220285704], [17.06578793705797, 51.13694913040469], [17.06566854109797, 51.13690081020864], [17.065667532451524, 51.13690193484471], [17.065098124869625, 51.13667423465692], [17.06491160722476, 51.13660224675725], [17.064712240704768, 51.136514882407866], [17.064601415466573, 51.136465389084506], [17.064495453909768, 51.13641563790229], [17.064284778696297, 51.136641803859455], [17.064545395833967, 51.136766947892966], [17.064670356393417, 51.136829031931285], [17.064763909190876, 51.1368628619572], [17.06493529830477, 51.13692127164373], [17.065106257488726, 51.136979057355546], [17.065194385821012, 51.13700911297264], [17.06541705345273, 51.13708552453086], [17.06544076137257, 51.137094613723406], [17.06544689263409, 51.13709667639674], [17.065484321984993, 51.137109821677214], [17.06575668584622, 51.13721042524488], [17.065963641074315, 51.13728664731076], [17.066171729461313, 51.1373626892731], [17.066379402184996, 51.13743953661128], [17.066585918814873, 51.13751422582792], [17.0666969015308, 51.13755471988086], [17.06678903502885, 51.13757687739128], [17.06698842045892, 51.13764670852366], [17.06677057328505, 51.13790290099556], [17.067061094819913, 51.13799982578541], [17.067280333402174, 51.138090077412556], [17.06733491258701, 51.13808614371793], [17.067310178712873, 51.13810239749931], [17.067158776357072, 51.138201945792815], [17.06713404235914, 51.138218199536], [17.067129077699185, 51.13818943805513], [17.067044917159414, 51.13815377007363], [17.06698168131982, 51.13812707880646], [17.066772578916737, 51.13805361024208], [17.066603773994284, 51.13816930817202], [17.066509162801292, 51.138233817787814], [17.066294861917985, 51.13838052594732], [17.06622393172446, 51.13831945940827], [17.066150627296516, 51.1382556769768], [17.066066212300235, 51.138183076839184], [17.065985732313017, 51.13811376231291], [17.065956656701815, 51.138088808607975], [17.066218207358332, 51.137916138697626], [17.06607520933076, 51.137892972265426], [17.066005647991357, 51.13788450588214], [17.065905465605955, 51.137871030385234], [17.065861552124947, 51.137866184823444], [17.06580808264454, 51.13786045384684], [17.06571609846242, 51.13795761618504], [17.065930280468727, 51.13810711659806], [17.0659196870662, 51.13811514963088], [17.065884661859116, 51.13813293905066], [17.06579917657439, 51.13817641332231], [17.065663091462447, 51.13824044712711], [17.06559319526101, 51.13827332115491], [17.065583051930393, 51.13827816643288], [17.065571179255144, 51.13828373504289], [17.065524581772127, 51.13830564803283], [17.065342053409655, 51.138391694554755], [17.06518067495388, 51.13846561202832], [17.06510934190217, 51.13849884285766], [17.064880209133218, 51.13860562376923], [17.064532437191573, 51.138767829335826], [17.064318302723194, 51.13886769922017], [17.063961655203975, 51.13903403024324], [17.063872894599104, 51.139076065523085], [17.063536973372525, 51.13923134208757], [17.06353896229056, 51.13923403692416], [17.06353268138133, 51.13923582950696], [17.063073870425118, 51.139384493168045], [17.062858912235146, 51.13945487677658], [17.06284676282334, 51.139458555069936], [17.06255663965004, 51.13951550759189], [17.06237485485716, 51.13955093482222], [17.06228624297033, 51.13957633926942], [17.06224422114937, 51.13958809339671], [17.062129354622986, 51.13962003842339], [17.062044838946854, 51.13964356074407], [17.062027006812116, 51.139621617867284], [17.061944261355563, 51.13963605680243], [17.061507278191016, 51.13972049665239], [17.06149892780206, 51.139722155654454], [17.061430610708694, 51.13974243640436], [17.061414169270847, 51.13974917253943], [17.061494908655675, 51.139881608509604], [17.061604182700947, 51.14004731927006], [17.061724318450214, 51.14021159781299], [17.061852458653018, 51.140373000823296], [17.061895697562857, 51.14042039040744], [17.062068770302755, 51.14051818334217], [17.06190411827637, 51.14055909607569], [17.06194563611004, 51.140623021749015], [17.062040541690067, 51.14059178881291], [17.062144595980126, 51.14055758167801], [17.062341714451467, 51.14048989707729], [17.06253697375636, 51.14042013861683], [17.062730232636632, 51.14034822426715], [17.062873375803104, 51.140504963891885], [17.062937691446432, 51.140486834720754], [17.063134936211277, 51.14042625160803], [17.063286574544076, 51.14039844767626], [17.063376893657633, 51.14038123670967], [17.06340662809942, 51.140375047245236], [17.063465224631102, 51.14035987452206], [17.06355239992567, 51.14033771192674], [17.063637446407874, 51.14031411186088], [17.063799555034915, 51.14051256125456], [17.06382765654264, 51.14054754011695], [17.06395342213642, 51.1405257580328], [17.063957982844148, 51.14053483810431], [17.063978945740818, 51.1405772751284], [17.064235058185282, 51.140520568354546], [17.06435327656699, 51.140732851425376], [17.064391216722562, 51.140800738993335], [17.06464075758521, 51.14074043684504], [17.06679569341118, 51.14021984668264], [17.06817475184474, 51.13988661142657], [17.068025041821762, 51.13969752624549], [17.067759528255554, 51.139411931094436], [17.06783200428458, 51.139384362243355], [17.06784672055813, 51.13937879808985], [17.06753081711783, 51.139042485790256], [17.067444338771168, 51.13907282847722], [17.06737225298258, 51.1389952304898], [17.067334662382393, 51.13900842416117], [17.06714165431648, 51.13881328409017], [17.067404701082943, 51.13866067036324], [17.067612701757348, 51.138540024840076], [17.067621478745128, 51.1385448323495], [17.068140143151165, 51.138828966215094], [17.06836798392216, 51.13874913754329], [17.067520683018774, 51.1382219481492], [17.067516558018234, 51.13819192584186], [17.06774210691222, 51.13810517607444], [17.067836263890268, 51.138108533579675], [17.06816513943274, 51.13801535187838], [17.06910295481002, 51.13830803437984], [17.069469497096843, 51.13844866351604], [17.070199574331532, 51.13869287510173], [17.07028756711194, 51.13872787007317], [17.070333564103578, 51.13874928044195], [17.07061399655651, 51.13887960253237], [17.07177354085145, 51.1394185971376], [17.071920102066002, 51.13947680844657], [17.072781003643748, 51.139126128347264], [17.073142163813905, 51.139024037180896], [17.07317290225252, 51.13901469783457], [17.07315419492174, 51.138994107164606], [17.071939702902938, 51.13861755535238], [17.07138759767656, 51.13844722432269], [17.069054470227176, 51.13772758338195], [17.069123424642704, 51.13763124197129], [17.069043325367108, 51.137569816492146], [17.06891694305628, 51.137481413178755], [17.068639683609753, 51.13737656187487], [17.068574732376145, 51.13735204228572], [17.068663173817725, 51.137267255192434], [17.069004205743624, 51.13737564362961], [17.069061864166663, 51.137293865432135], [17.069121805385937, 51.13721153902866], [17.069169162049032, 51.13714746926622], [17.069233019543983, 51.137170955003086], [17.06926148121451, 51.137134827432284], [17.069527167735036, 51.13722112947329], [17.069642767894685, 51.13705828497049], [17.06949435010836, 51.13701760374947], [17.069501367697207, 51.13701041393822], [17.06980327311977, 51.136707950116985], [17.069936483949284, 51.13664849134118], [17.069785602657305, 51.13651998013856], [17.069751310699285, 51.13649075176496], [17.069755744208752, 51.13648842275573], [17.069643652081236, 51.13641709731433], [17.06944547734527, 51.13610016423005], [17.069268064409865, 51.135875737561584], [17.069053030072137, 51.1356932804148], [17.068837010388247, 51.13550803721911], [17.06870549038502, 51.1355993135487], [17.067727721656404, 51.13627805291023], [17.06799919438294, 51.136432141489934], [17.068702337455335, 51.136833457597746], [17.068791619390836, 51.13688440260727], [17.068610693674348, 51.13707957417875], [17.068594459374385, 51.13701646350749], [17.068588978122918, 51.137013336409716], [17.068273224083406, 51.137352337520554], [17.06835179133648, 51.1373464009874], [17.068207640692307, 51.13749481313129]]]]}}, {"type": "Feature", "properties": {"district": 3, "variant": "wariant-spojny-propozycja", "crs": "EPSG:4326"}, "geometry": {"type": "Polygon", "coordinates": [[[17.036538686356558, 51.13698496938035], [17.03637601247626, 51.13713903325393], [17.03645724809554, 51.13717396213683], [17.036391850853317, 51.13723621604096], [17.036310156348268, 51.1373139236751], [17.036222904385987, 51.13728519291989], [17.03617676553864, 51.13727347673528], [17.035906035273314, 51.13752627271013], [17.035575433902043, 51.137786404338975], [17.035533029760796, 51.13776687972353], [17.03427906280097, 51.13846084414675], [17.033848875273303, 51.13872439165004], [17.03370467932903, 51.13883180432707], [17.033573908338926, 51.13894227636866], [17.033265083618012, 51.13924238759298], [17.033169012607132, 51.13936007702721], [17.03309611657305, 51.13946079673888], [17.03296561816684, 51.139664762717935], [17.03305387459244, 51.139695463933556], [17.03309785358165, 51.13971077732391], [17.033470839493972, 51.139840632411165], [17.033506630652756, 51.139882631178374], [17.033190684305477, 51.14025312621994], [17.0328765080785, 51.14015090532784], [17.032819538969942, 51.140132176240385], [17.032787974209256, 51.14012181982537], [17.032722406582664, 51.14028546452424], [17.032783774399487, 51.14024415220668], [17.03320388607539, 51.14038185026748], [17.033150782036913, 51.14044555241962], [17.033124295290072, 51.14047735458308], [17.03308878230182, 51.14051985171648], [17.032990355607858, 51.140508016626306], [17.032941583419476, 51.140705655323615], [17.032943257535347, 51.14073154137615], [17.032943688122124, 51.14073487110668], [17.032962396891815, 51.140905038040515], [17.032959203298173, 51.14093614278754], [17.032957017732677, 51.140957987541555], [17.032954269783374, 51.140984861848516], [17.03293784837036, 51.141145667741974], [17.03293498738625, 51.14114512268569], [17.032928021161794, 51.14121110303998], [17.03299101859588, 51.14122453307046], [17.033390796050263, 51.141307207448826], [17.033196445221556, 51.14158908056319], [17.033177240903974, 51.14161702344781], [17.032962981395126, 51.141924846513014], [17.0333628892501, 51.14203098501614], [17.03372380141399, 51.142126767526015], [17.034132852884706, 51.14223524431664], [17.033666599455547, 51.14293077832114], [17.033238827396335, 51.14281724582646], [17.033067778714873, 51.14306077268071], [17.03376061607283, 51.14343678211131], [17.034872373639917, 51.144051054536654], [17.03509994416504, 51.14388401683322], [17.03547686583814, 51.1440867858103], [17.03555913528889, 51.1439780243337], [17.035641212735563, 51.14386885668129], [17.035729146418355, 51.143749534008634], [17.035816509576346, 51.14363219327653], [17.035917126338703, 51.14349260448695], [17.03599527238354, 51.143382046738985], [17.036086098923136, 51.143243132235746], [17.036159597547737, 51.143126495032696], [17.036194582021007, 51.143077771798886], [17.037080746100486, 51.1435870527358], [17.03797741181465, 51.14411457231393], [17.03877992326595, 51.144586744026], [17.038551148970914, 51.14469525639202], [17.03872323818421, 51.144838797124585], [17.038992716763527, 51.14471093157505], [17.03914767360884, 51.14480551716428], [17.03924347167307, 51.14487219819766], [17.039332765263147, 51.14494242158052], [17.039416428511196, 51.14501538543944], [17.039494181218107, 51.145090817796174], [17.039565594690604, 51.14516871514215], [17.039631108777023, 51.1452485417223], [17.039688134599956, 51.14533108535747], [17.039739847475175, 51.145414843891835], [17.039785239665257, 51.1455001686446], [17.03982188195101, 51.145587039680315], [17.039320355826906, 51.1459119240634], [17.038509428397493, 51.146428780974524], [17.038697527568708, 51.146997645131535], [17.03872026986491, 51.147064903726324], [17.038952194176684, 51.14775074873373], [17.038801593473853, 51.14730539563108], [17.036834243562414, 51.14817711360472], [17.037225755515404, 51.148394916421815], [17.037818573617688, 51.14872473407642], [17.038540911140217, 51.149123853748776], [17.03872276103226, 51.149079744056834], [17.038726975819927, 51.14912316266656], [17.03880114322596, 51.14912032917297], [17.038865004666707, 51.14930950141929], [17.039607035289624, 51.14971995035364], [17.03963731498663, 51.149727876125816], [17.039385775422303, 51.14974489548408], [17.03928572706597, 51.14975094182054], [17.038870790551737, 51.14970870662503], [17.038761680482036, 51.149396903531425], [17.03843928482112, 51.1492203310865], [17.037511041320048, 51.14871213537011], [17.03651632787709, 51.148175849391954], [17.03663064887757, 51.148769900239564], [17.03626476593719, 51.14879815196958], [17.036024068069622, 51.14882046740983], [17.036671015528697, 51.149209753926726], [17.03583910495389, 51.14971488576346], [17.03561003116288, 51.149622948038456], [17.035292099158013, 51.14941787958774], [17.03514072667055, 51.149525279685605], [17.034765422893777, 51.14978622662102], [17.036713461430875, 51.150156648984684], [17.030739786605476, 51.15027287821867], [17.030825033993644, 51.15031437959351], [17.033238644109854, 51.15027287421397], [17.0331942702193, 51.150363344979944], [17.03338853421541, 51.150360110581715], [17.033461169236052, 51.150358901221125], [17.033479265068994, 51.150358600376656], [17.03353039985117, 51.15035774818725], [17.03380505025585, 51.150353175305895], [17.034079193047972, 51.150348609274154], [17.034323891461284, 51.150344533056995], [17.034463402401027, 51.150342125817964], [17.03473796315439, 51.15033738729375], [17.034881769298508, 51.15033490532932], [17.034887585885556, 51.15033480499578], [17.034973419169344, 51.150333323338785], [17.03515949850546, 51.15033011105346], [17.035289638203, 51.150327864648325], [17.03530872227769, 51.150327534814366], [17.035488034127486, 51.150324439688916], [17.03692158530011, 51.15028653166232], [17.036921585445157, 51.150286531658885], [17.03718723717117, 51.15028024782388], [17.03748098770465, 51.150272124305], [17.03778363936261, 51.150263754143786], [17.038068468567594, 51.150262745664016], [17.03838955740722, 51.15026294615376], [17.03878199856495, 51.15026318919428], [17.0391104923252, 51.15027311241266], [17.039411544277694, 51.15028938705093], [17.039594343153265, 51.150319345768345], [17.039889903594673, 51.150373045559], [17.040137176797018, 51.15042024617721], [17.040393276631775, 51.150475439451164], [17.040804117771618, 51.15059192593094], [17.041465682209907, 51.15083818430728], [17.041621940270502, 51.15090630085672], [17.04174444086465, 51.15095970239019], [17.041765380526048, 51.15097110019056], [17.041902789623244, 51.1510458940549], [17.041918273567646, 51.151054322811184], [17.0419234297057, 51.15105712935722], [17.04198868288136, 51.15109264788118], [17.041991710412947, 51.15109429620554], [17.04205707818572, 51.151129876758944], [17.042076777016675, 51.15114059910776], [17.042149855705766, 51.15117924439701], [17.042281808247125, 51.151249022759124], [17.04231628702399, 51.15126725556093], [17.042376225127516, 51.151295656408344], [17.042512046891634, 51.151360013077884], [17.042608592411305, 51.151402784938455], [17.04267892384626, 51.15143394331799], [17.04275634924814, 51.15146531073844], [17.04282590207056, 51.15149348888778], [17.042944587744557, 51.15153949812329], [17.043010892048255, 51.15156248414093], [17.0431451825595, 51.15160904066315], [17.04321866107225, 51.15163451335061], [17.043353554033484, 51.151677876949705], [17.043375210598928, 51.15168443221626], [17.043453054143633, 51.15170799330288], [17.043497022187644, 51.151721301528575], [17.04350472352149, 51.15172329810924], [17.04350472378945, 51.15172329817871], [17.043646659736034, 51.15176009457689], [17.043735152288072, 51.15178303596074], [17.04380381718436, 51.151800836730594], [17.043856867022825, 51.15181458943721], [17.04391552907935, 51.1518274198122], [17.044068173507362, 51.15186080626409], [17.044070998797498, 51.151861387610495], [17.04419684154408, 51.15188728942952], [17.044334167320002, 51.1519134323659], [17.0443463377353, 51.15191574954521], [17.044367829388662, 51.151919228827545], [17.04452053899395, 51.151943952815955], [17.044547258701346, 51.151947669847836], [17.044714776178758, 51.15197097102402], [17.044803347550726, 51.15198169354097], [17.044858911437736, 51.151988419354936], [17.044923421348987, 51.151994682410105], [17.045032504240474, 51.15200527198524], [17.045160031044674, 51.15201590055553], [17.04520828669358, 51.152019921794434], [17.04531560581772, 51.1520260108844], [17.045425491998426, 51.152032244882996], [17.04547793732121, 51.15203522054939], [17.045551950921265, 51.15203783012019], [17.045613615116256, 51.15204000446427], [17.0457140150644, 51.15204212714242], [17.045784418331664, 51.152043615769685], [17.045785337025336, 51.152043634951056], [17.04595784264908, 51.152043226247], [17.046037017409493, 51.152041000737164], [17.04607938581843, 51.15203980995943], [17.0461839295454, 51.15203687160894], [17.046335385652192, 51.1520299682898], [17.046337079639233, 51.15202989040746], [17.046370927622952, 51.15202834777892], [17.04637832158735, 51.15202801072137], [17.046538134500125, 51.152018366914604], [17.04658865573935, 51.152015317733195], [17.04660457305569, 51.152014357037245], [17.04680555021069, 51.15199931391267], [17.046984469411964, 51.151985921905485], [17.04715278193106, 51.151973323302556], [17.047409641926937, 51.151954095729046], [17.047486642326998, 51.15194833209199], [17.04750722305578, 51.151946844701875], [17.047784611165735, 51.151926795513475], [17.04797602449171, 51.15191295983336], [17.048172088652713, 51.15189878771934], [17.048192719699426, 51.15189714509768], [17.048329945437864, 51.15188622100029], [17.04852891385257, 51.15187038097059], [17.048695329250968, 51.15185713184776], [17.048746936823967, 51.15185302350197], [17.04893532282889, 51.1518313667301], [17.048946677424382, 51.151830061169974], [17.049048551658505, 51.151815796800015], [17.049093768377116, 51.151809466246775], [17.049268217897463, 51.151780983085004], [17.049276913334634, 51.151779563285025], [17.049363900104925, 51.15176448273207], [17.049464686486463, 51.151747009751745], [17.049626943088914, 51.151715880206716], [17.049698344026567, 51.1517021812233], [17.049741502281247, 51.151693900926645], [17.049958343852314, 51.151646098134776], [17.05000182467353, 51.1516365132711], [17.050063600045842, 51.15162170028014], [17.05028992743963, 51.15156743036789], [17.05042166543415, 51.15153584066164], [17.050471653149078, 51.15152350818244], [17.05063675826982, 51.151482773376685], [17.05078936871155, 51.15144512196318], [17.050981707415787, 51.15139766769097], [17.051108353183558, 51.15136642155064], [17.051243032390378, 51.15133319260115], [17.051416016014276, 51.151290513221525], [17.051551868487017, 51.151256994976976], [17.05156232131885, 51.15125441611216], [17.05168471538118, 51.1512242172234], [17.05173378874149, 51.15121210962384], [17.05175142462555, 51.151207758690205], [17.051770433922634, 51.15120306829291], [17.05180634928727, 51.15119420711931], [17.051881989892244, 51.15117554384407], [17.051892194143477, 51.151173026761136], [17.05201582468956, 51.1511425229128], [17.052017851754933, 51.151142022438705], [17.05205710427156, 51.15113233781724], [17.0520714890571, 51.15112878843086], [17.05207810896513, 51.151127154729245], [17.052093707680708, 51.15112330593529], [17.052113058805126, 51.151118531952314], [17.052146961360307, 51.15111016677083], [17.05215796865389, 51.15110745120904], [17.052188696288244, 51.15109986935284], [17.052210843060593, 51.15109440423207], [17.052227286471325, 51.15109034741313], [17.05223408019293, 51.151088671062], [17.052241029049604, 51.15108695731215], [17.052242593524877, 51.151086570849856], [17.052294374606358, 51.15107379455324], [17.052313047633827, 51.15106918674472], [17.05237077477768, 51.151054943840116], [17.05238752416233, 51.15105081126794], [17.052419123737803, 51.151043014371886], [17.052438053876376, 51.15103834390118], [17.052466708411725, 51.15103127286802], [17.052551703630474, 51.151010301793825], [17.05257964125222, 51.151003408314104], [17.05260248467571, 51.15099777166673], [17.05270773584192, 51.15097180270798], [17.0527195102247, 51.1509688973324], [17.052732024460166, 51.150965809165506], [17.052771536710374, 51.15095605988515], [17.052782401713763, 51.150953379070934], [17.052937323611513, 51.150913101530016], [17.05294772246771, 51.15091021915434], [17.05297656725273, 51.150902225403804], [17.053026738722973, 51.15088832013891], [17.05307846696968, 51.15087398336866], [17.05312502453395, 51.15086107901471], [17.05314721223456, 51.15085492993811], [17.053258948748418, 51.15082185364958], [17.053448733875758, 51.15076119047977], [17.053486668536838, 51.15074791235002], [17.05361792087678, 51.150701969482185], [17.053714829654595, 51.15066563540496], [17.053756488349173, 51.1506488948486], [17.0537564889294, 51.150648894615436], [17.053678214727796, 51.15057805892296], [17.053230442883663, 51.14978693524741], [17.052875008207565, 51.14935098242944], [17.052476992518592, 51.14892246854989], [17.052106889432384, 51.14857459168992], [17.05170577081672, 51.14822283035071], [17.051453485495443, 51.14784040649124], [17.051333950087667, 51.14695403948201], [17.051363788016026, 51.146874768222126], [17.05164267524839, 51.1468201704754], [17.05188958758146, 51.14674129258194], [17.05207372281139, 51.146687094336286], [17.052381044305474, 51.146628554092835], [17.052425486135274, 51.14663585414996], [17.05342197804328, 51.14685012729299], [17.05343701700914, 51.146822003592554], [17.053821989533656, 51.14695064972747], [17.05399166104715, 51.146922248556585], [17.054049698995957, 51.14690070237166], [17.05408975858902, 51.1468742013091], [17.054120190165364, 51.14665937955596], [17.054855245592005, 51.14670982944603], [17.055297428744296, 51.14657404465213], [17.055495016613914, 51.14684292003696], [17.05570324212005, 51.146722306477024], [17.05596173012977, 51.14652261196447], [17.056271056757964, 51.14634162998199], [17.05630565896398, 51.146324747977594], [17.056395737695315, 51.14629198838487], [17.056631599407112, 51.14646999782708], [17.05639702991233, 51.146632319132536], [17.057078688685177, 51.14733380244591], [17.05737497721264, 51.14719444229536], [17.057455059882972, 51.14726234806108], [17.05797125870439, 51.14701711660385], [17.05882521265852, 51.148173962175434], [17.059436226549177, 51.1478769069024], [17.06170276765404, 51.14678097380609], [17.063729183723098, 51.14580091988839], [17.06400771271769, 51.14566547311297], [17.063935285842938, 51.14564125975546], [17.063164314630477, 51.14600700561348], [17.063141621385654, 51.14598712757331], [17.063088228762187, 51.145940448262465], [17.06282895954601, 51.14572100195309], [17.063014828828987, 51.145629026009], [17.062934753372748, 51.14555132541334], [17.063526402510707, 51.14526039538762], [17.063438605439124, 51.145178650902515], [17.063341536832734, 51.14508826498596], [17.063244597207607, 51.144997880019424], [17.063147529356808, 51.14490749394302], [17.063050604775984, 51.14481710893135], [17.06295353768075, 51.14472672269514], [17.06285645667431, 51.14463633626445], [17.062759533226128, 51.14454595101331], [17.06266246726441, 51.144455564537274], [17.06258195580234, 51.14438046717501], [17.06256869426788, 51.144364197533534], [17.062424706857506, 51.14418793441867], [17.0622758833863, 51.14400565424205], [17.061892035727904, 51.1435353401246], [17.061871204256224, 51.14350971440585], [17.061851219096734, 51.143485345030165], [17.06183182333647, 51.143461510766855], [17.061812272059505, 51.14343759434602], [17.061792999471443, 51.14341403075287], [17.061773030504927, 51.14338957159682], [17.06175348293288, 51.14336547540284], [17.0617337908536, 51.143341458952804], [17.061714241499725, 51.14331745263395], [17.061694119084734, 51.14329281244015], [17.06167413775586, 51.143268263270954], [17.061654879596517, 51.14324469976974], [17.061634908952723, 51.143220330471834], [17.061615068750616, 51.14319587232064], [17.061595237390414, 51.143171683925736], [17.061575116923994, 51.14314695382985], [17.061555287610283, 51.143122666558355], [17.06153559737632, 51.143098569181525], [17.06151590716276, 51.14307447180144], [17.06149478151084, 51.14304857396305], [17.061310575948742, 51.14282285835319], [17.061168455197322, 51.1426522630785], [17.06116674259512, 51.14264651394687], [17.061094565323458, 51.14266876820412], [17.06087971926404, 51.142734834064534], [17.060665160190933, 51.14280081193986], [17.06043473946718, 51.14287162427576], [17.06041287386982, 51.14286883263499], [17.06014057259425, 51.14283445287972], [17.059917266696328, 51.14280612079629], [17.05980711798579, 51.14279177790441], [17.05915005344096, 51.14270660317651], [17.058782887654665, 51.142659051390275], [17.058705877824647, 51.14264903745592], [17.058502710158134, 51.14262277953295], [17.058188118033964, 51.14258172607212], [17.05802039398496, 51.14255818891055], [17.057855168263284, 51.14253689207244], [17.057590500932893, 51.14250116547913], [17.05731519881593, 51.14246417492598], [17.057047315053737, 51.142428538040754], [17.056844173510513, 51.14240038961763], [17.05616127346754, 51.14230863404367], [17.05610892256397, 51.14199210905851], [17.05610764936593, 51.14198446658371], [17.05555897569477, 51.14210203554772], [17.05528795448813, 51.14216005925547], [17.054802459356083, 51.14230895145318], [17.05467697965267, 51.14232677957624], [17.054503525529526, 51.14241317023628], [17.05444648607049, 51.1424357944851], [17.054332110451696, 51.14248716244152], [17.054136216070727, 51.14258415867281], [17.054030396947425, 51.1426440637694], [17.053889959385117, 51.142736402011344], [17.053801002607603, 51.14280261019528], [17.05369099950143, 51.142892362680065], [17.053617604627433, 51.14295579298479], [17.053573685238728, 51.14299928003765], [17.053535481374542, 51.14303791397606], [17.053452041661558, 51.143134776244416], [17.05341998271663, 51.14317969868237], [17.05339321142157, 51.14321483823803], [17.05335684653732, 51.14326695347314], [17.053328929500733, 51.14330919454058], [17.053302431040173, 51.14335124931181], [17.053277086003078, 51.14339420338717], [17.05311405749258, 51.143699924551065], [17.053024966096675, 51.143861960542196], [17.052865109110076, 51.143829606926836], [17.05289361999073, 51.1437751448793], [17.05274217792312, 51.14374433353697], [17.052732346846, 51.14372751521539], [17.052705396079382, 51.14368201614674], [17.05223002707387, 51.14364231426844], [17.051338429224067, 51.143571924572385], [17.05128569551667, 51.1436799477765], [17.051062005525655, 51.14414572888734], [17.050750794953778, 51.144127049085675], [17.049568705357554, 51.14405316417002], [17.048938999057334, 51.14402272148826], [17.04892428160992, 51.1440219006181], [17.048273982393145, 51.144007441268165], [17.04764805187229, 51.1440310950151], [17.047077042350995, 51.14403600002824], [17.04703417588518, 51.14403633397342], [17.046848407087026, 51.14403892844943], [17.046519882692305, 51.14404359518936], [17.046415139983594, 51.14404506955633], [17.046190930998915, 51.14404125459492], [17.046189147537866, 51.1440951958491], [17.04561356700894, 51.14408677874779], [17.044909554973657, 51.144058072269395], [17.04429143265479, 51.14403291313893], [17.043850228175327, 51.14399158651249], [17.043184574916985, 51.14392631671941], [17.0426537870754, 51.143884675177915], [17.04251089545305, 51.143882975069985], [17.042291066345072, 51.14382640132426], [17.042655445859957, 51.14383074193311], [17.042741027834783, 51.14383735761002], [17.04279115090514, 51.143766012544525], [17.04290737828451, 51.14363348556531], [17.04291911836517, 51.14362001627194], [17.042937442098076, 51.14359916642037], [17.04309618554927, 51.14341821836279], [17.043303778339798, 51.14343963990745], [17.043312777412996, 51.14344054056556], [17.04336965131996, 51.143445608466415], [17.043513380879318, 51.143459252622236], [17.04365367534539, 51.14347038737237], [17.043725114513286, 51.14347671588233], [17.043937009767852, 51.14349328111587], [17.044157755699104, 51.14350410200231], [17.04427135582203, 51.1435096420412], [17.044379082016263, 51.14351312029656], [17.04443595150449, 51.14351495137228], [17.04460470413393, 51.14352034836672], [17.044676728225593, 51.1435211973935], [17.0449339349886, 51.14352421496257], [17.044991091390166, 51.14352460976904], [17.045147842839548, 51.14352569184314], [17.04517670700276, 51.14352588254251], [17.0452367196728, 51.143526372464244], [17.045362333531962, 51.14352454811551], [17.045405203235525, 51.14352403501814], [17.045579824265648, 51.14352207104091], [17.04558309975653, 51.14343254299868], [17.04533102856837, 51.14343553789534], [17.04528530064938, 51.14343605460271], [17.04523528370795, 51.14343665314457], [17.045182123241215, 51.14343653379969], [17.045159547275713, 51.14343634050096], [17.04498808191859, 51.143434985472126], [17.044938199689778, 51.14343459612673], [17.044625706547368, 51.1434299313437], [17.044611411910825, 51.143430102243904], [17.04439736964315, 51.1434226991107], [17.044281065804704, 51.143418683317876], [17.044197612800293, 51.14341557414432], [17.04414788427565, 51.14341258771226], [17.044096596433906, 51.14340967841091], [17.04395429341665, 51.143401692126105], [17.043742970840594, 51.1433864800506], [17.043603952913678, 51.14337651550895], [17.043532366170982, 51.14337180385254], [17.043325776344748, 51.14335164946633], [17.04312118249113, 51.143331043583366], [17.042945744186156, 51.143310361287604], [17.042550648413826, 51.14377270996932], [17.041738000257208, 51.14376820305757], [17.041453904527962, 51.143775134363466], [17.040922741309203, 51.14378830969204], [17.042152461875183, 51.142285646532024], [17.04215348810203, 51.14228439638683], [17.04206455170097, 51.14214172153772], [17.041914589574386, 51.142075228362145], [17.041798036080678, 51.142086894968735], [17.041939986760756, 51.141928060218795], [17.042015824624453, 51.14186950261918], [17.042138104334896, 51.1417095625872], [17.0422921801201, 51.14150470984417], [17.042339583148944, 51.141439033119816], [17.04238469604811, 51.14137352640706], [17.042490239396884, 51.14121978666209], [17.042562124500094, 51.141112508438816], [17.042651443253185, 51.141012151068324], [17.042661741426997, 51.14100065670476], [17.042703908054097, 51.14089308118824], [17.042730309779962, 51.14072689898994], [17.042763383649298, 51.14058219371241], [17.042806539419033, 51.14038806496781], [17.042840330562754, 51.14023698288476], [17.04284837893655, 51.14020228579893], [17.04285643141175, 51.14016669877113], [17.04288203144941, 51.140054438837346], [17.042909347150392, 51.1399428222115], [17.042939237013478, 51.13982212013247], [17.04296927087008, 51.1397020484973], [17.04297846015219, 51.139674363669414], [17.042993510938228, 51.13963203772455], [17.043022198224225, 51.13956256675602], [17.043061909964155, 51.13947547638409], [17.04311836055092, 51.1393742923437], [17.043186981646404, 51.13925602863235], [17.043205177935555, 51.13922673640914], [17.043228814391398, 51.139189353058995], [17.04327321756666, 51.13911791600612], [17.043343975470925, 51.13900477579861], [17.043365258312075, 51.138969944206615], [17.043442809775286, 51.13884266485584], [17.043528303212064, 51.13870652368565], [17.043597920829104, 51.13859041640107], [17.04364947396644, 51.13851314046356], [17.04334596787083, 51.13852950051681], [17.043322251429814, 51.13862954107447], [17.043298375865998, 51.13872967022074], [17.043280001778566, 51.13878486017623], [17.04326195570473, 51.13881864846449], [17.04322064147747, 51.13889620576638], [17.043216820449516, 51.138903393192514], [17.04320005507184, 51.13893259823906], [17.043095050783162, 51.13911178376985], [17.042968975740642, 51.13933276044751], [17.042915938671943, 51.13944438236111], [17.04289987949114, 51.13947880713651], [17.04283606633113, 51.139631944901836], [17.04282986872865, 51.1396621443352], [17.042760153550795, 51.13995415073274], [17.04272119676259, 51.1401138565359], [17.04271142393438, 51.140153852378575], [17.042675489089895, 51.14030492586993], [17.04266887155699, 51.14033054612571], [17.042658531050115, 51.14037449275943], [17.04261997782184, 51.14054436012058], [17.042579708500387, 51.14071772836727], [17.042559823408723, 51.140742260131574], [17.042526782901568, 51.14075752374656], [17.042484113917947, 51.14082167511169], [17.04243314615464, 51.14107557483278], [17.04240879140986, 51.141117896437464], [17.042277918999243, 51.14130371050677], [17.042254719901436, 51.141337132805816], [17.042162913771072, 51.141469220919106], [17.04203317962475, 51.141641370785166], [17.04198363920215, 51.14170740744186], [17.041962744896082, 51.141730950964885], [17.041896607780874, 51.14180551764669], [17.041135940520537, 51.141494759587886], [17.04121111193167, 51.14140285445404], [17.04137633273496, 51.141456258842055], [17.041405404455237, 51.14141600777267], [17.041499776799117, 51.14128500205635], [17.041358815856107, 51.14124222467939], [17.041252697763777, 51.14121933018747], [17.040866081851153, 51.14110843732369], [17.040925786325115, 51.14104891631717], [17.040796529779065, 51.141048247239134], [17.040741829705382, 51.14116552733559], [17.040707119348575, 51.1412399375884], [17.04070711934857, 51.1412399375884], [17.04074182970538, 51.141165527335595], [17.040811729088077, 51.14101565893465], [17.040445475079455, 51.14093255684026], [17.04034794640565, 51.141032350745], [17.04028681312202, 51.14101163139891], [17.040396842939117, 51.14092369857133], [17.04065840495117, 51.1407145158151], [17.04067177816124, 51.14065672320936], [17.040357308840598, 51.140623542568434], [17.040131844756203, 51.14059975761802], [17.040145434294335, 51.14054594221696], [17.039811235641494, 51.1404692535423], [17.039760500168292, 51.14066442831861], [17.03969681255148, 51.14090942159816], [17.039760500168292, 51.1406644283186], [17.03981353392029, 51.14046041222987], [17.039475349547146, 51.140426315336924], [17.039466712768903, 51.14046307498266], [17.03937498917102, 51.140454563563836], [17.039284689424044, 51.14044561428687], [17.039131215794384, 51.14035598526032], [17.039001614809173, 51.140267370248914], [17.038951168620983, 51.140182129423174], [17.038903288710152, 51.14009787155522], [17.038553043256847, 51.140198778268264], [17.03861517075685, 51.14030982567982], [17.038677298551804, 51.14042087305788], [17.038826591687965, 51.140522541418825], [17.038976196265423, 51.140624382947955], [17.038530341156942, 51.14064361508823], [17.038568582253763, 51.14058718681337], [17.03792681108737, 51.13942931966841], [17.037711689217527, 51.13905138699159], [17.037187403190547, 51.13812098522666], [17.03674787241744, 51.137346476365614], [17.036538686356558, 51.13698496938035]], [[17.038823544483602, 51.14905544630127], [17.039474772785923, 51.148893499132036], [17.039474772785926, 51.14889349913204], [17.038823544483602, 51.14905544630128], [17.03872276103226, 51.149079744056834], [17.038823544483602, 51.14905544630127]], [[17.04007663022408, 51.140825609770275], [17.04002988925799, 51.141016327993334], [17.039863350904735, 51.14096287479575], [17.04002988925799, 51.14101632799333], [17.04007663022408, 51.14082560977027], [17.040131844756203, 51.14059975761802], [17.04007663022408, 51.140825609770275]]]}}, {"type": "Feature", "properties": {"district": 4, "variant": "wariant-spojny-propozycja", "crs": "EPSG:4326"}, "geometry": {"type": "MultiPolygon", "coordinates": [[[[17.009185372869002, 51.144185692340514], [17.00907544942737, 51.14406595374405], [17.00892207238912, 51.1438725451563], [17.008867195160907, 51.14380175402405], [17.008813037686146, 51.14373006100902], [17.008675090763138, 51.14355430369165], [17.00847696920245, 51.143322318166874], [17.008207033200154, 51.143055841294576], [17.007808304259328, 51.142678327687825], [17.007504714318838, 51.142380171737955], [17.007238649861247, 51.142113599554726], [17.007171629405924, 51.14204683975893], [17.00702933664558, 51.141894982995304], [17.006893780547795, 51.14173890417657], [17.00678544101647, 51.14161781935438], [17.00671983478075, 51.14150720174626], [17.00664563955597, 51.141399279963856], [17.006560915150885, 51.141271931928706], [17.006492449684192, 51.14116274622186], [17.00644889813003, 51.14108792385632], [17.0064032484669, 51.14099368395426], [17.006314956288666, 51.14080494197139], [17.006255967859815, 51.14067240057973], [17.00622184891319, 51.14059623790188], [17.00619201907041, 51.140519985804126], [17.006156953915333, 51.14042467606831], [17.00612330394129, 51.140328020906985], [17.006110250609296, 51.140289721881665], [17.0060930999133, 51.14023127815328], [17.006068597110207, 51.140133900627625], [17.00605459691758, 51.14007581628409], [17.006041578151926, 51.14001728180622], [17.006029430953454, 51.139958754733634], [17.00596361298621, 51.13962663848326], [17.005836062279432, 51.13898190316392], [17.005795264129727, 51.138766397652404], [17.005745692375662, 51.138512314783064], [17.00557616558969, 51.13769263381541], [17.005544113690984, 51.137536372535465], [17.00543218783082, 51.137008886801866], [17.005390940695868, 51.13681244434055], [17.005351538206117, 51.13661528938247], [17.00530661974287, 51.13639888555099], [17.005275986265296, 51.13624119787518], [17.00526498329076, 51.1361820421461], [17.005202038009003, 51.13590756446783], [17.005190745615423, 51.13584858605953], [17.00516835775471, 51.13577000567725], [17.00513106131009, 51.13565311932638], [17.005108805675604, 51.135575708711805], [17.005075105156855, 51.13544642920144], [17.005072838812985, 51.13543752812413], [17.00505471236123, 51.135364791295565], [17.004917403374094, 51.13542371901557], [17.00496900743693, 51.13559885439832], [17.005004738125425, 51.13571610504817], [17.005015513604135, 51.13575125644708], [17.00506725251846, 51.13592945840016], [17.005127501852126, 51.13613453992228], [17.00518590327441, 51.13633055308676], [17.005228728353554, 51.13652797994646], [17.005272464493153, 51.136760824844906], [17.00530744512379, 51.13695295294937], [17.005340308810446, 51.13713455410749], [17.005410343743343, 51.137365815671394], [17.00549196360691, 51.13777552174341], [17.00552653274674, 51.1379569485399], [17.00556379731772, 51.13814728003158], [17.005551067307312, 51.13851366257835], [17.00564588662065, 51.13891440112597], [17.005749970885937, 51.13932628460948], [17.00444566298218, 51.13947042253967], [17.00443539882764, 51.13939885832235], [17.0042582590528, 51.13883236763526], [17.004185554470542, 51.138637688626076], [17.003937438304817, 51.13691739808194], [17.003912248185888, 51.13675198034489], [17.003795023839377, 51.13612041030705], [17.003955848016822, 51.13578161092816], [17.004078458896522, 51.13552331205416], [17.003922178982187, 51.13551156205627], [17.00379631272074, 51.13587726862019], [17.00378590294567, 51.13592741423799], [17.003662127953163, 51.13594491449693], [17.003693745569173, 51.13611105230679], [17.003730172593446, 51.13629274724771], [17.00377173297698, 51.136542672560644], [17.003810502725756, 51.1367596179406], [17.003837871208642, 51.13691011342182], [17.00385553409494, 51.137112558439114], [17.003888709691747, 51.13733983020048], [17.003914221739404, 51.13778777801994], [17.00402538847159, 51.13845209046988], [17.004083044943343, 51.13860360790082], [17.00418953847482, 51.13888821965552], [17.004218772650187, 51.138975353713874], [17.00426207997736, 51.13909315447527], [17.003930140056948, 51.13916887912511], [17.004002863166022, 51.139450341520885], [17.00428204601742, 51.14070857785793], [17.005036166229793, 51.14361916841868], [17.00515721231723, 51.14412543972067], [17.005390041148477, 51.14509923869289], [17.005942275541518, 51.14738017475683], [17.00602443324835, 51.14778046401949], [17.006156964502008, 51.14838313918808], [17.006182947781344, 51.1485012907299], [17.006209012119264, 51.148714293672], [17.00624475975675, 51.149007833561036], [17.006271693774867, 51.14927360322355], [17.006292628712995, 51.14948017089461], [17.00631849352545, 51.14973538657962], [17.006336493228908, 51.149912995200054], [17.006354493061092, 51.15009060381318], [17.006354392588264, 51.15031098063059], [17.0063538097344, 51.15056859206539], [17.006353428232607, 51.15073703057837], [17.006349431831172, 51.15094844239464], [17.006349365248823, 51.15095196463712], [17.00634735703579, 51.15116266673756], [17.00633066767959, 51.15176642163741], [17.00630944749649, 51.15197976346318], [17.006280851096573, 51.152231254003475], [17.006248340468485, 51.15251715779849], [17.006223367810254, 51.15273114282468], [17.006169380819177, 51.15301798511119], [17.006111439712654, 51.15333268863118], [17.006093965820053, 51.15342759485953], [17.006037698533948, 51.15373746083649], [17.0059857837217, 51.15402334972459], [17.00592415431359, 51.15428872165554], [17.005861380720614, 51.154506729073525], [17.005794851184532, 51.15473777906375], [17.005688643251002, 51.15510662027803], [17.005594975867425, 51.155431907098304], [17.005573095199775, 51.15550789031569], [17.005686985671392, 51.15560410469185], [17.00588192569247, 51.15576878785442], [17.00589241687534, 51.155777650689075], [17.005916126868925, 51.15579768062806], [17.00604317039383, 51.1559050055855], [17.00673374122567, 51.156295477443145], [17.006736282948037, 51.15629652772389], [17.006887504333346, 51.15635901484355], [17.006891680540793, 51.15636074051994], [17.007029679401487, 51.1564177638788], [17.007451302237403, 51.15659198524666], [17.007763588101138, 51.15670821250556], [17.008206647306015, 51.15687311128228], [17.008801787920945, 51.157058685091805], [17.00938462234871, 51.15723630277879], [17.01006763290501, 51.15739906679666], [17.01019079396436, 51.15742467524103], [17.01055909577399, 51.1575012549364], [17.010775942270843, 51.15754634306314], [17.011497238528875, 51.15767017732394], [17.011650714574685, 51.157687040781596], [17.012580616406435, 51.15778921542442], [17.013403166483958, 51.15783016855164], [17.014232160725445, 51.15784607316675], [17.01423222305396, 51.15784607436255], [17.014242490234775, 51.15784627146224], [17.01428074960188, 51.1578470056123], [17.01428788162169, 51.15784714212678], [17.01498401856841, 51.1578387354402], [17.015232055039363, 51.157823451467145], [17.015580976012046, 51.157801951109725], [17.01600281534136, 51.15777595524815], [17.016002891247265, 51.15777594869498], [17.01615645457369, 51.15776282646184], [17.016210832212014, 51.15775818041288], [17.016318635099058, 51.1577489683282], [17.016362502124043, 51.15774521908034], [17.016408266729865, 51.15774130867703], [17.01645582168672, 51.15773649816556], [17.016506289165548, 51.157731393890764], [17.016603363166542, 51.15772157442944], [17.0165713722882, 51.15766362978131], [17.01652994525479, 51.15758859650073], [17.016462781351176, 51.157466945008004], [17.016446963876167, 51.15743835082624], [17.016399800438343, 51.15735068107613], [17.016257597507956, 51.1570863433324], [17.016157983406906, 51.1569011703597], [17.01613545969898, 51.15685930136618], [17.016063510344278, 51.156725555169885], [17.0159937823218, 51.15659593407748], [17.015991550425685, 51.15659178726109], [17.015936095199656, 51.15648869842842], [17.015929586789095, 51.156476599578674], [17.01592687776639, 51.15647156416671], [17.0159036820769, 51.15642830866285], [17.01588502380674, 51.156393514618], [17.015876078300053, 51.15637683280113], [17.015958138343038, 51.15635262999689], [17.015969505677024, 51.156349277204924], [17.016120364286337, 51.156300114403614], [17.01633247552679, 51.1562253444613], [17.016336266411344, 51.15622400811912], [17.016358313492983, 51.15621541424894], [17.016546848504305, 51.15614192354778], [17.01683381704694, 51.1560170517597], [17.016962904753875, 51.15595566775657], [17.01708967238103, 51.15588976030786], [17.017216344272192, 51.15582161349854], [17.017235207770234, 51.15581092150236], [17.017251815519497, 51.15580150775495], [17.0174352628021, 51.155697525883284], [17.017608704196434, 51.155589844954385], [17.01792478492366, 51.15539360536473], [17.017960968899192, 51.15537114021762], [17.018111785047658, 51.15527860490119], [17.01824016151113, 51.15519983745462], [17.018424547366063, 51.15508670506935], [17.018547400297866, 51.15501132587268], [17.018561341287743, 51.155002731892054], [17.018958726239244, 51.15475775476267], [17.019225860829575, 51.15459307096453], [17.019460296334284, 51.15444854498541], [17.019490631403123, 51.1544296990041], [17.019819241288697, 51.15422554956686], [17.01999714590275, 51.1541150249213], [17.020037225649308, 51.15409034706153], [17.02004876098909, 51.15408324430448], [17.020048761626388, 51.154083243912076], [17.020432960363394, 51.15384668247058], [17.020743572629833, 51.15365542637131], [17.020781907814197, 51.15363182229595], [17.020911626452072, 51.15355194844356], [17.021031908998058, 51.15347788458124], [17.021127144400044, 51.15341924395851], [17.021282809343912, 51.153323392004566], [17.021382848055275, 51.1532617933222], [17.02156087184092, 51.153152173454394], [17.021630465711457, 51.15310932037472], [17.021661781684003, 51.153090037049076], [17.021882145367165, 51.1529531366886], [17.021912889783493, 51.15293403639965], [17.022063795728528, 51.152840284943444], [17.022188855436298, 51.152762591163935], [17.022190555882425, 51.1527615347137], [17.022288586286873, 51.15270063224585], [17.022308389020967, 51.1526883300484], [17.02240287518989, 51.1526300192372], [17.02261548121814, 51.15249881231845], [17.022797618807502, 51.15238640849382], [17.023172770658686, 51.15215488387879], [17.02334192202285, 51.15205049109191], [17.023505828540394, 51.151949334592096], [17.02370428896958, 51.15183526230953], [17.023865655281543, 51.1517425100905], [17.02408434751849, 51.15161680711012], [17.024191407108926, 51.151555268205584], [17.024211446736228, 51.151543749761295], [17.024395242785843, 51.15145116146071], [17.02449512377814, 51.15140376962453], [17.024495123992864, 51.15140376952265], [17.024522376999347, 51.15139083878741], [17.024554956397434, 51.151375380427666], [17.02455616109031, 51.15137484040404], [17.02455616129919, 51.1513748403104], [17.02471022115025, 51.151305845837484], [17.024791893028237, 51.15127174142027], [17.024941698500697, 51.15120918640737], [17.024981554432326, 51.151193390348354], [17.025080936898732, 51.15115400002879], [17.025232963529813, 51.151096295088045], [17.0253622983006, 51.15105137381054], [17.02540574965189, 51.151036281790276], [17.02558291202872, 51.15097735198928], [17.025705179985852, 51.15093668109228], [17.025850453155527, 51.15089349129766], [17.026075306667977, 51.15083085417839], [17.02617071356444, 51.15080648477777], [17.026260080378844, 51.15078365797854], [17.026333863588512, 51.15076481144773], [17.026468327577952, 51.15073259714923], [17.026695954910874, 51.15068138977736], [17.02676358502071, 51.15066808962035], [17.026913823614663, 51.15063854384335], [17.026939664241155, 51.15063346213025], [17.027064606547892, 51.1506115150054], [17.027380562994363, 51.1505604207364], [17.027434614876082, 51.15055354184717], [17.027610442821683, 51.15053116503433], [17.02765312054851, 51.15052623302939], [17.027918497120176, 51.15049556468042], [17.027998705844386, 51.150488673682645], [17.028124867512343, 51.150477835964246], [17.028168267399185, 51.15047410719185], [17.02819671809668, 51.150471662872675], [17.028338131341126, 51.150460994793875], [17.028352046463507, 51.15045994533529], [17.0285821580558, 51.150447304298055], [17.028608764263772, 51.15044584240926], [17.028669494376675, 51.150443626501314], [17.028758672776668, 51.15044037206529], [17.0289369293774, 51.15043631992405], [17.02913062293659, 51.150431915602816], [17.029230078440097, 51.150429654975405], [17.029246744178966, 51.15037640833124], [17.028897862666437, 51.15038989132199], [17.028916193408115, 51.15029354875328], [17.029050259275696, 51.149590206811624], [17.02916328239043, 51.14921789523664], [17.02899037265496, 51.14944031984834], [17.02892993041144, 51.14951578048674], [17.028903759066825, 51.14952331226552], [17.028890416979234, 51.14955359545587], [17.02879397908098, 51.14953671225043], [17.028713607858023, 51.14971857945061], [17.0288100461042, 51.14973546272367], [17.028632077183243, 51.150138096007545], [17.02834801033074, 51.15019000694027], [17.028258219402176, 51.15020638623735], [17.027540468036054, 51.149922964661585], [17.02742580124633, 51.149877755241256], [17.027284631624678, 51.14985787385221], [17.027601862278562, 51.14920114863639], [17.028483314258484, 51.149369558888054], [17.028524505010925, 51.14927637282328], [17.028599505398947, 51.14913791704744], [17.02875609484163, 51.14884869930435], [17.02925607380976, 51.14880224737335], [17.029491490982807, 51.14878040545602], [17.029615560765745, 51.14860962490534], [17.029769228948094, 51.14812056884991], [17.029697716979417, 51.148076564640135], [17.029738400904414, 51.1479501212555], [17.029879616683125, 51.14793144352027], [17.030115562340974, 51.147151840987675], [17.030147021681966, 51.14714287848731], [17.03025701215687, 51.146780887675924], [17.030043729766646, 51.14666909487464], [17.029816020413595, 51.14654946889483], [17.02980446156707, 51.146534989585696], [17.029704109105968, 51.14647810668409], [17.02963317002779, 51.14643689395706], [17.029286416715884, 51.146238617686144], [17.028816205156026, 51.14596987927818], [17.028522566959964, 51.145801572724594], [17.0285961105465, 51.145516420763535], [17.029042853295334, 51.14557653138538], [17.02986107391167, 51.14567393677988], [17.03014132388603, 51.14473214168035], [17.0304350997554, 51.14489792824294], [17.030457528548034, 51.14482468675921], [17.02974276368355, 51.14442668502402], [17.02935818847793, 51.14421103273902], [17.0284848378925, 51.14372114528172], [17.027603056174186, 51.14323142383093], [17.026908718653047, 51.142849072516015], [17.02600597702681, 51.142344403456086], [17.026066935160998, 51.14222247205457], [17.026406097829355, 51.1424113097496], [17.026588105198442, 51.14251256489237], [17.026670988254097, 51.1424346042458], [17.026652649947906, 51.14238039686356], [17.026824885907303, 51.142281020215144], [17.026599969413116, 51.14212786166232], [17.026514284110835, 51.142178047885885], [17.026234317848143, 51.14188785962166], [17.02636058600038, 51.141756268560194], [17.026533112462932, 51.14157437874583], [17.026633898998583, 51.141469283543564], [17.02686484333288, 51.14168563552105], [17.026755292101928, 51.14181337483059], [17.026981241187006, 51.141954756254655], [17.027783532013036, 51.14263238871143], [17.02798723813052, 51.14280434582842], [17.02812581161975, 51.1427386054473], [17.028210450520692, 51.14279538617347], [17.028573711493998, 51.14317937625065], [17.029341270873886, 51.14365965622276], [17.02938568946921, 51.14363164454365], [17.029450211396547, 51.14359089054199], [17.029464796704534, 51.14358163537407], [17.029517469076175, 51.143614579013104], [17.029853335223436, 51.14382479257874], [17.029841883174022, 51.14383251857641], [17.029779364061856, 51.1438745389678], [17.02973715228104, 51.14390362988106], [17.02983021946042, 51.14396077599011], [17.02987470729894, 51.14393150615066], [17.02993594619303, 51.143890562837505], [17.0299468170816, 51.14388329048242], [17.030459528854163, 51.144203968376395], [17.0305996585268, 51.1442318022036], [17.030761968165475, 51.14424396193882], [17.030918728641552, 51.144243355122065], [17.03103581101728, 51.14421979244172], [17.03084301603933, 51.144853277438756], [17.031025586583688, 51.144958584573686], [17.031032500725303, 51.14493620370524], [17.031084490407963, 51.14478891658899], [17.03111603842061, 51.144728533800794], [17.0313073128858, 51.144064390059896], [17.031314634672054, 51.14404641747451], [17.03133294925503, 51.14402899440613], [17.031340852935397, 51.14400984899494], [17.031386421803848, 51.1438544628165], [17.031387163831415, 51.14384359149119], [17.03139678923257, 51.143811146670195], [17.031419089637186, 51.143813587754714], [17.03143403738242, 51.14376514948049], [17.03141217883107, 51.143762082782835], [17.03142251618004, 51.14373044393387], [17.031429437355957, 51.14370088037006], [17.03144698331697, 51.14363823300164], [17.031459053023532, 51.14359824812483], [17.031223003208375, 51.143435207648544], [17.03116534414156, 51.14339534639219], [17.031260176345736, 51.143343632385395], [17.031336079178782, 51.14332984166559], [17.03140921911147, 51.14309026204293], [17.031176986632776, 51.14294160953145], [17.031055517737244, 51.14286358895813], [17.031374246562685, 51.141817640662225], [17.031466075257153, 51.14159379479169], [17.031520560079546, 51.1415674028921], [17.03193499144336, 51.141368324172944], [17.031773509441262, 51.14138196418541], [17.031879813097166, 51.14105078453985], [17.031663566546072, 51.14091849156277], [17.031686450992783, 51.14081918359493], [17.031804461261345, 51.14040585460434], [17.031769869862185, 51.14016447480495], [17.03163108959146, 51.14009660460696], [17.031103273343223, 51.139840495920794], [17.031081120229647, 51.139763531778954], [17.031065476593508, 51.13971965853121], [17.0310370324712, 51.13963945093277], [17.031011258504684, 51.13958801435548], [17.030943083732325, 51.13960154526207], [17.0308573164576, 51.1396185621676], [17.030903486400526, 51.13969572536571], [17.030917872064595, 51.13971981996825], [17.03077600592603, 51.139875864384905], [17.029992197861798, 51.1395935905626], [17.029915155330436, 51.139689985853266], [17.030670406449016, 51.13996711515284], [17.030701249638067, 51.13997846401237], [17.030788218259506, 51.140011250854506], [17.030820188287496, 51.140032938129956], [17.030849997840143, 51.140065673753995], [17.03086734847983, 51.140113327837135], [17.030874327519236, 51.1403724044787], [17.030850798122835, 51.14034820713481], [17.030814964583648, 51.140332897474], [17.030755471423348, 51.140361710705434], [17.03051063888712, 51.14048036747976], [17.030374176610493, 51.14049015862029], [17.030307019637426, 51.14048777692509], [17.030237584896387, 51.140485663973244], [17.02963292779738, 51.14021007815851], [17.02944190236212, 51.14012193170088], [17.029397351310703, 51.14010122738519], [17.029030424617563, 51.139931612397945], [17.028969325562674, 51.139902077537464], [17.028967322825277, 51.139905584853004], [17.0289461388212, 51.13992426925648], [17.02869880973588, 51.14016382133706], [17.02818634470799, 51.13996407519228], [17.02793084475958, 51.13986444109016], [17.027904198277668, 51.13985402534527], [17.02793397333428, 51.139818898542], [17.028147303200733, 51.13957212552564], [17.028213411646004, 51.13952228784634], [17.028361991050563, 51.13936742598787], [17.028530455134234, 51.13919513636143], [17.02854086228235, 51.13919834221811], [17.028583718795893, 51.13921189500687], [17.028658440322108, 51.13913086260069], [17.028625747181692, 51.13911511088142], [17.028792844292994, 51.13891593944574], [17.028844537070018, 51.13892991611529], [17.02887861521998, 51.13889191215418], [17.029121375993725, 51.138628616022764], [17.029297453430203, 51.13843780687254], [17.029330939038715, 51.138403492608504], [17.029332654770126, 51.13840412713476], [17.029415527124282, 51.138318604135904], [17.029413952192275, 51.13831806966555], [17.029425270827883, 51.1382989257379], [17.02944673756176, 51.13828374955686], [17.029448298017492, 51.13828429289631], [17.02952745803764, 51.13820065380634], [17.02960760261617, 51.13812115807291], [17.029307972555582, 51.13795392712465], [17.029094695861275, 51.13818587878599], [17.02870097328623, 51.138659330924725], [17.028678639039594, 51.138686545901116], [17.028574828566235, 51.138812320940026], [17.028468446270804, 51.13894213784516], [17.02846573778213, 51.138941144462876], [17.028415346223124, 51.13900133409268], [17.02838956765424, 51.13902855635804], [17.02834005164294, 51.139080383861014], [17.02822223605253, 51.139204082481776], [17.028220818453804, 51.13920354031314], [17.028134077673265, 51.13929004614833], [17.02790777518214, 51.13952314593582], [17.027710238457036, 51.1397255240645], [17.027593868109143, 51.139846249498646], [17.027538188478303, 51.13990365293554], [17.027446650491093, 51.140009553999626], [17.027280717526573, 51.13994956148637], [17.026495813016776, 51.13969590508229], [17.026494796438843, 51.13970882792306], [17.02645530688709, 51.13973884825019], [17.026382751502975, 51.13987251469422], [17.02627580844384, 51.139964221390954], [17.026315303554142, 51.140081113973274], [17.026474836358474, 51.14026346297651], [17.026515818717233, 51.140283420025106], [17.026443747327185, 51.14026420212555], [17.02642770288786, 51.14028917666733], [17.026384425717804, 51.14035674222115], [17.026358926960185, 51.14039366620353], [17.026233864814504, 51.14057407214985], [17.026030039063148, 51.140843853430155], [17.025998589757425, 51.140851826044084], [17.02610205775536, 51.14099958759929], [17.026115625300342, 51.14100949030936], [17.026151031040943, 51.14102470795274], [17.026126840342723, 51.14104698065097], [17.02610847304252, 51.14108588774491], [17.026144285770457, 51.14111979826597], [17.026283627422103, 51.14117976875848], [17.026283867163755, 51.14120709030694], [17.026316819217953, 51.14123570003128], [17.026351904391007, 51.14127024269526], [17.026447613688426, 51.14136506220597], [17.02632319586806, 51.141501145617156], [17.026301888394872, 51.14150931062165], [17.026168763767757, 51.141484577420506], [17.026122641639212, 51.141542617117835], [17.026071356495816, 51.14153565458003], [17.025321792894488, 51.14120772453767], [17.025249401240824, 51.14117701486829], [17.024800353110045, 51.14099321767177], [17.024780649543306, 51.14098358727081], [17.02473425832545, 51.14096414236445], [17.02464858372389, 51.14092838623426], [17.024577906115123, 51.14090046824256], [17.024559923368404, 51.140893270372786], [17.024604580854056, 51.14085257808751], [17.02397668382541, 51.14057040446034], [17.022565015902295, 51.13993598249548], [17.021107483337666, 51.13912878274009], [17.02077916357697, 51.138946960243224], [17.02013760983703, 51.138622346085526], [17.01989892011542, 51.138437900875616], [17.019791456115897, 51.1385137719299], [17.01973051647061, 51.138553993308214], [17.019832975628066, 51.138616628998996], [17.019787054733314, 51.138648058534486], [17.018904371205565, 51.13925264618809], [17.018895076442824, 51.139259013800945], [17.019686017300995, 51.139686856711926], [17.019880010448833, 51.1397918097548], [17.019361847665163, 51.140297988818155], [17.01820350356569, 51.141557610087006], [17.01814582160153, 51.14153428313424], [17.01816371334777, 51.1415181171116], [17.01676791898142, 51.14098307611452], [17.016660959496726, 51.14094253246547], [17.01545110703423, 51.140477737817804], [17.015230494042484, 51.14039045168945], [17.014208374358383, 51.14069232564849], [17.013111209016834, 51.140589103667466], [17.01234022115596, 51.14085494605404], [17.012321988418996, 51.1408930340948], [17.012168427122795, 51.141911928698306], [17.012015039797546, 51.142931714392525], [17.01199334422096, 51.14318751160951], [17.011988209711838, 51.14324593696448], [17.011985463902594, 51.143265439303704], [17.0119792663073, 51.143285299038084], [17.01197094250667, 51.1433043407307], [17.011956620411258, 51.143321857445486], [17.011941423737916, 51.14333883638021], [17.011924670474464, 51.14335509197954], [17.011189541084534, 51.14408855704812], [17.010957226768873, 51.14432232846853], [17.010908822333178, 51.14437244998382], [17.010857690348526, 51.14442246750434], [17.01080542628605, 51.1444719540275], [17.010752308863378, 51.14451990506782], [17.01062701683167, 51.14463548603756], [17.01018783660256, 51.14504382891064], [17.01014273282884, 51.14501440161123], [17.009828750897967, 51.14474365431696], [17.00978994005282, 51.14471269797546], [17.00959122914093, 51.144535807029825], [17.00941745780535, 51.144396326168945], [17.009398480599454, 51.144380217785965], [17.00934242149944, 51.144332529284476], [17.009287781340394, 51.14428465500248], [17.009270522923014, 51.14426837237479], [17.009185372869002, 51.144185692340514]]], [[[17.01863919789414, 51.13951803454951], [17.01859523671053, 51.13956546367473], [17.018527541315112, 51.13961888748201], [17.018459702698195, 51.139672319037736], [17.01842572137352, 51.139724866064604], [17.01835488839717, 51.139778649993616], [17.019287912023323, 51.14025677156159], [17.019359464955706, 51.14020406287871], [17.019392161594684, 51.14015006647001], [17.019461573577008, 51.1400965486836], [17.01953084423667, 51.14004294876432], [17.019539398335368, 51.139979130980116], [17.01960938425438, 51.139926157296706], [17.019679227137978, 51.139873182372476], [17.019732598858226, 51.13983142328861], [17.01980158970663, 51.13977683200099], [17.018934360495305, 51.13933311248739], [17.01886367539555, 51.13938671817193], [17.018777875585428, 51.13941181665031], [17.018708614351926, 51.13946497571477], [17.01863919789414, 51.13951803454951]]], [[[17.032891384693002, 51.14360992098544], [17.033095955324736, 51.143719721855405], [17.032695456434414, 51.14474402534461], [17.032514320350284, 51.14471351752987], [17.0325744020464, 51.14467112492877], [17.032739091176904, 51.14424066054029], [17.031857089836766, 51.14410926982319], [17.0318770955343, 51.14403422805772], [17.03163178565228, 51.14400484173478], [17.031606352182553, 51.14408860342199], [17.031607326174896, 51.144100109242075], [17.031557133411248, 51.14428047539196], [17.03150289253657, 51.144477384898394], [17.031491250711177, 51.14451944992547], [17.03145098104854, 51.14465857279827], [17.03148583718326, 51.1446640754372], [17.031713118594613, 51.14470009997864], [17.03172268659943, 51.144701815306526], [17.031774835154437, 51.1447107512292], [17.031785834521713, 51.144710311897185], [17.032054681951017, 51.14475562455832], [17.032061974635376, 51.14475679962836], [17.031834242024658, 51.14535710391963], [17.03162393906307, 51.14525672850669], [17.031288441277738, 51.145081295121614], [17.031258768682626, 51.14516610036802], [17.031228249492514, 51.14525311004578], [17.033229358101487, 51.146384500610296], [17.034224935699815, 51.14694832136932], [17.034211920636604, 51.146957662009356], [17.034004870451554, 51.146866559149515], [17.033997140324168, 51.14687194302578], [17.033970587592766, 51.146854041095864], [17.033936264310256, 51.14687289653901], [17.033899637121696, 51.14690010229561], [17.033827104950536, 51.146866529152064], [17.033768640370834, 51.14695322769783], [17.033771647837064, 51.14695430433095], [17.033703961634178, 51.14700486921926], [17.033769082623074, 51.14702855553734], [17.033760180963462, 51.1470565027032], [17.033428879031835, 51.14732782338279], [17.03341001049615, 51.14733068796812], [17.032811744888836, 51.147049814214164], [17.03222636424487, 51.14755887372609], [17.032747170397347, 51.14776508920166], [17.033131577992446, 51.147932094755404], [17.03345798927115, 51.14792324992322], [17.033566729383708, 51.147851952700876], [17.03377415285683, 51.1479712059504], [17.03380556854747, 51.14798965151192], [17.033882554325718, 51.14801262670408], [17.033889241581054, 51.148028449766066], [17.03417576384184, 51.14819485003748], [17.03431981031144, 51.14828223207641], [17.03432967846714, 51.14827576909618], [17.034457032908158, 51.14834596879585], [17.03446318362216, 51.14834094042669], [17.034483532518045, 51.14831030092436], [17.03461589116418, 51.14821259736736], [17.03548064382457, 51.14861812545882], [17.035721431600308, 51.14871284794438], [17.036024068069622, 51.14882046740983], [17.03626476593719, 51.14879815196958], [17.03663064887757, 51.148769900239564], [17.03651632787709, 51.148175849391954], [17.037511041320048, 51.14871213537011], [17.03843928482112, 51.1492203310865], [17.038761680482036, 51.149396903531425], [17.038870790551737, 51.14970870662503], [17.03928572706597, 51.14975094182054], [17.039385775422303, 51.14974489548408], [17.03963731498663, 51.149727876125816], [17.039607035289624, 51.14971995035364], [17.038865004666707, 51.14930950141929], [17.03880114322596, 51.14912032917297], [17.038726975819927, 51.14912316266656], [17.03872276103226, 51.149079744056834], [17.038540911140217, 51.149123853748776], [17.037818573617688, 51.14872473407641], [17.0372257555154, 51.14839491642182], [17.036834245095694, 51.14817711292533], [17.038801593473853, 51.14730539563108], [17.03872026986491, 51.14706490372632], [17.038697527568708, 51.146997645131535], [17.038509428397496, 51.146428780974524], [17.039320355826906, 51.1459119240634], [17.03982188195101, 51.145587039680315], [17.039785239665257, 51.1455001686446], [17.039739847475175, 51.145414843891835], [17.039688134599956, 51.14533108535747], [17.039631108777023, 51.1452485417223], [17.039565594690604, 51.14516871514215], [17.039494181218107, 51.145090817796174], [17.039416428511196, 51.14501538543944], [17.039332765263147, 51.14494242158052], [17.03924347167307, 51.14487219819766], [17.03914767360884, 51.14480551716428], [17.038992716763527, 51.14471093157505], [17.03872323818421, 51.144838797124585], [17.038551148970914, 51.14469525639202], [17.03877992326595, 51.144586744026], [17.03797741181465, 51.14411457231393], [17.037080746100486, 51.1435870527358], [17.036194582021007, 51.143077771798886], [17.036159597547737, 51.143126495032696], [17.036086098923136, 51.143243132235746], [17.03599527238354, 51.143382046738985], [17.035917126338703, 51.14349260448695], [17.035816509576346, 51.14363219327653], [17.035729146418355, 51.143749534008634], [17.035641212735563, 51.14386885668129], [17.03555913528889, 51.1439780243337], [17.03547686583814, 51.1440867858103], [17.035355766868616, 51.14424694438753], [17.03506112631001, 51.1444084759566], [17.03461202866808, 51.14414354884598], [17.03432083357403, 51.14396591877489], [17.03398538327616, 51.143764890978346], [17.0336957300803, 51.14360604243824], [17.03325363076007, 51.143357798693856], [17.03324020376815, 51.143350639825776], [17.032891384693002, 51.14360992098544]], [[17.033888331763176, 51.14463188332085], [17.033512710635915, 51.144885338134735], [17.03461202866808, 51.14414354884598], [17.033888331763176, 51.14463188332085]], [[17.037240377790525, 51.145681580605725], [17.03719430850437, 51.1456544549067], [17.03850941518042, 51.146428773192476], [17.037240377790525, 51.145681580605725]]]]}}, {"type": "Feature", "properties": {"district": 5, "variant": "wariant-spojny-propozycja", "crs": "EPSG:4326"}, "geometry": {"type": "Polygon", "coordinates": [[[17.00220623999224, 51.131496662863874], [17.002207661401748, 51.13150250569823], [17.002208716731822, 51.13150684060558], [17.002210190688462, 51.131512895076725], [17.0022165956843, 51.13153921757057], [17.00224286822596, 51.131647180346576], [17.00226047164078, 51.13171952126113], [17.002299141846645, 51.1318784272954], [17.002303261244112, 51.13189535498173], [17.002306293176527, 51.131907814474], [17.0023208705178, 51.13196796292711], [17.00245712952379, 51.13253592995148], [17.002486976593232, 51.13266033559773], [17.002516882965654, 51.132785046489204], [17.002725772700508, 51.13365612712235], [17.00276384943286, 51.13381490475792], [17.002828394202194, 51.134084047778025], [17.0029886749009, 51.134752489602896], [17.003023084587355, 51.134895984873914], [17.003076004489277, 51.13511668123036], [17.003080823297413, 51.13513376673073], [17.00366346102658, 51.13804045148142], [17.003782984098496, 51.138599337075185], [17.003930140056948, 51.13916887912511], [17.00426207997736, 51.13909315447527], [17.004218772650187, 51.138975353713874], [17.00418953847482, 51.13888821965552], [17.004083044943343, 51.13860360790082], [17.00402538847159, 51.13845209046988], [17.003914221739404, 51.13778777801994], [17.003888709691747, 51.13733983020048], [17.00385553409494, 51.137112558439114], [17.003837871208642, 51.13691011342182], [17.003810502725756, 51.1367596179406], [17.00377173297698, 51.136542672560644], [17.003730172593446, 51.13629274724771], [17.003693745569173, 51.13611105230679], [17.003662127953163, 51.13594491449693], [17.00378590294567, 51.13592741423799], [17.00379631272074, 51.13587726862019], [17.003922178982187, 51.13551156205627], [17.004078458896522, 51.13552331205416], [17.003955848016822, 51.13578161092816], [17.003795023839377, 51.13612041030705], [17.003912248185888, 51.13675198034489], [17.003937438304817, 51.13691739808194], [17.004185554470542, 51.138637688626076], [17.0042582590528, 51.13883236763526], [17.00443539882764, 51.13939885832235], [17.00444566298218, 51.13947042253967], [17.005749970885937, 51.13932628460948], [17.00564588662065, 51.13891440112597], [17.005551067307312, 51.13851366257835], [17.00556379731772, 51.13814728003158], [17.00552653274674, 51.1379569485399], [17.00549196360691, 51.13777552174341], [17.005410343743343, 51.137365815671394], [17.005340308810446, 51.13713455410749], [17.00530744512379, 51.13695295294937], [17.005272464493153, 51.136760824844906], [17.005228728353554, 51.13652797994646], [17.00518590327441, 51.13633055308676], [17.005127501852126, 51.13613453992228], [17.00506725251846, 51.13592945840016], [17.005015513604135, 51.13575125644708], [17.005004738125425, 51.13571610504817], [17.00496900743693, 51.13559885439832], [17.004917403374094, 51.13542371901557], [17.00505471236123, 51.135364791295565], [17.005072838812985, 51.13543752812413], [17.005075105156855, 51.13544642920144], [17.005108805675604, 51.135575708711805], [17.00513106131009, 51.13565311932638], [17.00516835775471, 51.13577000567725], [17.005190745615423, 51.13584858605953], [17.005202038009003, 51.13590756446783], [17.00526498329076, 51.1361820421461], [17.005275986265296, 51.13624119787518], [17.00530661974287, 51.13639888555099], [17.005351538206117, 51.13661528938247], [17.005390940695868, 51.13681244434055], [17.00543218783082, 51.137008886801866], [17.005544113690984, 51.137536372535465], [17.00557616558969, 51.13769263381541], [17.005745692375662, 51.138512314783064], [17.005795264129727, 51.138766397652404], [17.005836062279432, 51.13898190316392], [17.00596361298621, 51.13962663848326], [17.006029430953454, 51.139958754733634], [17.006041578151926, 51.14001728180622], [17.00605459691758, 51.14007581628409], [17.006068597110207, 51.140133900627625], [17.0060930999133, 51.14023127815328], [17.006110250609296, 51.140289721881665], [17.00612330394129, 51.140328020906985], [17.006156953915333, 51.14042467606831], [17.00619201907041, 51.140519985804126], [17.00622184891319, 51.14059623790188], [17.006255967859815, 51.14067240057973], [17.006314956288666, 51.14080494197139], [17.0064032484669, 51.14099368395426], [17.00644889813003, 51.14108792385632], [17.006492449684192, 51.14116274622186], [17.006560915150885, 51.141271931928706], [17.00664563955597, 51.141399279963856], [17.00671983478075, 51.14150720174626], [17.00678544101647, 51.14161781935438], [17.006893780547795, 51.14173890417657], [17.00702933664558, 51.141894982995304], [17.007171629405924, 51.14204683975893], [17.007238649861247, 51.142113599554726], [17.007504714318838, 51.142380171737955], [17.007808304259328, 51.142678327687825], [17.008207033200154, 51.143055841294576], [17.00847696920245, 51.143322318166874], [17.008675090763138, 51.14355430369165], [17.008813037686146, 51.14373006100902], [17.008867195160907, 51.14380175402405], [17.00892207238912, 51.1438725451563], [17.00907544942737, 51.14406595374405], [17.009185372869002, 51.144185692340514], [17.009270522923014, 51.14426837237479], [17.009287781340394, 51.14428465500248], [17.00934242149944, 51.144332529284476], [17.009398480599454, 51.144380217785965], [17.00941745780535, 51.144396326168945], [17.00959122914093, 51.144535807029825], [17.00978994005282, 51.14471269797546], [17.009828750897967, 51.14474365431696], [17.01014273282884, 51.14501440161123], [17.01018783660256, 51.14504382891064], [17.01062701683167, 51.14463548603756], [17.010752308863378, 51.14451990506782], [17.01080542628605, 51.1444719540275], [17.010857690348526, 51.14442246750434], [17.010908822333178, 51.14437244998382], [17.010957226768873, 51.14432232846853], [17.011189541084534, 51.14408855704812], [17.011924670474464, 51.14335509197954], [17.011941423737916, 51.14333883638021], [17.011956620411258, 51.143321857445486], [17.01197094250667, 51.1433043407307], [17.0119792663073, 51.143285299038084], [17.011985463902594, 51.143265439303704], [17.011988209711838, 51.14324593696448], [17.01199334422096, 51.14318751160951], [17.012015039797546, 51.142931714392525], [17.012168427122795, 51.141911928698306], [17.012321988418996, 51.1408930340948], [17.01234022115596, 51.14085494605404], [17.013111209016834, 51.140589103667466], [17.014208374358383, 51.14069232564849], [17.015230494042484, 51.14039045168945], [17.01545110703423, 51.140477737817804], [17.016660959496726, 51.14094253246547], [17.01676791898142, 51.14098307611452], [17.01816371334777, 51.1415181171116], [17.01814582160153, 51.14153428313424], [17.01820350356569, 51.141557610087006], [17.019361847665163, 51.140297988818155], [17.019880010448833, 51.1397918097548], [17.019686017300995, 51.139686856711926], [17.018895076442824, 51.139259013800945], [17.018904371205565, 51.13925264618809], [17.019787054733314, 51.138648058534486], [17.019832975628066, 51.138616628998996], [17.01973051647061, 51.138553993308214], [17.019791456115897, 51.1385137719299], [17.01989892011542, 51.138437900875616], [17.02013760983703, 51.138622346085526], [17.02077916357697, 51.138946960243224], [17.021107483337666, 51.13912878274009], [17.022565015902295, 51.13993598249548], [17.02397668382541, 51.14057040446034], [17.024604580854056, 51.14085257808751], [17.024559923368404, 51.140893270372786], [17.024577906115123, 51.14090046824256], [17.02464858372389, 51.14092838623426], [17.02473425832545, 51.14096414236445], [17.024780649543306, 51.14098358727081], [17.024800353110045, 51.14099321767177], [17.025249401240824, 51.14117701486829], [17.025321792894488, 51.14120772453767], [17.026071356495816, 51.14153565458003], [17.026122641639212, 51.141542617117835], [17.026168763767757, 51.141484577420506], [17.026301888394872, 51.14150931062165], [17.02632319586806, 51.141501145617156], [17.026447613688426, 51.14136506220597], [17.026351904391007, 51.14127024269526], [17.026316819217953, 51.14123570003128], [17.026283867163755, 51.14120709030694], [17.026283627422103, 51.14117976875848], [17.026144285770457, 51.14111979826597], [17.02610847304252, 51.14108588774491], [17.026126840342723, 51.14104698065097], [17.026151031040943, 51.14102470795274], [17.026115625300342, 51.14100949030936], [17.02610205775536, 51.14099958759929], [17.025998589757425, 51.140851826044084], [17.025994470790305, 51.14084179974188], [17.025998589757425, 51.14085182604408], [17.026030039063148, 51.14084385343015], [17.026233864814504, 51.140574072149846], [17.026358926960185, 51.140393666203536], [17.026384425717804, 51.140356742221144], [17.02642770288786, 51.14028917666732], [17.026442567027264, 51.14026603936432], [17.026443747327185, 51.14026420212556], [17.02644877776463, 51.140265543498934], [17.026515818772683, 51.14028342005211], [17.026474836358474, 51.14026346297651], [17.026315303554142, 51.140081113973274], [17.02627580844384, 51.139964221390954], [17.026382751502975, 51.13987251469422], [17.02645530688709, 51.13973884825019], [17.0264947964402, 51.13970882792203], [17.026495813016776, 51.13969590508229], [17.027280717526573, 51.13994956148637], [17.027446650491093, 51.140009553999626], [17.027538188478303, 51.13990365293554], [17.027593868109143, 51.139846249498646], [17.027710238457036, 51.1397255240645], [17.02790777518214, 51.13952314593582], [17.028134077673265, 51.13929004614833], [17.028220818453804, 51.13920354031314], [17.02822223605253, 51.139204082481776], [17.02834005164294, 51.139080383861014], [17.02838956765424, 51.13902855635804], [17.028415346223124, 51.13900133409268], [17.02846573778213, 51.138941144462876], [17.028468446270804, 51.13894213784516], [17.028574828566235, 51.138812320940026], [17.028678639039594, 51.138686545901116], [17.02870097328623, 51.138659330924725], [17.029094695861275, 51.13818587878599], [17.029307972555582, 51.13795392712465], [17.02960760261617, 51.13812115807291], [17.02952745803764, 51.13820065380634], [17.029448298017492, 51.13828429289631], [17.02944673756176, 51.13828374955686], [17.029425270827883, 51.1382989257379], [17.029413952192275, 51.13831806966555], [17.029415527124282, 51.138318604135904], [17.029332654770126, 51.13840412713476], [17.029330939038715, 51.138403492608504], [17.029297453430203, 51.13843780687254], [17.029121375993725, 51.138628616022764], [17.02887861521998, 51.13889191215418], [17.028844537070018, 51.13892991611529], [17.028792844292994, 51.13891593944574], [17.028625747181692, 51.13911511088142], [17.028658440322108, 51.13913086260069], [17.028583718795893, 51.13921189500687], [17.02854086228235, 51.13919834221811], [17.028530455134234, 51.13919513636143], [17.028361991050563, 51.13936742598787], [17.028213411646004, 51.13952228784634], [17.028147303200733, 51.13957212552564], [17.02793397333428, 51.139818898542], [17.027904198277668, 51.13985402534527], [17.02793084475958, 51.13986444109016], [17.02818634470799, 51.13996407519228], [17.02869880973588, 51.14016382133706], [17.0289461388212, 51.13992426925648], [17.028967322825277, 51.139905584853004], [17.028969325562674, 51.139902077537464], [17.029030424617563, 51.139931612397945], [17.029397351310703, 51.14010122738519], [17.02944190236212, 51.14012193170088], [17.02963292779738, 51.14021007815851], [17.030237584896387, 51.140485663973244], [17.030307019637426, 51.14048777692509], [17.030374176610493, 51.14049015862029], [17.03051063888712, 51.14048036747976], [17.030755471423348, 51.140361710705434], [17.030814964583648, 51.140332897474], [17.030850798122835, 51.14034820713481], [17.030874327519236, 51.1403724044787], [17.03086734847983, 51.140113327837135], [17.030849997840143, 51.140065673753995], [17.030820188287496, 51.140032938129956], [17.030788218259506, 51.140011250854506], [17.030701249638067, 51.13997846401237], [17.030670406449016, 51.13996711515284], [17.029915155330436, 51.139689985853266], [17.029992197861798, 51.1395935905626], [17.03077600592603, 51.139875864384905], [17.030917872064595, 51.13971981996825], [17.030903486400526, 51.13969572536571], [17.0308573164576, 51.1396185621676], [17.030943083732325, 51.13960154526207], [17.031011258504684, 51.13958801435548], [17.0310370324712, 51.13963945093277], [17.031065476593508, 51.13971965853121], [17.031081120229647, 51.139763531778954], [17.031103273343223, 51.139840495920794], [17.03163108959146, 51.14009660460696], [17.03200555656709, 51.139774333159764], [17.032384146733634, 51.13989710931121], [17.03247522202775, 51.13959882205908], [17.032487901469505, 51.13945095729654], [17.032640269620458, 51.139328807757344], [17.0333195455203, 51.13879064931299], [17.03314381902255, 51.138693807500914], [17.033114836854505, 51.138677521369964], [17.033185960646616, 51.1386212228364], [17.033029454379296, 51.13862972765423], [17.032884015708987, 51.1385482834284], [17.032622889719427, 51.138601500056645], [17.03216594356524, 51.13869476280209], [17.032119200638483, 51.13870371622205], [17.032057748853568, 51.13871563133878], [17.031699567548284, 51.138785140920554], [17.031671559885915, 51.1387905994792], [17.031587226682827, 51.13880609156033], [17.031514055710918, 51.138819437592616], [17.03150118683216, 51.13882392473675], [17.03153654279998, 51.13887294143629], [17.031462089974085, 51.13896529586694], [17.031101191314523, 51.138775375698046], [17.031402294227462, 51.13839615117078], [17.030979097771695, 51.137776224906595], [17.03096000502393, 51.13774834261411], [17.031201713262572, 51.13768604212232], [17.031297011453667, 51.13776853848148], [17.031734657401188, 51.13820751361798], [17.03181725171258, 51.13829081231663], [17.032004435872526, 51.138289862642935], [17.03199775193798, 51.13828989655886], [17.03217863272075, 51.13859328970789], [17.033228631745644, 51.13821538045094], [17.033179045835414, 51.13819700690801], [17.033001358721098, 51.13816335490582], [17.03281777844578, 51.13815666780385], [17.03278118288789, 51.13816077907501], [17.032758790141152, 51.137871576531], [17.032650237657784, 51.137848132651754], [17.03242041111113, 51.137719423388134], [17.0322663493525, 51.137567401171474], [17.032392235800074, 51.13746771369989], [17.03250277075039, 51.13714057770427], [17.032692795415816, 51.13714160119556], [17.03287429930243, 51.137112061007926], [17.033104366634344, 51.13708345243928], [17.033311566634037, 51.13707010762037], [17.033483056841828, 51.137036968763375], [17.03361460617887, 51.13697862525016], [17.033750526617027, 51.13685735416503], [17.03380783501528, 51.136754914071695], [17.03382656858867, 51.136654249863206], [17.033808159364963, 51.1365490626506], [17.0337497659196, 51.136430366253364], [17.03355871477571, 51.136171350861765], [17.033467415989495, 51.13608409789268], [17.03328341552388, 51.13598023883319], [17.03325829067788, 51.13596611515902], [17.033356176794637, 51.13595548044218], [17.033533781243314, 51.13594616070353], [17.033649721776417, 51.13581742500746], [17.03330397474514, 51.135811349304554], [17.033090776766443, 51.13583233066308], [17.032762064879602, 51.13589791590506], [17.032666867824442, 51.13583456951535], [17.03289067973152, 51.13570087449176], [17.032977620235467, 51.135651934547916], [17.03313382063782, 51.13571505687811], [17.03317610285532, 51.13571975742736], [17.033653312370916, 51.13572071698798], [17.034134182279374, 51.1357304607564], [17.03447561899221, 51.13575477439042], [17.034729477614583, 51.135764825792094], [17.035031078347217, 51.13576717988973], [17.03512352574264, 51.13576310621622], [17.03534543535988, 51.13573816564736], [17.035601918596882, 51.135719631721635], [17.035881812115953, 51.135711808123986], [17.035880030905307, 51.13558671138092], [17.035877647346886, 51.1354130115931], [17.03586521028218, 51.13453103280061], [17.03613845962075, 51.13457776599541], [17.036226135988123, 51.13451517441974], [17.036345580141088, 51.13460540800728], [17.03635612551843, 51.1345291906978], [17.03613703460282, 51.1342001437211], [17.036011746458243, 51.134010490067745], [17.035715497850504, 51.133973985939335], [17.035676587838655, 51.133821865743926], [17.03571566922679, 51.1337778060523], [17.035739868487532, 51.133734136052546], [17.035737374408246, 51.13368375542448], [17.03615040253458, 51.13359376665755], [17.036229444474323, 51.133381677815564], [17.036188377577275, 51.13337290707442], [17.036198504049775, 51.13335386952734], [17.03630758908947, 51.13337602003313], [17.0363202767258, 51.13337602569723], [17.03662995357311, 51.13342828092907], [17.036799914744794, 51.13346649353063], [17.037345106778634, 51.13356940132241], [17.03780190392776, 51.133650156968], [17.038095656002127, 51.13369814204009], [17.038757646019665, 51.133798929376454], [17.038972368815376, 51.13382780687555], [17.03923612334193, 51.13385970279043], [17.03951968706413, 51.133889270666835], [17.039976657789097, 51.13393029393166], [17.039324141664828, 51.133481538823624], [17.039327105099296, 51.133476439062896], [17.03918022254758, 51.13341455221483], [17.03795895324436, 51.13313680910573], [17.03725904252165, 51.132980247835924], [17.036971539446466, 51.13291097964035], [17.036725005524797, 51.13286000953662], [17.036518467707552, 51.13282464186103], [17.036315986958936, 51.132780398499186], [17.035970615938407, 51.1326928424507], [17.035847750927626, 51.132629926776495], [17.035797172157164, 51.13261346323334], [17.035815825392124, 51.132582908346954], [17.035748124861676, 51.13256257290942], [17.035737547400128, 51.1325765095645], [17.035612840344314, 51.13255884138915], [17.035466330881828, 51.13252262738912], [17.035258978456657, 51.13248190191346], [17.03505192488003, 51.13243028306642], [17.03381588558619, 51.132034978634465], [17.033476623412792, 51.131964635903095], [17.033082492554268, 51.131902765273196], [17.032503769259403, 51.13180595174472], [17.032135759742346, 51.131765212959515], [17.031315013638814, 51.131692810881866], [17.031130062605488, 51.13168254079749], [17.030264719295626, 51.131648084789596], [17.02951056829842, 51.13164537972005], [17.029053696352353, 51.13165360659852], [17.02867330140681, 51.13167154648081], [17.028075029761116, 51.131715650415416], [17.027830899785044, 51.13172718662529], [17.02724831619495, 51.13175759963152], [17.025994768666784, 51.131850798813865], [17.024372102315176, 51.13195252939802], [17.02414850368873, 51.13197141195167], [17.023146945100617, 51.13202619361383], [17.02237120516385, 51.1320638145724], [17.02191433643922, 51.132084473278034], [17.02128660256222, 51.132106433224266], [17.02101789942077, 51.13210555058584], [17.020696937745516, 51.13210845487406], [17.020142774586308, 51.13208024209774], [17.01985351029381, 51.13205243124911], [17.019498026484744, 51.13199478514829], [17.01917454340365, 51.13193666920549], [17.01888883379931, 51.131880748110966], [17.018416765323074, 51.13180898666459], [17.0181955904133, 51.131785581783205], [17.01795651097493, 51.13177845925028], [17.017764575116708, 51.13177967007997], [17.017550853242398, 51.13178951644171], [17.016726696890256, 51.13186121354329], [17.016652105845576, 51.13186168310159], [17.016527031418143, 51.13187585983887], [17.016257315876164, 51.13189377312536], [17.0159527058161, 51.13190851547826], [17.014872993252972, 51.13190853171677], [17.01482753511557, 51.131914342661915], [17.014678345006352, 51.131915647817564], [17.014646141993392, 51.13191961961316], [17.014612282559575, 51.13192891730837], [17.012728059326196, 51.13203501547339], [17.01221569606211, 51.13199526959438], [17.011987217121927, 51.13198282159994], [17.011361559328964, 51.13195622854155], [17.010803216146787, 51.13193541555181], [17.010242309230666, 51.13190756624994], [17.009172709371974, 51.13185562814555], [17.008598818243005, 51.13182037930586], [17.00781187363617, 51.131779724381545], [17.007178678973105, 51.13174504416842], [17.006532462758198, 51.13170467630407], [17.006218406717334, 51.13168546692238], [17.00593288408964, 51.13166820728061], [17.005737495544977, 51.13165854544666], [17.005617396216596, 51.131649163905685], [17.006008026015174, 51.13152428297229], [17.006370445867702, 51.13141150011221], [17.006150968674245, 51.13140257748351], [17.003920874870648, 51.13123530386688], [17.003915453196466, 51.1312308365631], [17.003768121268187, 51.1312517078602], [17.00365345404356, 51.13126795160506], [17.003480894867312, 51.13129239585811], [17.00340411171707, 51.13130327260498], [17.00333796938546, 51.131312641623225], [17.003319744508573, 51.1313152236579], [17.003077828061294, 51.1313494925309], [17.002843658696225, 51.13138266279813], [17.002760882894826, 51.13140210553291], [17.002732187131183, 51.131408845809865], [17.002559354684045, 51.1314494417293], [17.002386260577836, 51.131490098988515], [17.00236693875292, 51.13149080346176], [17.002316936208135, 51.13149262700687], [17.002275056757863, 51.131494153953646], [17.00220623999224, 51.131496662863874]], [[17.018527541315112, 51.13961888748201], [17.01859523671053, 51.13956546367473], [17.01863919789414, 51.13951803454951], [17.018708614351926, 51.13946497571477], [17.018777875585428, 51.13941181665031], [17.01886367539555, 51.13938671817193], [17.018934360495305, 51.13933311248739], [17.01980158970663, 51.13977683200099], [17.019732598858226, 51.13983142328861], [17.019679227137978, 51.139873182372476], [17.01960938425438, 51.139926157296706], [17.019539398335368, 51.139979130980116], [17.01953084423667, 51.14004294876432], [17.019461573577008, 51.1400965486836], [17.019392161594684, 51.14015006647001], [17.019359464955706, 51.14020406287871], [17.019287912023323, 51.14025677156159], [17.01835488839717, 51.139778649993616], [17.01842572137352, 51.139724866064604], [17.018459702698195, 51.139672319037736], [17.018527541315112, 51.13961888748201]], [[17.02663752806769, 51.13936150075146], [17.0267654542399, 51.13920030217846], [17.026765454239904, 51.13920030217846], [17.02663752806769, 51.13936150075146]], [[17.026523513326318, 51.1391228474031], [17.02651863686155, 51.1391291355299], [17.026471526926336, 51.13918807511245], [17.026518636861546, 51.139129135529885], [17.026523513326318, 51.1391228474031]], [[17.025837816847265, 51.13992199963496], [17.025838105516623, 51.139944070415766], [17.025839580356006, 51.14005683216624], [17.02584019932225, 51.14010618153236], [17.025839580356006, 51.140056832166245], [17.025837816847265, 51.13992199963497], [17.02583258586591, 51.139492958027134], [17.02583303955971, 51.13953016964832], [17.025834498349102, 51.139649818501546], [17.025837816847265, 51.13992199963496]], [[17.02595472772483, 51.14069521159373], [17.02597812022399, 51.1407930250553], [17.025984236023586, 51.140812399247494], [17.02597812022399, 51.14079302505531], [17.02595472772483, 51.14069521159373]]]}}]}