{"type": "FeatureCollection", "features": [{"type": "Feature", "id": 7423892, "geometry": {"type": "LineString", "coordinates": [[17.040835442371936, 51.14466818289261], [17.046167283102452, 51.14469677209112], [17.04669435377191, 51.144722568960944]]}, "properties": {"OBJECTID": 7423892, "KLASA": null, "KATEGORIA": null, "STATUS_KOD": null}}, {"type": "Feature", "id": 7423914, "geometry": {"type": "LineString", "coordinates": [[17.048289090086193, 51.1372783211236], [17.048850530231107, 51.13526997811874]]}, "properties": {"OBJECTID": 7423914, "KLASA": null, "KATEGORIA": null, "STATUS_KOD": null}}, {"type": "Feature", "id": 7423936, "geometry": {"type": "LineString", "coordinates": [[17.067727721656404, 51.13627805291023], [17.06799919438294, 51.136432141489934], [17.068702337455335, 51.136833457597746], [17.068829039223065, 51.136807137980064], [17.06925302452126, 51.13637217838673], [17.06944547734527, 51.13610016423005], [17.069268064409865, 51.135875737561584], [17.069053030072137, 51.1356932804148], [17.068837010388247, 51.13550803721911], [17.06870549038502, 51.1355993135487], [17.067727721656404, 51.13627805291023]]}, "properties": {"OBJECTID": 7423936, "KLASA": null, "KATEGORIA": null, "STATUS_KOD": null}}, {"type": "Feature", "id": 7423937, "geometry": {"type": "LineString", "coordinates": [[17.043052539710235, 51.136510829742065], [17.04462521809105, 51.136700954492625], [17.04503860537042, 51.1353555866887], [17.043446270171632, 51.13523031072308], [17.043052539710235, 51.136510829742065]]}, "properties": {"OBJECTID": 7423937, "KLASA": null, "KATEGORIA": null, "STATUS_KOD": null}}, {"type": "Feature", "id": 7423965, "geometry": {"type": "LineString", "coordinates": [[17.078325296951437, 51.12792903174353], [17.078292680687444, 51.12760931996447]]}, "properties": {"OBJECTID": 7423965, "KLASA": null, "KATEGORIA": null, "STATUS_KOD": null}}, {"type": "Feature", "id": 7423976, "geometry": {"type": "LineString", "coordinates": [[17.035578913523114, 51.13259926499207], [17.035773410813317, 51.13230033425211]]}, "properties": {"OBJECTID": 7423976, "KLASA": null, "KATEGORIA": null, "STATUS_KOD": null}}, {"type": "Feature", "id": 7423985, "geometry": {"type": "LineString", "coordinates": [[17.024883484970303, 51.13259696033436], [17.02900641899963, 51.132392681374036]]}, "properties": {"OBJECTID": 7423985, "KLASA": null, "KATEGORIA": null, "STATUS_KOD": null}}, {"type": "Feature", "id": 7424023, "geometry": {"type": "LineString", "coordinates": [[17.07192896848589, 51.13407258803299], [17.0720606841375, 51.134008223712605]]}, "properties": {"OBJECTID": 7424023, "KLASA": null, "KATEGORIA": null, "STATUS_KOD": null}}, {"type": "Feature", "id": 7424024, "geometry": {"type": "LineString", "coordinates": [[17.07378717815517, 51.13510532289004], [17.073885231235124, 51.13502285088897]]}, "properties": {"OBJECTID": 7424024, "KLASA": null, "KATEGORIA": null, "STATUS_KOD": null}}, {"type": "Feature", "id": 7424025, "geometry": {"type": "LineString", "coordinates": [[17.075905083084443, 51.13591649984809], [17.07595616929422, 51.135819383963245]]}, "properties": {"OBJECTID": 7424025, "KLASA": null, "KATEGORIA": null, "STATUS_KOD": null}}, {"type": "Feature", "id": 7424042, "geometry": {"type": "LineString", "coordinates": [[17.067727721656404, 51.13627805291023], [17.06799919438294, 51.136432141489934], [17.068702337455335, 51.136833457597746], [17.068829039223065, 51.136807137980064], [17.06925302452126, 51.13637217838673], [17.06944547734527, 51.13610016423005], [17.069268064409865, 51.135875737561584], [17.069053030072137, 51.1356932804148], [17.068837010388247, 51.13550803721911], [17.06870549038502, 51.1355993135487], [17.067727721656404, 51.13627805291023]]}, "properties": {"OBJECTID": 7424042, "KLASA": null, "KATEGORIA": null, "STATUS_KOD": null}}, {"type": "Feature", "id": 7424061, "geometry": {"type": "LineString", "coordinates": [[17.05608380897189, 51.13769074241062], [17.056196150158762, 51.13764666489862], [17.056197017806976, 51.13764756187497], [17.05625376090243, 51.13762512316418], [17.056269458452967, 51.137640855851295], [17.056276177565532, 51.13763789854069], [17.05633064112963, 51.13761302318501], [17.056329362822673, 51.13761194310325], [17.05633908531325, 51.13760745481506], [17.056340363620322, 51.13760853489671], [17.056374243956512, 51.13759309437338], [17.05637295136212, 51.137592014176825], [17.056382109324282, 51.13758788091579], [17.056383387631826, 51.13758896099696], [17.05646058312115, 51.13755367919287], [17.056459304812755, 51.13755259911251], [17.056468882576894, 51.13754819954236], [17.056470160885393, 51.137549279622625], [17.05648759775958, 51.13754137456815], [17.056486319450894, 51.13754029448808], [17.05650118887933, 51.13753356434079], [17.056499896283615, 51.137532484145616], [17.05650919892403, 51.13752826214543], [17.056510477232933, 51.13752934222525], [17.05655707411655, 51.13750833177386], [17.05664356279709, 51.13746927725035], [17.056765785038074, 51.13741217199853], [17.056875716992412, 51.13736144004956], [17.056857894383278, 51.13733077649203], [17.05679881714852, 51.13726513414853], [17.056796960958714, 51.1372657664327], [17.05677084309895, 51.13723617764477], [17.056772699104766, 51.1372355543492], [17.05671306052913, 51.13716801960871], [17.05659361776836, 51.137032687997234], [17.056558511809968, 51.13699330885323], [17.056467064973056, 51.13689079039633], [17.05643096430522, 51.136848346709215], [17.056429685275624, 51.1368487049652], [17.056412850146252, 51.136829906640465], [17.056414706140444, 51.13682928335046], [17.056370623034443, 51.13677747995], [17.056332248417323, 51.13673233897016], [17.056311251803546, 51.136727027473064], [17.05623393008799, 51.13674613579528], [17.056153619633715, 51.13676605598278], [17.05615446564737, 51.13676731237071], [17.05610359588751, 51.136779963768404], [17.056102735588315, 51.136778707264774], [17.056021421287245, 51.136798799052606], [17.055941249852633, 51.13681890000954], [17.05594209586145, 51.13682015639899], [17.055891654587775, 51.13683281116351], [17.055890794476706, 51.13683154567022], [17.055809617176187, 51.136851917095974], [17.055697432502825, 51.136879993938855], [17.055698292792812, 51.136881250445384], [17.055633548091862, 51.136897403443506], [17.05563270209007, 51.136896147051864], [17.055562957505035, 51.13691363505262], [17.055558658212014, 51.13691705235625], [17.05555479870697, 51.136919924843085], [17.055499031149562, 51.13696250789275], [17.05549045068246, 51.136969153858985], [17.055507429306203, 51.13698650614348], [17.05555208781572, 51.13703318143084], [17.055553945846768, 51.13703245928485], [17.055582486429486, 51.137062319622316], [17.055580771448845, 51.1370630339343], [17.055625149870863, 51.13710943724172], [17.055670090868855, 51.13715628556664], [17.055671948903054, 51.137155563418816], [17.055700632505303, 51.137185424881224], [17.055698774653695, 51.13718613804136], [17.055743435380585, 51.13723272337446], [17.055808943399978, 51.13730106112864], [17.055851941669616, 51.13730306235523], [17.055842971077727, 51.13739608666121], [17.05583950048548, 51.13743383311541], [17.055840927524926, 51.13743392554279], [17.055833663899477, 51.13753153036428], [17.055831816852788, 51.13753171322491], [17.055824560345567, 51.13761915980755], [17.055818882982784, 51.13768838275195], [17.05602876567138, 51.137713904940625], [17.056084090669472, 51.13769164364828], [17.05608380897189, 51.13769074241062]]}, "properties": {"OBJECTID": 7424061, "KLASA": null, "KATEGORIA": null, "STATUS_KOD": null}}, {"type": "Feature", "id": 7424067, "geometry": {"type": "LineString", "coordinates": [[17.04065598471315, 51.13955514632465], [17.040632410361106, 51.13955495294643], [17.040609770926313, 51.139557913609025], [17.04058937942115, 51.13956341879852], [17.040556427775357, 51.13958129857532], [17.04054081596138, 51.13959681248512], [17.04053533749049, 51.13960603586622], [17.040457139074682, 51.13992605499354], [17.0404571455165, 51.139948766487926], [17.040458724647664, 51.13995986008144], [17.040463824540332, 51.139968900558785], [17.040479710124682, 51.13998843953522], [17.040498852288728, 51.14000253952216], [17.04050396558817, 51.140004729997536], [17.040527179724187, 51.140014728149396], [17.040535315600714, 51.14001587365236], [17.040559523392243, 51.140019299528774], [17.040668079836514, 51.140028923473075], [17.040732843451757, 51.140034664189585], [17.04076309864506, 51.1400358922137], [17.040783980759, 51.1400349937162], [17.04080498679268, 51.14003004639593], [17.040821711764302, 51.140024604590565], [17.040832931435382, 51.140017406902956], [17.040843023978393, 51.14000688189229], [17.040847767993743, 51.139997931153076], [17.040854811541166, 51.139975245114435], [17.04087526490963, 51.13988725229563], [17.04093385106087, 51.13963519470765], [17.040934925071927, 51.139617844508265], [17.040931505915076, 51.139610444959864], [17.04092218637545, 51.13960056622487], [17.040912411548906, 51.13959335008458], [17.040901101829586, 51.13958745182388], [17.0408724434905, 51.13957813725898], [17.04084681913107, 51.13957343228884], [17.04068236812691, 51.13955770004779], [17.04065598471315, 51.13955514632465]]}, "properties": {"OBJECTID": 7424067, "KLASA": null, "KATEGORIA": null, "STATUS_KOD": null}}, {"type": "Feature", "id": 7424078, "geometry": {"type": "LineString", "coordinates": [[17.060816548346992, 51.138204800858475], [17.060765588098548, 51.137944437363544], [17.06055434587715, 51.13796072986573], [17.0599686294624, 51.13801037484631], [17.059684704410166, 51.138034710704446], [17.059697439222276, 51.138091050472255], [17.059762829911982, 51.13843402027076], [17.059837173729733, 51.138797405531776], [17.06051848819219, 51.1388804592741], [17.060548339626713, 51.13888748624193], [17.06086041403435, 51.13887683180698], [17.06083157102317, 51.138722212175935], [17.060779893483144, 51.13841054898166], [17.060816548346992, 51.138204800858475]]}, "properties": {"OBJECTID": 7424078, "KLASA": null, "KATEGORIA": null, "STATUS_KOD": null}}, {"type": "Feature", "id": 7424131, "geometry": {"type": "LineString", "coordinates": [[17.01081188993049, 51.15755251466297], [17.010813797043625, 51.15754913714912], [17.010825361035106, 51.1575070735491], [17.010826846819388, 51.15748572673802], [17.010820224437392, 51.15743976965054], [17.010800374382743, 51.15739535479012], [17.010759144399668, 51.15734531139104], [17.0107012387741, 51.15730229167878], [17.010629570579347, 51.15726845081266], [17.010547720126066, 51.15724549112642], [17.010504240717612, 51.1572384709886], [17.01041492278296, 51.157233804876235], [17.01032619282151, 51.15724174714161], [17.010242504868703, 51.157261912962284], [17.01020387134346, 51.157276284105315], [17.010162486739098, 51.157296295426185], [17.010125607909853, 51.157319518205604], [17.01009384361795, 51.1573455620558], [17.010067732127435, 51.1573739910441], [17.010053423138626, 51.15739568055519]]}, "properties": {"OBJECTID": 7424131, "KLASA": null, "KATEGORIA": null, "STATUS_KOD": null}}, {"type": "Feature", "id": 7424135, "geometry": {"type": "LineString", "coordinates": [[17.05460551335442, 51.14221545860287], [17.054730468131623, 51.14217713893691], [17.05485540197051, 51.14214403295667], [17.05500692554225, 51.14210977526469], [17.055228058407636, 51.14206223566617], [17.055284353556257, 51.142049919731626], [17.055868380332093, 51.14192215194074], [17.055896420138055, 51.14189475314375], [17.055895470637402, 51.14185933530874], [17.05582068516656, 51.14177751024243], [17.055729775869278, 51.14168048831955], [17.05566040417814, 51.1416142139766], [17.055590024135373, 51.14155324432318], [17.055477083911622, 51.14147912968], [17.05531784656286, 51.14140903691083], [17.055297583780288, 51.14140177142836], [17.054866880310698, 51.14124733137897], [17.054395153959913, 51.141078178237], [17.054357727958667, 51.1410746573439], [17.054317430363675, 51.141079491560745], [17.054198227291387, 51.14156794141662], [17.054115046311544, 51.141581022856435], [17.05407345764129, 51.14158747367255], [17.053053943216494, 51.14174738360139], [17.05297198994737, 51.14180379522705], [17.052854705837163, 51.14219768827124], [17.052847810778168, 51.14219886491171], [17.052698204518613, 51.142224396515566], [17.052679477271337, 51.14233152714199], [17.05311445243747, 51.14232139429218], [17.053114534365427, 51.14226989333421], [17.053135397564184, 51.142265765196974], [17.05325069150453, 51.14224436290178], [17.05331604682695, 51.14223223092772], [17.053369501713984, 51.14222138160676], [17.053498992192257, 51.1421940223722], [17.05360426505113, 51.14233762069502], [17.05365765017002, 51.14237072100348], [17.05381698007383, 51.14248036217195], [17.053859264486384, 51.14249584279307], [17.053940687175952, 51.142515029087534], [17.054091246312506, 51.142433659092], [17.054233229201103, 51.14236423869295], [17.054349035702614, 51.142315570302955], [17.054480417021022, 51.14226349478641], [17.054547912900507, 51.14223757674476], [17.05460551335442, 51.14221545860287]]}, "properties": {"OBJECTID": 7424135, "KLASA": null, "KATEGORIA": null, "STATUS_KOD": null}}, {"type": "Feature", "id": 7424231, "geometry": {"type": "LineString", "coordinates": [[17.04597410734116, 51.142931189699745], [17.04603214885492, 51.143004389310434], [17.046043113370317, 51.14338692491083], [17.046045417864374, 51.143470637233484], [17.046049317571885, 51.14354490546762], [17.046056416232382, 51.14367960116533], [17.046084213010193, 51.14406298418734]]}, "properties": {"OBJECTID": 7424231, "KLASA": null, "KATEGORIA": null, "STATUS_KOD": null}}, {"type": "Feature", "id": 7424285, "geometry": {"type": "LineString", "coordinates": [[17.043142658609725, 51.13920399352674], [17.043219110250686, 51.13921776185737], [17.044103818113868, 51.13937703808779], [17.044142827243686, 51.13938406319081]]}, "properties": {"OBJECTID": 7424285, "KLASA": null, "KATEGORIA": null, "STATUS_KOD": null}}, {"type": "Feature", "id": 7424321, "geometry": {"type": "LineString", "coordinates": [[17.005592524151897, 51.155440420971686], [17.005923538251523, 51.15569641000235], [17.006261110143267, 51.155920792222275], [17.006653514591225, 51.15613949021434], [17.0070962292762, 51.156338117570996], [17.007251315580504, 51.15644742649759], [17.007675825376158, 51.15661731905672], [17.008091216293714, 51.15676995353142], [17.00853860692983, 51.15691972936939], [17.00899057824839, 51.15705800858771], [17.00955216421482, 51.15720787598878], [17.009931152050356, 51.157297250186], [17.010351245449225, 51.15739241866295], [17.010871854435425, 51.15748480384966], [17.01128286497643, 51.1575569775762], [17.011803535667298, 51.15762924930882], [17.012178066064322, 51.157672668469914], [17.012735321375438, 51.15772486549999], [17.01315557602483, 51.15775396040491], [17.013543864916947, 51.15777440588038], [17.01411033900939, 51.157789259239074], [17.01454435905599, 51.15778962642662], [17.01486873784918, 51.157787036982], [17.01541243068998, 51.15776738772203], [17.01579172768883, 51.15771599478989], [17.01614642608073, 51.157691928973506], [17.01656676301428, 51.15765528139343]]}, "properties": {"OBJECTID": 7424321, "KLASA": null, "KATEGORIA": null, "STATUS_KOD": null}}, {"type": "Feature", "id": 7424429, "geometry": {"type": "LineString", "coordinates": [[17.018926415989274, 51.13922588910798], [17.019758247141308, 51.13865951263182], [17.019886111200986, 51.13857244964341], [17.02001249039091, 51.13850892698119], [17.020019161385413, 51.13850363403258], [17.02042790430334, 51.13817871999557], [17.020482508480384, 51.13813531679085], [17.02056624884769, 51.13807705494272], [17.021100969080837, 51.13770505388043], [17.02119103102261, 51.13764239461588], [17.021314057285696, 51.13755679984077], [17.02158870764421, 51.13736570332688], [17.022520352991837, 51.13671136033706], [17.02261853178978, 51.136642394145476], [17.022722975989232, 51.13656903034548], [17.022887887028638, 51.136453201086134], [17.022965121150474, 51.13639893749899], [17.023021860496527, 51.136359092872965], [17.023725874905693, 51.13586459843802], [17.02373728262016, 51.13585757385527], [17.023904751992536, 51.13575766723042], [17.023964560844835, 51.13571820735284], [17.02469985534743, 51.13519830622408], [17.02483165583727, 51.135103833513284], [17.024951972151623, 51.13503011642744], [17.025075264099236, 51.134969778166976], [17.025283382062145, 51.13486703507391], [17.025441229418192, 51.13479972347805], [17.02565947906466, 51.134716535754656], [17.025908473522026, 51.134638925590096], [17.025949852648893, 51.13462602846743], [17.026032364862495, 51.13460852958725], [17.02614028084308, 51.13458564163619], [17.026208885229142, 51.13457110128118], [17.026508779677062, 51.13451492249837], [17.026635909795115, 51.134499664439076], [17.02675225328738, 51.134485709873154], [17.026808841928215, 51.134481991609846], [17.027014675345697, 51.134468619630205], [17.027518796980488, 51.134452711848716], [17.028091102997543, 51.13441941351693], [17.028302120651905, 51.13439952260105]]}, "properties": {"OBJECTID": 7424429, "KLASA": null, "KATEGORIA": null, "STATUS_KOD": null}}, {"type": "Feature", "id": 7424511, "geometry": {"type": "MultiLineString", "coordinates": [[[17.04545283498031, 51.138436205716], [17.045436711501353, 51.13850988809571], [17.04539247124837, 51.13871218956053], [17.04518795395644, 51.139578263455846], [17.045059997140072, 51.140148519575035], [17.044984703065506, 51.14046776525012], [17.0449134625632, 51.140769882738496], [17.0448704443209, 51.14095498774664], [17.044858211645796, 51.141007621085336], [17.044842582229222, 51.14107596754437], [17.044751485641346, 51.141474552399224], [17.044739232464515, 51.14152816542512], [17.04472475962949, 51.141591001670506], [17.044637870556432, 51.141968423202165], [17.044620822604408, 51.14204245746704]], [[17.044620822604408, 51.14204245746704], [17.044678799379366, 51.14209371352868], [17.044682719832352, 51.14211771193298], [17.044683328489267, 51.142121456595014], [17.044621368364844, 51.14242030549219], [17.044601139764186, 51.14244903295145], [17.04458024791909, 51.1424641986121], [17.04455873200278, 51.14246805919357], [17.044552219832354, 51.142469228584886], [17.044493735552678, 51.14246330307272], [17.044471083996775, 51.14245433513356], [17.0444579418546, 51.14243607767849], [17.04445117292072, 51.14240538568222], [17.044519800442973, 51.14211381901244], [17.044526708368156, 51.1421038609878], [17.04454229187336, 51.14208138834082], [17.044620822604408, 51.14204245746704]]]}, "properties": {"OBJECTID": 7424511, "KLASA": null, "KATEGORIA": null, "STATUS_KOD": null}}, {"type": "Feature", "id": 7424522, "geometry": {"type": "LineString", "coordinates": [[17.05470873751658, 51.136466717635685], [17.05464193786883, 51.136407187647194], [17.05456384111776, 51.13633760576842], [17.053982428268153, 51.13582845924324], [17.053764989031695, 51.13562959320488], [17.05370222076989, 51.13557218087977], [17.053634706357165, 51.13550300761637], [17.053585834273694, 51.135452926359925], [17.053202512700597, 51.13507708601752], [17.05294280068041, 51.134799998856664], [17.05287632476928, 51.134729062589464], [17.052479868889844, 51.13423807290613]]}, "properties": {"OBJECTID": 7424522, "KLASA": null, "KATEGORIA": null, "STATUS_KOD": null}}, {"type": "Feature", "id": 7424527, "geometry": {"type": "LineString", "coordinates": [[17.04027426492806, 51.14383093197197], [17.04031841559705, 51.14382999974702], [17.041068149099186, 51.14381408864781], [17.04146503444466, 51.1438049453291], [17.04177495716591, 51.14379996059868], [17.041957821568865, 51.14380094624858], [17.042237685560057, 51.14381135603706], [17.042494035545737, 51.14383306141153], [17.042573327259607, 51.143839778537675], [17.042604840192183, 51.14380105742829], [17.042798022928537, 51.143563667063646], [17.042938274161703, 51.14340206639963], [17.043039752007342, 51.14336905076132], [17.043416733306003, 51.1434010183929], [17.04385966009636, 51.14343201368201], [17.04392941337261, 51.14343693489084], [17.04401458527761, 51.14344262035278], [17.044099715074214, 51.14344896165209], [17.044140285503723, 51.14345182830972], [17.044470482229393, 51.14346910765662], [17.044696087627255, 51.1434743666837], [17.044876825368416, 51.143474467396764], [17.04514586680575, 51.14347462355633], [17.04591156937933, 51.14347122648801], [17.046045417864374, 51.143470637233484]]}, "properties": {"OBJECTID": 7424527, "KLASA": null, "KATEGORIA": null, "STATUS_KOD": null}}, {"type": "Feature", "id": 7424532, "geometry": {"type": "LineString", "coordinates": [[17.042916692254632, 51.139655339541584], [17.042834729611343, 51.13964752200648], [17.041490314304088, 51.139519331322], [17.041415507774115, 51.13952824723296], [17.04110449484076, 51.13950170429425], [17.04105195904939, 51.139516484024334], [17.041011296851906, 51.139538912395054], [17.041001925476802, 51.139549811909625], [17.040979741160985, 51.13957563704603]]}, "properties": {"OBJECTID": 7424532, "KLASA": null, "KATEGORIA": null, "STATUS_KOD": null}}, {"type": "Feature", "id": 7424535, "geometry": {"type": "LineString", "coordinates": [[17.040842284456513, 51.14146305440869], [17.04080317024469, 51.14150378932444], [17.04055034371767, 51.1417670538266], [17.03975658557367, 51.14261979652479], [17.039346897161792, 51.143055495256135], [17.039046392121424, 51.14338211939506], [17.038969324322807, 51.14346588091006]]}, "properties": {"OBJECTID": 7424535, "KLASA": null, "KATEGORIA": null, "STATUS_KOD": null}}, {"type": "Feature", "id": 7424540, "geometry": {"type": "LineString", "coordinates": [[17.04085814692998, 51.14005702430539], [17.040843733011272, 51.140121613563686], [17.040778851785873, 51.1404121032307], [17.040758290630084, 51.14051472219331], [17.040769067102403, 51.14054980726757], [17.040798927884243, 51.14057973598241], [17.04084878952803, 51.14061544724794], [17.04090444298846, 51.1406419916026], [17.040980553964292, 51.14065573162592], [17.041229101973247, 51.140677232025986], [17.042527953279134, 51.14079489428667], [17.042647339415474, 51.14080570627641], [17.042786237602808, 51.140818313957354], [17.043481571764882, 51.14088140172835], [17.043525774576374, 51.140885413030254], [17.043557782221427, 51.14088830875549], [17.044194623786755, 51.14094606850127], [17.044727904362226, 51.140995535521064], [17.044858211645796, 51.141007621085336], [17.04495740555363, 51.14101640495015], [17.04548614045953, 51.14106324237052], [17.045930585441113, 51.1411013710638], [17.04606644691294, 51.1411130241375], [17.046207446568314, 51.14112984305166], [17.04629745520274, 51.14114056454932], [17.047177766160328, 51.141216528424735], [17.04729864862866, 51.141226952305225], [17.047379000640813, 51.14123404339889], [17.048052173080848, 51.14129342646901], [17.048844731076883, 51.14137012879561], [17.04891070767944, 51.141376508607834], [17.04898471679013, 51.14138282784419], [17.04983682138231, 51.14145559371013], [17.04991405488538, 51.14146218127323], [17.050026305858605, 51.14147266705631], [17.050379218955786, 51.14150564836617], [17.050465782214165, 51.14151373168005], [17.050547595667993, 51.141521380826426], [17.0513364925905, 51.14159511488635], [17.052655385080893, 51.141717061175044], [17.05277522141246, 51.14171937125005], [17.0529124999783, 51.1417220022409], [17.053018991808216, 51.14171160053331], [17.05306422607812, 51.14170718429735], [17.053170721478516, 51.141692413517426], [17.053879358094957, 51.141581453777405], [17.05405153627773, 51.14155319868268], [17.054107145691468, 51.14152987984766], [17.054133754037647, 51.14150823224882], [17.054146954459693, 51.14147905976084], [17.054244102048518, 51.141092994364094], [17.054265261487263, 51.141028880576506], [17.05429059417972, 51.14095215211111]]}, "properties": {"OBJECTID": 7424540, "KLASA": null, "KATEGORIA": null, "STATUS_KOD": null}}, {"type": "Feature", "id": 7424549, "geometry": {"type": "LineString", "coordinates": [[17.058028345244143, 51.13846864306711], [17.05799376229543, 51.13853545419203], [17.05795354339113, 51.13861307939224], [17.057881943061002, 51.13874973845149], [17.05779961214826, 51.138894752287406], [17.057709398602388, 51.13901140317336], [17.05760743786863, 51.139142819203194], [17.057443019302017, 51.13932528736686], [17.057274592693283, 51.13949189223856], [17.05708664303351, 51.139652271462566], [17.056888221415242, 51.13980754972125], [17.056885694525583, 51.139809534033525], [17.056828319318793, 51.1398502528736], [17.05678598395708, 51.139879415441946], [17.056750123600096, 51.13990569060575], [17.056502524262772, 51.14008707302377], [17.056210916505073, 51.14029613846639], [17.05594881906048, 51.140498015952076], [17.055767121324646, 51.14066882654788], [17.055558529122745, 51.14091380892259], [17.05553049103843, 51.140946745271684], [17.05550981396568, 51.140973304480035], [17.05535821855324, 51.14116811713719], [17.055311062299058, 51.14122122458129], [17.05525504278848, 51.141284283854354]]}, "properties": {"OBJECTID": 7424549, "KLASA": null, "KATEGORIA": null, "STATUS_KOD": null}}, {"type": "Feature", "id": 7424551, "geometry": {"type": "MultiLineString", "coordinates": [[[17.04781418796339, 51.13911751517279], [17.04796043569586, 51.13913180368421], [17.04873186322831, 51.13920719321304], [17.04880162274198, 51.13921986964795], [17.048853589166296, 51.13924517561802], [17.04888771437632, 51.139276413471876], [17.048907762753416, 51.1393091100274], [17.049101027240013, 51.13987973485123], [17.049123553575395, 51.13994625256321], [17.049257195222456, 51.14034132802844], [17.049394937982143, 51.14074974130915], [17.049418890945216, 51.140821286766716], [17.04943717580894, 51.140875885627864]], [[17.04943717580894, 51.140875885627864], [17.049342655781963, 51.140882336046765], [17.04908176101901, 51.14086407868624], [17.0487925411053, 51.14082922922921]], [[17.04943717580894, 51.140875885627864], [17.04944563156804, 51.14090113433319], [17.049456205716073, 51.1409164756929], [17.04950789844711, 51.140991401943616], [17.049611942824335, 51.141074394790856], [17.049752785991398, 51.14118798161923], [17.04986340994648, 51.14127002984583], [17.049916463629213, 51.14132535157336], [17.049932574013187, 51.14138358247907], [17.049926390345323, 51.141409835929075], [17.04991405488538, 51.14146218127323]]]}, "properties": {"OBJECTID": 7424551, "KLASA": null, "KATEGORIA": null, "STATUS_KOD": null}}, {"type": "Feature", "id": 7424560, "geometry": {"type": "LineString", "coordinates": [[17.049123553575395, 51.13994625256321], [17.048993017821445, 51.13996276593527], [17.04887146526865, 51.139978138616705], [17.048751215463156, 51.13999408811532], [17.04864479455573, 51.14001439309258], [17.048593853919353, 51.14004203537758], [17.04854756487365, 51.14009295370517], [17.04851740013511, 51.140200619955216], [17.048328723086183, 51.14101745674468]]}, "properties": {"OBJECTID": 7424560, "KLASA": null, "KATEGORIA": null, "STATUS_KOD": null}}, {"type": "Feature", "id": 7424562, "geometry": {"type": "LineString", "coordinates": [[17.040248566871075, 51.13628844415593], [17.04021885985342, 51.136382187168], [17.039960793746705, 51.13719692262461], [17.039563823937552, 51.138490330323066], [17.039497441868473, 51.13870413433933], [17.03946398247948, 51.13881190612301]]}, "properties": {"OBJECTID": 7424562, "KLASA": null, "KATEGORIA": null, "STATUS_KOD": null}}, {"type": "Feature", "id": 7424582, "geometry": {"type": "MultiLineString", "coordinates": [[[17.05293943168974, 51.13866482623682], [17.053066511334002, 51.13871990994553], [17.053075090541196, 51.13872383596461], [17.05338424502811, 51.138865075793845], [17.05368066442501, 51.139000260610715], [17.054064605862173, 51.13914545687045], [17.054376137504686, 51.13925176156026], [17.05464615660383, 51.13933857294769], [17.055035500160717, 51.139444830588126], [17.05514519245097, 51.13947477134463], [17.055203017523844, 51.13950307041405], [17.055231987660193, 51.13950984889972], [17.05649996421431, 51.139806773466084], [17.056713608214427, 51.13986103223913], [17.05678598395708, 51.139879415441946]], [[17.056828319318793, 51.1398502528736], [17.05691025247823, 51.13988208965445], [17.05694213817896, 51.13989448277925], [17.058146779973516, 51.1401728454838], [17.058378454510212, 51.140225349590445], [17.05850424175581, 51.14025387054615]]]}, "properties": {"OBJECTID": 7424582, "KLASA": null, "KATEGORIA": null, "STATUS_KOD": null}}, {"type": "Feature", "id": 7424591, "geometry": {"type": "LineString", "coordinates": [[17.037410951816163, 51.140952371116015], [17.037337675574108, 51.141022912054545], [17.03726216799318, 51.14109560108387], [17.03706074205838, 51.14127156924073], [17.03691956835453, 51.14139647760281], [17.03670433289545, 51.14156225403454], [17.036356578455724, 51.14180768325908], [17.036255690416393, 51.1418788769946]]}, "properties": {"OBJECTID": 7424591, "KLASA": null, "KATEGORIA": null, "STATUS_KOD": null}}, {"type": "Feature", "id": 7424597, "geometry": {"type": "LineString", "coordinates": [[17.0529124999783, 51.1417220022409], [17.052893410883122, 51.14179028576012], [17.052798630448734, 51.14212919158822], [17.052744106434673, 51.14215945859235], [17.05267564208114, 51.1421809826069], [17.051505449209184, 51.14232869114571], [17.051442053778064, 51.142323888944695], [17.050937431545616, 51.14224659256125], [17.05082212462271, 51.14222892710803], [17.050793192365134, 51.14231222400341], [17.050618976651737, 51.14281366323959], [17.050603454049618, 51.14285837753967]]}, "properties": {"OBJECTID": 7424597, "KLASA": null, "KATEGORIA": null, "STATUS_KOD": null}}, {"type": "Feature", "id": 7424628, "geometry": {"type": "LineString", "coordinates": [[17.02938760432206, 51.14219526755945], [17.029724717457533, 51.142412288098704], [17.029773984745944, 51.14244399877011], [17.029835124803693, 51.14248335022227], [17.030816723145445, 51.14311505548424], [17.03088119970821, 51.14319238831586], [17.03092484578833, 51.1433234333537], [17.030832972277985, 51.14359382227223], [17.030676663920314, 51.144052056017344], [17.03058327690479, 51.144250126659266], [17.030447885451846, 51.144431673953875], [17.030259879339145, 51.14466986999459]]}, "properties": {"OBJECTID": 7424628, "KLASA": null, "KATEGORIA": null, "STATUS_KOD": null}}, {"type": "Feature", "id": 7424634, "geometry": {"type": "LineString", "coordinates": [[17.031285491835217, 51.1445558619739], [17.03144678846765, 51.14458439149521], [17.031677285957, 51.14462515331444], [17.032516711953487, 51.14476933602866], [17.032619669949653, 51.14478702526168], [17.03270794105995, 51.144801068997594], [17.03313105018543, 51.144868402985104], [17.033452345174098, 51.144929680090115], [17.033547833931696, 51.14496562766786], [17.034210800201535, 51.1453672146221], [17.03526108196223, 51.14598428353669]]}, "properties": {"OBJECTID": 7424634, "KLASA": null, "KATEGORIA": null, "STATUS_KOD": null}}, {"type": "Feature", "id": 7424635, "geometry": {"type": "LineString", "coordinates": [[17.073382526404004, 51.13102434830182], [17.073390157307365, 51.13111993269299], [17.0733903876027, 51.13112270332721], [17.07340342166178, 51.13143946670331], [17.07341434148832, 51.131849741525706], [17.07341632532339, 51.13192409257743], [17.073421495857716, 51.13201911807937], [17.073431807161416, 51.13203503952135], [17.07348871513507, 51.132122824737436], [17.073538674674147, 51.13224940810014], [17.07354083650997, 51.1322548999167], [17.073658871479566, 51.13246888039223], [17.073714255729538, 51.132573598889365], [17.073902083601045, 51.132742095939285], [17.07435271271808, 51.132980436947264], [17.075490225984446, 51.13354066142403], [17.076866310757346, 51.134201068753185], [17.07713388143743, 51.13432101663519], [17.077312209892412, 51.13440147856244], [17.077526792124164, 51.13446526274377], [17.07768338086608, 51.134488054921434], [17.077912416838313, 51.134479019481496], [17.079011857883607, 51.13431393122371], [17.0797391653477, 51.13420076868849], [17.079879495422844, 51.13417893130308]]}, "properties": {"OBJECTID": 7424635, "KLASA": null, "KATEGORIA": null, "STATUS_KOD": null}}, {"type": "Feature", "id": 7424656, "geometry": {"type": "LineString", "coordinates": [[17.063908340806808, 51.145212661511145], [17.06382011284333, 51.145232721370355], [17.063759418669378, 51.14525025973525], [17.063573646150715, 51.14530440929234], [17.06351566533519, 51.14532345254355], [17.06297402758101, 51.14558941447273]]}, "properties": {"OBJECTID": 7424656, "KLASA": null, "KATEGORIA": null, "STATUS_KOD": null}}, {"type": "Feature", "id": 7424661, "geometry": {"type": "LineString", "coordinates": [[17.01859586574136, 51.13775051949072], [17.018696354852704, 51.13767945440767], [17.01963116457957, 51.13701827480332], [17.020546136945907, 51.13638101389041], [17.020711757145506, 51.136265661084096], [17.020822874782024, 51.136295726980244], [17.020863740577095, 51.13628291725117], [17.020890372157886, 51.13626549350788], [17.020970585452332, 51.1362130181461], [17.022173730826488, 51.13535976170169], [17.02336131168991, 51.134516790916905], [17.02342021886312, 51.13447497748069]]}, "properties": {"OBJECTID": 7424661, "KLASA": null, "KATEGORIA": null, "STATUS_KOD": null}}, {"type": "Feature", "id": 7424673, "geometry": {"type": "LineString", "coordinates": [[17.027906170787364, 51.13145474168961], [17.027921130953324, 51.13154183262721], [17.028133717011986, 51.13274843030035], [17.028143126237165, 51.13280182618863]]}, "properties": {"OBJECTID": 7424673, "KLASA": null, "KATEGORIA": null, "STATUS_KOD": null}}, {"type": "Feature", "id": 7424681, "geometry": {"type": "LineString", "coordinates": [[17.036589065241845, 51.13248822171225], [17.03610596723722, 51.13336659135254], [17.03606202722932, 51.13344159848035], [17.03600504962868, 51.13358341893575]]}, "properties": {"OBJECTID": 7424681, "KLASA": null, "KATEGORIA": null, "STATUS_KOD": null}}, {"type": "Feature", "id": 7424702, "geometry": {"type": "LineString", "coordinates": [[17.02816563935265, 51.13299874576692], [17.028292266773246, 51.132939344290605], [17.028410010939336, 51.13291296971523], [17.02850870714697, 51.1328935718852], [17.02859029102171, 51.1328883901211], [17.029376293237792, 51.1328366902978], [17.029949208398712, 51.13280596172068], [17.03032695364025, 51.132794207552024], [17.030416222206732, 51.13279702430679], [17.030581094872748, 51.13280222970417], [17.03078978790502, 51.1328088228649], [17.030802162777395, 51.13280942884349], [17.03143850377537, 51.132840680915116], [17.031759570401075, 51.13286301793743], [17.03227513359269, 51.132912907841565], [17.032735650077505, 51.13296605292255], [17.033564160099946, 51.13308043687684], [17.03409272396507, 51.13317648021438], [17.034834386558355, 51.13333119358274], [17.035638751883443, 51.13352011253785], [17.035674383289958, 51.13352848805526], [17.035896604188512, 51.13357005811613], [17.03600504962868, 51.13358341893575]]}, "properties": {"OBJECTID": 7424702, "KLASA": null, "KATEGORIA": null, "STATUS_KOD": null}}, {"type": "Feature", "id": 7424741, "geometry": {"type": "LineString", "coordinates": [[17.02427686434382, 51.133394333493456], [17.024283098730354, 51.13343884839069], [17.024322701773805, 51.13372171496819], [17.02435541885214, 51.1337672688568], [17.02440401122535, 51.13380870305997], [17.024506584259242, 51.13386506088197], [17.025316064000215, 51.13432596796512], [17.025343632381073, 51.134331780306496], [17.025814801507973, 51.13426399558635], [17.02588989943486, 51.13425319527194]]}, "properties": {"OBJECTID": 7424741, "KLASA": null, "KATEGORIA": null, "STATUS_KOD": null}}, {"type": "Feature", "id": 7424742, "geometry": {"type": "LineString", "coordinates": [[17.010601972947526, 51.15725951091325], [17.01071600087414, 51.157160160025164], [17.011149493210226, 51.15691545539058], [17.011342397258204, 51.15680829345814], [17.01142314772174, 51.15675829238941], [17.01159517791133, 51.156627787324666], [17.011831004916157, 51.15645252221108], [17.012582742129798, 51.15590149514131], [17.013410580869742, 51.15528681127442], [17.014010804482723, 51.15483884866602], [17.014147061232904, 51.1547295145305], [17.014248675399905, 51.154647971916525], [17.014320965648103, 51.15457674492926], [17.014593449211443, 51.15430830888259], [17.014817066711373, 51.15406559349872], [17.014879050756875, 51.15399830671525], [17.01494248319522, 51.15392944992021], [17.015029956620744, 51.15383450084763], [17.015190602748582, 51.15366096909739], [17.01711528802055, 51.151589368511914], [17.017487888630914, 51.151188522491985], [17.017648050767082, 51.15101469560942], [17.01765646194426, 51.15100563277672], [17.018011687240346, 51.15062294205594], [17.01805272407398, 51.15057913844889], [17.01820691261869, 51.15041449300794], [17.018344337552968, 51.150265852066546], [17.018675328965383, 51.14991192954008], [17.01933814830153, 51.14928217541589], [17.01934294892203, 51.14927740530813], [17.019830679913476, 51.14879276176699], [17.019834447687025, 51.14878937907516], [17.02013907486998, 51.1485158703496], [17.02014929088933, 51.14850279599519], [17.02051805092664, 51.1480308548346], [17.020751827511607, 51.14775036400213], [17.02105755825362, 51.147375333953406], [17.021314647894656, 51.147068873644955], [17.021389100828575, 51.146984859105906], [17.021812499376587, 51.14652215295681], [17.021814034740604, 51.14652051170285], [17.022454822764256, 51.145830331219656], [17.023256535167413, 51.14496249835166], [17.02338570354887, 51.144822277710155], [17.023531443303742, 51.14466405416896], [17.023637988963877, 51.14455149429985], [17.02365511614545, 51.14453292082858], [17.024037889737222, 51.1441179530562], [17.024522529786573, 51.143592883433236], [17.024595849556317, 51.14351258809051], [17.02462567742992, 51.14347993473102], [17.024656729833723, 51.143446815124285], [17.024975773638747, 51.14310657412222], [17.024989135944548, 51.14309232005818], [17.025069996312258, 51.143006082192414], [17.025174496930873, 51.142889836089736], [17.025450490138876, 51.142582793313], [17.025744673893847, 51.14226886251478], [17.025840575484818, 51.142166523087795], [17.025927431474372, 51.14206550164061], [17.026252843779595, 51.141670940760584], [17.026352927972404, 51.14155240042325], [17.026391765235854, 51.141506418042354], [17.026508815956213, 51.14138427012531], [17.02675505983181, 51.1411774719341], [17.02698672575612, 51.1409271499018], [17.027178914348543, 51.14067230986394], [17.02719637771039, 51.14064916293363], [17.027253109750905, 51.140562147511446], [17.027341617799852, 51.1404264207072], [17.027397750809072, 51.140334563798156], [17.02753813273233, 51.14010490383578], [17.027559694979246, 51.140081170646084], [17.027716875684582, 51.139908195059554], [17.027867472737984, 51.13974245514479], [17.027956115046894, 51.13963691623885], [17.028180984387333, 51.13944146211152], [17.02852717401704, 51.13904508976307], [17.028604101598134, 51.138943363551576], [17.028665405061343, 51.13886230958508], [17.028770806859153, 51.13874853988118], [17.028971863636386, 51.138564990143074], [17.029283550259972, 51.13821272267118], [17.029289416550856, 51.13820609204859], [17.029498307173604, 51.13795170681185], [17.029553245205552, 51.13788480320731], [17.02978543357, 51.137629849348144], [17.02986587747918, 51.1375426841455], [17.030009811048345, 51.13738672355576], [17.030187635519866, 51.13718639670664], [17.03023826536884, 51.13712935915756], [17.030511677226198, 51.136891396307995], [17.03068178477189, 51.13676877155028], [17.03094208672247, 51.13659549557715], [17.031052974363902, 51.13652836264922], [17.03111330954859, 51.13649184311346], [17.0312405240339, 51.13642767701022], [17.031474857449876, 51.136326866111034], [17.03155730893496, 51.13629319043973], [17.03170047848216, 51.136234702575415], [17.031878805762517, 51.13616492690282], [17.032048646973184, 51.13609846982365], [17.032269906634824, 51.13601729041356], [17.032491991066042, 51.135945835227695], [17.03281475285098, 51.135870996127494], [17.033072286103668, 51.135830325916416], [17.033155552074902, 51.13582186285147], [17.033324575562776, 51.135804678459124]]}, "properties": {"OBJECTID": 7424742, "KLASA": null, "KATEGORIA": null, "STATUS_KOD": null}}, {"type": "Feature", "id": 7424774, "geometry": {"type": "LineString", "coordinates": [[17.03663465757415, 51.135850465634476], [17.03674331981825, 51.13585202591629], [17.03689750166263, 51.13587096939373], [17.038273470955087, 51.13604003410016], [17.03869396311149, 51.13609712348952], [17.03889184896078, 51.13612398385994], [17.039050142826323, 51.13614316504806], [17.040110183780442, 51.13627166643968], [17.040248566871075, 51.13628844415593], [17.04037625054255, 51.136303704560916], [17.040637191494923, 51.136334881969475], [17.04118384461811, 51.136403775829336], [17.042092410129108, 51.136512031103926], [17.043733595674034, 51.1367120781937], [17.04389859016339, 51.13673218857932], [17.044043399837605, 51.136750650450395], [17.044662986746516, 51.13682959924059], [17.04492945423591, 51.13685775571573], [17.04508048942005, 51.13687370509016], [17.04526832195085, 51.13689713739982], [17.04539935881369, 51.13691348046118], [17.04612378743303, 51.13700570090201], [17.046324717396832, 51.13702599307328], [17.047026271434024, 51.13711202528432], [17.0481255098406, 51.137246023214324], [17.0482717362887, 51.13726384411493], [17.04841079450619, 51.13728073451167], [17.05032945480007, 51.137513771714524], [17.050464494863252, 51.13753017755358], [17.05060212906436, 51.13754899554058], [17.05097224111995, 51.137599617619884], [17.05127561122685, 51.13763756110771], [17.051357564576577, 51.13764781784285], [17.051451097044723, 51.1376592382022], [17.05178728295572, 51.13770034117639], [17.052052030853144, 51.13773267460128], [17.05206410762045, 51.137733959121284], [17.05226960947481, 51.13775595917862], [17.05245744662237, 51.13777742021193], [17.05273361652187, 51.13780886476005], [17.052943738170836, 51.13783277988433], [17.052969279432045, 51.137835971271514], [17.053186681060154, 51.13786306431443], [17.0533395484674, 51.13788194845786], [17.055445211974202, 51.13814204455793], [17.05569699875423, 51.13817465158826], [17.05586756464092, 51.1381967407882], [17.055951300041443, 51.13820869873573], [17.056170234643552, 51.13823996978744], [17.05653185403799, 51.138284374759664], [17.05668455537559, 51.13830312732656], [17.056792895711087, 51.13831658662388], [17.057609834625215, 51.13841800398514], [17.057885144742496, 51.13845132622865], [17.058028345244143, 51.13846864306711], [17.05813350727202, 51.13848173391444], [17.058712654541015, 51.138553845842075], [17.059089332697727, 51.13860071937318], [17.059230289932763, 51.13861807062697], [17.05939902797754, 51.13863885444359], [17.05955425999581, 51.13865765057755], [17.059877253745956, 51.13869678128847], [17.060095797380402, 51.13872291773832], [17.060159232278753, 51.138730502366826], [17.060410559817544, 51.13875507678009], [17.060505545055555, 51.13876272590655], [17.0605814275066, 51.138768846100696], [17.06070595941879, 51.13878375329886]]}, "properties": {"OBJECTID": 7424774, "KLASA": null, "KATEGORIA": null, "STATUS_KOD": null}}, {"type": "Feature", "id": 7424779, "geometry": {"type": "LineString", "coordinates": [[17.016980660712864, 51.13659211159019], [17.017106263169428, 51.13650386394662], [17.017628322798515, 51.13613705815508], [17.018583695632344, 51.1354575138504], [17.01910467072744, 51.13508210724083]]}, "properties": {"OBJECTID": 7424779, "KLASA": null, "KATEGORIA": null, "STATUS_KOD": null}}, {"type": "Feature", "id": 7424780, "geometry": {"type": "LineString", "coordinates": [[17.03239207866593, 51.14000451585708], [17.032282907351636, 51.13990942351952], [17.03216723112814, 51.13980000617614], [17.031915854378813, 51.13956245254263], [17.03175377373535, 51.139394138810076], [17.0316251267612, 51.139254168274626], [17.031567787756973, 51.139175677694276], [17.031425416533146, 51.13896899524339], [17.031145605926852, 51.13853564799093], [17.031106255056674, 51.13847954119471], [17.031055372813377, 51.138407723819654], [17.030755221262535, 51.13798390957977], [17.030586678355643, 51.13773141361339], [17.030402316009067, 51.137465418618625], [17.030305022402683, 51.137342541421646], [17.030187635519866, 51.13718639670664], [17.02975198893242, 51.13657615318889], [17.02963719788133, 51.13641973366624], [17.02939145002306, 51.13605817998804], [17.029103933571058, 51.135642430955635], [17.028938954178443, 51.13538163762411], [17.028825871697446, 51.135178781872945], [17.028749243339487, 51.135013913411626], [17.028627188461073, 51.13470964249417], [17.028564476029043, 51.13451833402157], [17.028525619625032, 51.134381098717846], [17.028479833387927, 51.1341397055518], [17.028447129224173, 51.13393606075147], [17.028395650362658, 51.13362214558376], [17.028372977691888, 51.13325168200818], [17.028353783900563, 51.133150487718936], [17.028327142940196, 51.13309233518526], [17.028274251564525, 51.13304721888935], [17.02816563935265, 51.13299874576692], [17.028091287935254, 51.13305897891025], [17.02805936806189, 51.13309773416219], [17.028062558821194, 51.13316244310445], [17.028088865751748, 51.13324452340533], [17.028116351849025, 51.133366675930404], [17.028207798296943, 51.13383073608269], [17.028266465433994, 51.13417108672028], [17.028288493970706, 51.13431218269691], [17.028302120651905, 51.13439952260105], [17.02831882578482, 51.134492003197], [17.028355697462896, 51.13469586243313], [17.028395412151443, 51.13488001296504], [17.0284599765503, 51.13509063770233], [17.028544211780257, 51.13531512603662], [17.028615346274837, 51.13547214596828], [17.028861764764272, 51.13595454589818], [17.029110785145807, 51.1364296312947], [17.029428978496593, 51.136930200533286], [17.02959337687217, 51.13721091832866], [17.029711785713246, 51.137352301220425], [17.029739844137342, 51.13738938260412], [17.02986587747918, 51.1375426841455], [17.030218256991766, 51.13801712486577], [17.030453441105415, 51.138363279684256], [17.03069837747166, 51.13874476325713], [17.03083906052153, 51.13892214433383], [17.031047634193133, 51.139158286736716], [17.031262068679588, 51.13937327070939], [17.03150929087367, 51.139593497073136], [17.03175075898908, 51.1397780852333], [17.031872807927563, 51.139881334906555], [17.032026568919168, 51.14002658496924], [17.032174915951188, 51.140164814951845]]}, "properties": {"OBJECTID": 7424780, "KLASA": null, "KATEGORIA": null, "STATUS_KOD": null}}, {"type": "Feature", "id": 7424795, "geometry": {"type": "LineString", "coordinates": [[17.019886111200986, 51.13857244964341], [17.020034925504046, 51.13865536774224], [17.020441431735268, 51.13888184263728], [17.02069228047414, 51.13902267181932], [17.02090686517848, 51.139143140941194], [17.020990906065936, 51.139190312021036], [17.021056613593984, 51.13922733308309], [17.021170772857754, 51.13929162971993], [17.021235421858147, 51.13932803951369], [17.02156205910086, 51.13950719467984], [17.02210162595464, 51.13978681797044], [17.022461223169866, 51.139966623746346], [17.022819847208467, 51.14014595280962], [17.022915849327887, 51.14019395957796], [17.022967683234686, 51.140218835484774], [17.02350410603527, 51.14047623049908], [17.023762109477612, 51.14059373964208], [17.023863016080043, 51.14063966500395], [17.023964989629114, 51.140683118037465], [17.024522815086396, 51.14092089172314], [17.024676301168036, 51.140986303988875], [17.024810894182412, 51.14104568827471], [17.02488440667598, 51.141078115596855], [17.02547830056603, 51.14134012484292], [17.026089967491664, 51.141609452785474], [17.026170958933424, 51.14164512390591], [17.026252843779595, 51.141670940760584]]}, "properties": {"OBJECTID": 7424795, "KLASA": null, "KATEGORIA": null, "STATUS_KOD": null}}, {"type": "Feature", "id": 7424803, "geometry": {"type": "LineString", "coordinates": [[17.039246871872788, 51.13471873465931], [17.039225178335606, 51.1348125432782], [17.039170946988612, 51.13504692548338], [17.03907069945629, 51.135433735698676], [17.03905542972256, 51.13549269922418], [17.039041861701357, 51.13554195891471], [17.03893365241379, 51.135934996322916], [17.038911324105307, 51.13603591945648], [17.03889184896078, 51.13612398385994], [17.03887053552132, 51.13620354691952], [17.038829225602385, 51.136357730549754], [17.03881235893848, 51.136420627368864], [17.03879618663341, 51.13648104874792], [17.038737601114416, 51.13669989675239], [17.03869756040604, 51.136845901185396], [17.03863321532238, 51.137080577508925], [17.038528363508423, 51.13746297134503], [17.03850232260419, 51.13756575168425], [17.038381704168856, 51.13804184071784], [17.03835729737066, 51.13813815291532], [17.038336976424013, 51.138211808827485], [17.038292333120623, 51.13837357006051], [17.038295010723974, 51.138396003274835], [17.038306555853932, 51.13840704760374], [17.03831451426119, 51.1384146553611], [17.038343491020093, 51.13843265717783], [17.039308091128937, 51.138759141960044], [17.03946398247948, 51.13881190612301], [17.039560172290848, 51.138845364476204], [17.039755318960804, 51.13891323858587], [17.040584966304845, 51.13921309202235], [17.040605752246837, 51.13923060356561], [17.04062236908079, 51.139247946060756], [17.04062915981701, 51.13927744285925], [17.040571713451467, 51.13953381300718]]}, "properties": {"OBJECTID": 7424803, "KLASA": null, "KATEGORIA": null, "STATUS_KOD": null}}, {"type": "Feature", "id": 7424815, "geometry": {"type": "MultiLineString", "coordinates": [[[17.060471761318897, 51.13044549755073], [17.060746563546992, 51.13055373787283], [17.0612127175228, 51.130764018056134], [17.061526742922936, 51.13092788469179], [17.06165590502896, 51.13098753363108], [17.061718483285603, 51.13101643402341], [17.06177062942074, 51.13104052213329], [17.061989236687495, 51.13112737176529], [17.062321904202257, 51.13124719266105], [17.062481077197823, 51.131298100647484], [17.063277216511086, 51.13155275637115], [17.063508782312255, 51.13162574601534], [17.063685946226418, 51.13168157890993], [17.064066177634427, 51.131795410942644], [17.064329165406196, 51.131895979840245], [17.064546200415936, 51.13198110314398], [17.06476955348986, 51.13208882349467], [17.064824389082975, 51.13212490594452], [17.065197158056876, 51.132370175109315], [17.065373839694352, 51.13248906392028], [17.06546126445661, 51.13254789859743], [17.06561526653799, 51.13265152117845], [17.065781563807004, 51.132768249785066], [17.065985871790268, 51.132893974717305], [17.06626145788422, 51.13306458734541], [17.066591190473645, 51.1332603413188], [17.066807884141248, 51.13339984857762], [17.0670975615807, 51.13359541002309], [17.067437734493986, 51.13383145821224], [17.067707652775177, 51.134030762057655], [17.067970402644637, 51.13426261356038], [17.06899113843055, 51.13516719061699], [17.06899815574233, 51.13517350326756], [17.06934295795165, 51.13548381906632], [17.069836876467974, 51.135909605151056], [17.06988582730131, 51.13595381894489]], [[17.069743931837394, 51.136027448168086], [17.069623474782116, 51.1359244845599], [17.069510719074813, 51.135824404844435], [17.069414025105328, 51.13573850362492], [17.06907658117893, 51.135438746523825], [17.068894560263256, 51.13527952936051], [17.06878451703158, 51.1351832731375], [17.068557720913386, 51.13495147615334], [17.06811855168312, 51.134557476665925], [17.067790478469693, 51.134263642670334], [17.06760031937414, 51.134107406053396], [17.067320557934423, 51.13389668752639], [17.067140338647732, 51.133764945278024], [17.066401350070244, 51.133304091516095], [17.066369093455414, 51.13328397588796], [17.06619952793437, 51.133178234351575], [17.065472502562635, 51.13273082875473], [17.065466166035186, 51.13272693055216], [17.06537752582742, 51.1326723742276], [17.06458401541805, 51.1321934533534], [17.064065992520884, 51.1319748967151], [17.063836063154582, 51.13190853586663], [17.063801072092556, 51.13189833478399], [17.063648077949487, 51.13185427245539], [17.063263262332143, 51.13174318913369], [17.063209967005378, 51.13172780345797], [17.063048859628424, 51.1316812948921], [17.06195098296899, 51.131330788315815], [17.061783854868754, 51.13127059240806], [17.061485229314577, 51.13116304435647], [17.060814213498862, 51.130879113150336], [17.060610976069732, 51.1307982190527], [17.060404189938577, 51.13071058980884], [17.060279428447686, 51.130657384458594], [17.060139109798847, 51.1305942642182]]]}, "properties": {"OBJECTID": 7424815, "KLASA": null, "KATEGORIA": null, "STATUS_KOD": null}}, {"type": "Feature", "id": 7424825, "geometry": {"type": "LineString", "coordinates": [[17.047975358698146, 51.13849172770165], [17.04809804824438, 51.1385007990645], [17.048371920400065, 51.13852105208732], [17.048985987213538, 51.13857876233402], [17.049055316552856, 51.13858451309812], [17.04907730186419, 51.138583433309364], [17.049099405558437, 51.13857867771492], [17.049117843433514, 51.13857081785347], [17.049167548011564, 51.13854829837592], [17.04924394701099, 51.138508313262506], [17.049274011618778, 51.13847703997748], [17.049288027290107, 51.138431936006704], [17.04935578496294, 51.138171193815474]]}, "properties": {"OBJECTID": 7424825, "KLASA": null, "KATEGORIA": null, "STATUS_KOD": null}}, {"type": "Feature", "id": 7424829, "geometry": {"type": "LineString", "coordinates": [[17.059023456303528, 51.131293020792995], [17.05899295806174, 51.131322989602175], [17.05898499970547, 51.13134549857285], [17.05899034019716, 51.13136884271464], [17.059004817964798, 51.13139884080132], [17.059032567261873, 51.13142469356779], [17.05911599998046, 51.13147559001635], [17.059908135805376, 51.131932989012746], [17.061028157653055, 51.132572305126324], [17.06120291698, 51.132672063853015], [17.06157231766074, 51.13288047798833], [17.061673518495677, 51.13293757418117], [17.061845463788707, 51.13303743521038], [17.062180064449294, 51.133231760133064], [17.06282155288508, 51.133603590105174], [17.06323798605817, 51.13383340256917], [17.0637328133419, 51.13412514153146], [17.064256594561563, 51.134414071541904], [17.064380215317584, 51.134479902883314], [17.06448647680535, 51.1345365067044], [17.06459348111313, 51.13460091038754], [17.064897654561058, 51.134783980727065], [17.0657294113981, 51.13525482633201], [17.066403991342202, 51.13564720831106], [17.06711686635511, 51.1360528638631], [17.0677146240981, 51.13638775691134], [17.06828159809822, 51.136720495816746], [17.068655793203952, 51.13693170324783], [17.068663697237724, 51.13693585647539], [17.068776303922007, 51.136995086899326]]}, "properties": {"OBJECTID": 7424829, "KLASA": null, "KATEGORIA": null, "STATUS_KOD": null}}, {"type": "Feature", "id": 7424831, "geometry": {"type": "LineString", "coordinates": [[17.04360272800291, 51.138443519943195], [17.043633815792738, 51.1384306852397], [17.043669518314115, 51.138417888263234], [17.04372999931006, 51.13840853015464], [17.043754711822004, 51.138407554572424], [17.043801677040292, 51.138405700146436], [17.044495504290868, 51.13836773506161], [17.044616158575582, 51.13836113348914], [17.04472787398845, 51.13836945350884], [17.044953473617422, 51.138386254772726], [17.04527850391166, 51.138420192526546], [17.045282496343294, 51.13842061167283], [17.04538920432035, 51.138430625184114], [17.045406235197646, 51.13843212163215], [17.04545283498031, 51.138436205716], [17.045546989248276, 51.1384458918797], [17.045891693901787, 51.138481372893416], [17.046386421666995, 51.13853229787182], [17.046613673301387, 51.13855568082878], [17.046702609131536, 51.138564829089624], [17.046780397169517, 51.138571989608245], [17.046883173301758, 51.13858144830815], [17.047377329411415, 51.13862692569387], [17.047848053254896, 51.138670232498555], [17.04792676866425, 51.138677480710314]]}, "properties": {"OBJECTID": 7424831, "KLASA": null, "KATEGORIA": null, "STATUS_KOD": null}}, {"type": "Feature", "id": 7424841, "geometry": {"type": "LineString", "coordinates": [[17.04891070767944, 51.141376508607834], [17.04889958351428, 51.14142479139239], [17.0486897379739, 51.142334355362706]]}, "properties": {"OBJECTID": 7424841, "KLASA": null, "KATEGORIA": null, "STATUS_KOD": null}}, {"type": "Feature", "id": 7424844, "geometry": {"type": "LineString", "coordinates": [[17.030984275011694, 51.1400011529401], [17.030875795650196, 51.1399235184217], [17.030752656045156, 51.13986426300784], [17.03066932603863, 51.13983583930726], [17.03057593650156, 51.13980397902382], [17.030054843429408, 51.13961343788063], [17.02970209958896, 51.13948171712781], [17.02969083210159, 51.13947728164444], [17.029518702266262, 51.13940950978993], [17.02879111753534, 51.139142608217675], [17.02869553107478, 51.139107294129296], [17.02852717401704, 51.13904508976307]]}, "properties": {"OBJECTID": 7424844, "KLASA": null, "KATEGORIA": null, "STATUS_KOD": null}}, {"type": "Feature", "id": 7424921, "geometry": {"type": "LineString", "coordinates": [[17.038741593030018, 51.14069113584745], [17.03872279453047, 51.14059582593763], [17.038501996330332, 51.14022435667115], [17.038488840437523, 51.14020208903444], [17.03698535528342, 51.137498469407305]]}, "properties": {"OBJECTID": 7424921, "KLASA": null, "KATEGORIA": null, "STATUS_KOD": null}}, {"type": "Feature", "id": 7424962, "geometry": {"type": "LineString", "coordinates": [[17.029773984745944, 51.14244399877011], [17.02982717251813, 51.142411403030025], [17.03038371356634, 51.142070357382785], [17.030513937391596, 51.14197929303431], [17.030597516534012, 51.14192914037271], [17.03070455610264, 51.14186487955752], [17.030803591451303, 51.14180545167292], [17.030806864050625, 51.14180340218386], [17.03092550277151, 51.14172910595319], [17.03095837390038, 51.14170303864453], [17.031028257956816, 51.14163873037149], [17.031075347728656, 51.14157991467498], [17.031101761189163, 51.14154488508452], [17.031127303061915, 51.14148732020769], [17.031147303598765, 51.141416620491675], [17.03114679785593, 51.14131995060631], [17.031144411147128, 51.14121414963301], [17.031125617907826, 51.14097255893258], [17.031124245163493, 51.140950073436365], [17.03112236571615, 51.14091970880926], [17.03112097528623, 51.14087690655786], [17.031114511519363, 51.14067711197859], [17.031046311096276, 51.1402795100638], [17.031007042482532, 51.14006651654799], [17.030990354213642, 51.14001861626339], [17.030984275011694, 51.1400011529401]]}, "properties": {"OBJECTID": 7424962, "KLASA": null, "KATEGORIA": null, "STATUS_KOD": null}}, {"type": "Feature", "id": 7424964, "geometry": {"type": "LineString", "coordinates": [[17.03639243448602, 51.13440483929818], [17.036607343915456, 51.13438636516125], [17.03754141825066, 51.13450232752401], [17.0376357064623, 51.134514043866616], [17.03766782882067, 51.134518065871745], [17.03863326658672, 51.13463907804589], [17.03869067101224, 51.13464626519229], [17.039246871872788, 51.13471873465931], [17.039380585343228, 51.1347372100628], [17.039413113167488, 51.13474511844862], [17.039647656598433, 51.134780921305], [17.040553571092683, 51.13492155392207], [17.04160681445021, 51.13501504239436], [17.042392698988827, 51.135072963785305], [17.04270279706626, 51.135079466967184], [17.04308491039597, 51.13510735166475], [17.04319915430745, 51.13514295947504], [17.04336120774367, 51.13515022733596], [17.043575432902138, 51.13514899492634], [17.043948624029913, 51.1351827639696], [17.044082266626464, 51.135218664340115]]}, "properties": {"OBJECTID": 7424964, "KLASA": null, "KATEGORIA": null, "STATUS_KOD": null}}, {"type": "Feature", "id": 7425004, "geometry": {"type": "MultiLineString", "coordinates": [[[17.03600504962868, 51.13358341893575], [17.035994999884053, 51.133699013215605], [17.036001166475895, 51.133748012733484], [17.036020208339654, 51.13381065680426], [17.036060516998518, 51.13389016995788], [17.036109691141238, 51.1339872050911], [17.03618109023011, 51.134084612151554], [17.03633208382232, 51.13431339366135], [17.03639243448602, 51.13440483929818], [17.036492571376794, 51.1345652756914], [17.036558610510248, 51.13467108862444], [17.036607182614336, 51.13476693193611], [17.03663929618195, 51.134863385791604], [17.036661995560042, 51.13495975310001], [17.036678270304765, 51.135081966679074], [17.036662171505125, 51.13549098024104], [17.03663465757415, 51.135850465634476], [17.03660293842142, 51.1360494780081], [17.03659985475261, 51.13606170550407], [17.036571785555388, 51.13617252346872], [17.036470993688024, 51.13651635642502], [17.036398475415915, 51.13671000736633], [17.03632519466322, 51.13686475374745], [17.03622651691305, 51.13701286318829], [17.036057547264264, 51.1372084518818], [17.035915779778414, 51.13735479451581], [17.03573483021596, 51.137501820767426], [17.03553699484986, 51.13765339109645], [17.035373988649237, 51.137751130664704], [17.035091778474655, 51.13790719130897], [17.03475698262515, 51.138079627926516], [17.034311283096145, 51.13829864921259], [17.03402917014769, 51.138466835141074], [17.034000117946444, 51.1384853925412], [17.033872973337314, 51.13856666052464], [17.033778775720794, 51.138626922066685], [17.033757569148218, 51.13864338670805], [17.033554348205826, 51.138801174978795], [17.03336235438769, 51.138972117654795], [17.033166188887346, 51.13916894269251], [17.033045721553993, 51.13931826269761], [17.032898497233678, 51.13951230058711], [17.03278488410876, 51.13970485429017], [17.03272925709011, 51.13983664098414], [17.032721454532222, 51.13985511311137]], [[17.032721454532222, 51.13985511311137], [17.03258863311043, 51.13990755238042], [17.03239207866593, 51.14000451585708], [17.032174915951188, 51.140164814951845], [17.03215219441181, 51.1402388364845], [17.03211041236879, 51.1403564654841], [17.03204037151983, 51.140576983557935], [17.031710638586645, 51.14171562487303], [17.03159271989767, 51.142004852362206], [17.031405765510133, 51.142601816949366], [17.031243344959424, 51.14316186616083], [17.0312050928651, 51.143293382470986], [17.031095649310597, 51.14366960947932], [17.030849512518877, 51.14447893056821], [17.030583689126555, 51.145397930536525], [17.03030211633955, 51.146312575880366], [17.030072855372705, 51.146992370187334], [17.029840476402878, 51.147706845327164], [17.029506906458415, 51.148876111206924], [17.029260612624682, 51.14969702373795], [17.029195910072662, 51.15002321508388], [17.029130622728267, 51.150431915607555]], [[17.032721454532222, 51.13985511311137], [17.032614582006527, 51.14015978647034], [17.03261354721156, 51.14016273550584], [17.03256428309453, 51.14024356297693], [17.032538476396564, 51.14029935502074], [17.032518046931422, 51.140369165951554], [17.032473627927438, 51.1405799590701], [17.032256443693125, 51.14127459207464], [17.032092820588833, 51.141865535409494], [17.031841888083864, 51.14269637623682], [17.031664762984793, 51.143302376220994], [17.031650247671067, 51.143352022720194], [17.031595448217775, 51.143530624752806], [17.03157556513165, 51.14359774761475], [17.03154044991199, 51.14371665954565], [17.031524452766725, 51.143770860496026], [17.031307207642694, 51.1444845202266], [17.031285491835217, 51.1445558619739], [17.031256545372123, 51.14464900664048], [17.031203158473627, 51.14482074308189], [17.03112370427116, 51.145090043909455], [17.031059560741433, 51.14530654049736], [17.03105489501064, 51.145321190920846], [17.03088068982719, 51.14586866415998], [17.03081913792584, 51.146078682557174], [17.030622930892537, 51.146708048464966], [17.030545349259523, 51.14695245405887], [17.030429864834744, 51.14735300109841], [17.030399936686198, 51.14744712624199], [17.03030340054263, 51.14776656386628], [17.030270096432634, 51.14788467230988], [17.030188812077025, 51.14815075690985], [17.030151611328222, 51.14826245035987], [17.03007099950364, 51.148510704998195], [17.029705349667253, 51.14973410154945], [17.029497585825293, 51.150393691444215], [17.029488143155966, 51.15042498782544]]]}, "properties": {"OBJECTID": 7425004, "KLASA": null, "KATEGORIA": null, "STATUS_KOD": null}}, {"type": "Feature", "id": 7425050, "geometry": {"type": "MultiLineString", "coordinates": [[[17.078180798517455, 51.12761400329933], [17.07820990530492, 51.12797071787009]], [[17.07829193381413, 51.128746730095735], [17.07831927098089, 51.12901265240039], [17.078331736785945, 51.129155802814495], [17.078339638924636, 51.12921888247963]]]}, "properties": {"OBJECTID": 7425050, "KLASA": null, "KATEGORIA": null, "STATUS_KOD": null}}, {"type": "Feature", "id": 7425081, "geometry": {"type": "LineString", "coordinates": [[17.020299151688473, 51.13373985827955], [17.0203457047956, 51.13383832551989], [17.02040965387144, 51.13397359831375], [17.02049952403195, 51.13415267906429], [17.020554687051035, 51.134314271839216], [17.020564978245872, 51.134366102542884], [17.020575076854083, 51.13441690681042], [17.020578896920245, 51.13446664266281], [17.020579826497997, 51.13447875952708], [17.020551907683092, 51.13466241829986], [17.020491475416073, 51.1348079133098], [17.02042432277494, 51.134909725152646], [17.02033392354463, 51.135020259971434], [17.020190254478784, 51.13515112354557], [17.020097899695628, 51.135215614714596], [17.01992168812724, 51.135338662955114], [17.01977429535909, 51.13544216623187], [17.01969613111998, 51.135497067185696], [17.019608621174577, 51.13555942308071], [17.018921329471613, 51.13604913378697], [17.018315829815453, 51.1364828202541], [17.01764562602352, 51.136953141353615], [17.017561118839026, 51.137012446474934]]}, "properties": {"OBJECTID": 7425081, "KLASA": null, "KATEGORIA": null, "STATUS_KOD": null}}, {"type": "Feature", "id": 7425106, "geometry": {"type": "LineString", "coordinates": [[17.043525774576374, 51.140885413030254], [17.04352199462776, 51.14090097914737], [17.043297021353304, 51.14182461373037], [17.04327544786144, 51.14186514235235], [17.043274456751003, 51.141886817260044], [17.04328974559243, 51.14190489463979], [17.043305055233333, 51.141915744515906], [17.04352700375304, 51.142019439448426]]}, "properties": {"OBJECTID": 7425106, "KLASA": null, "KATEGORIA": null, "STATUS_KOD": null}}, {"type": "Feature", "id": 7425110, "geometry": {"type": "LineString", "coordinates": [[17.05668455537559, 51.13830312732656], [17.056567745261358, 51.13837991851268], [17.056337745154853, 51.13853110254255], [17.056005542991276, 51.138738392617014], [17.055768108741276, 51.13889867596432], [17.055605091042707, 51.13901777592485], [17.055500400236095, 51.13910691678624], [17.055406299458262, 51.139191072930224], [17.055243334057373, 51.13936562089999], [17.0552000827563, 51.13941372565731], [17.05514519245097, 51.13947477134463], [17.055085579254033, 51.139555762814204], [17.05485225428344, 51.13987273992645], [17.054453685035735, 51.14039629306078], [17.05413342499903, 51.140815299412395], [17.054089200131067, 51.14087315862636]]}, "properties": {"OBJECTID": 7425110, "KLASA": null, "KATEGORIA": null, "STATUS_KOD": null}}, {"type": "Feature", "id": 7425114, "geometry": {"type": "LineString", "coordinates": [[17.053186681060154, 51.13786306431443], [17.05316031409801, 51.137949834626994], [17.05297662458307, 51.13855392555253], [17.05295801295235, 51.138609420721586], [17.05293943168974, 51.13866482623682], [17.05290764636501, 51.13877123093017], [17.052855028509356, 51.13894737034818], [17.052717544146976, 51.139367844011105], [17.052673338683938, 51.139544824579936], [17.052664711706658, 51.139655632916984], [17.052670713100785, 51.13977154899271], [17.05269678540364, 51.13990175036143], [17.052733599286277, 51.14000844092034], [17.052747517349292, 51.14003359878308], [17.0527795981454, 51.140091572094974], [17.052804465533388, 51.14013682956556], [17.05285856762476, 51.14023529972945], [17.05304733191362, 51.1404214844297], [17.053153179213524, 51.14050321218898], [17.053241505029334, 51.14056547928138], [17.0533500620899, 51.14061885749755], [17.05351030384918, 51.140677292550464], [17.053989003291647, 51.140839266342574], [17.054089200131067, 51.14087315862636], [17.0541550223743, 51.140898978816594], [17.054243073920457, 51.14093350989473], [17.05429059417972, 51.14095215211111], [17.054436468185695, 51.1410005001979], [17.054529610873352, 51.14103136848937], [17.05517725608957, 51.14125717201227], [17.05525504278848, 51.141284283854354], [17.05534201322705, 51.14131514658369], [17.055400097752088, 51.14133575250769], [17.055508560233324, 51.14138136988179], [17.05560114835576, 51.14143808702646], [17.055728205260166, 51.14152562917561], [17.055808932925604, 51.14159985209877], [17.05596102461977, 51.141755503796176], [17.056072991565983, 51.14186689911307], [17.056125038964453, 51.1419187039165]]}, "properties": {"OBJECTID": 7425114, "KLASA": null, "KATEGORIA": null, "STATUS_KOD": null}}, {"type": "Feature", "id": 7425116, "geometry": {"type": "LineString", "coordinates": [[17.03820383943533, 51.143015239401215], [17.038272645617994, 51.14296252360098], [17.03827782992695, 51.14295855685068], [17.0386897296434, 51.142541371702634], [17.038957615623744, 51.14226314135057], [17.03961547348901, 51.14158975522678], [17.03997535995621, 51.141213230065055], [17.04002471815094, 51.14116160315119]]}, "properties": {"OBJECTID": 7425116, "KLASA": null, "KATEGORIA": null, "STATUS_KOD": null}}, {"type": "Feature", "id": 7425123, "geometry": {"type": "LineString", "coordinates": [[17.055735081766837, 51.133792364050485], [17.055833961684638, 51.133872630862136], [17.055977416535498, 51.133984649256206], [17.056080655390513, 51.134078920950216], [17.056171864158237, 51.13416897820498], [17.05631978485895, 51.13433606682066], [17.056325657233906, 51.1343444835658], [17.056368708988934, 51.13440611336142], [17.056424069533858, 51.13446392296623], [17.056518100448734, 51.13456210238121], [17.05672691107314, 51.134771043030256], [17.05708146552613, 51.13513364080538], [17.05716863913941, 51.13522277474679], [17.057246156976696, 51.13529071411128], [17.057278719601047, 51.13532514623579], [17.057738564139303, 51.13581117341331], [17.05794994308497, 51.13603839045942], [17.058042051910498, 51.13613022441436], [17.058099456979594, 51.136187474327784], [17.05814676808926, 51.13623519480803], [17.058361131335094, 51.13645146775502], [17.05893344477243, 51.13703702091682], [17.059398670446313, 51.1375250174025], [17.05967895940671, 51.13782653640567], [17.059779486749743, 51.13795659764607], [17.05980453708493, 51.1380057925605], [17.059805995654777, 51.13801136887218], [17.05982053965311, 51.138067778906446], [17.059828804331065, 51.13809987542638], [17.05986510299726, 51.138241115756166], [17.05990463425377, 51.13841950026864], [17.059912484927214, 51.13849450099204], [17.059901005699597, 51.13857212413418], [17.05990062561245, 51.138574656156656], [17.05989304718405, 51.13866636145564], [17.059877253745956, 51.13869678128847]]}, "properties": {"OBJECTID": 7425123, "KLASA": null, "KATEGORIA": null, "STATUS_KOD": null}}, {"type": "Feature", "id": 7425149, "geometry": {"type": "GeometryCollection", "geometries": [{"type": "LineString", "coordinates": [[17.082045654426732, 51.13965877456185], [17.082061171645528, 51.139827966001846]]}, {"type": "LineString", "coordinates": [[17.082061171645528, 51.139827966001846], [17.082051003593314, 51.13993831921111]]}, {"type": "LineString", "coordinates": [[17.08204310422038, 51.140024050591734], [17.08200522738858, 51.140225411217614]]}, {"type": "LineString", "coordinates": [[17.08200522738858, 51.140225411217614], [17.08190566445124, 51.14054994652195]]}, {"type": "LineString", "coordinates": [[17.081877106423942, 51.140643034254474], [17.081844846629732, 51.14082274425078]]}, {"type": "LineString", "coordinates": [[17.081792336946894, 51.14114436723675], [17.081758789143592, 51.14133681349031]]}, {"type": "LineString", "coordinates": [[17.08171418641426, 51.14157012776995], [17.081696836877306, 51.1416592081744]]}, {"type": "LineString", "coordinates": [[17.081667263894406, 51.14178903626511], [17.081656886690453, 51.14183459313642]]}, {"type": "LineString", "coordinates": [[17.08164782214917, 51.14187438729895], [17.081622682790552, 51.141984751374906]]}, {"type": "LineString", "coordinates": [[17.081622682790552, 51.141984751374906], [17.081619822250023, 51.141997266577796]]}, {"type": "Point", "coordinates": [17.081829167965704, 51.140910018269956]}, {"type": "Point", "coordinates": [17.081751640586518, 51.141377821034524]}]}, "properties": {"OBJECTID": 7425149, "KLASA": null, "KATEGORIA": null, "STATUS_KOD": null}}, {"type": "Feature", "id": 7425183, "geometry": {"type": "LineString", "coordinates": [[17.0672838325941, 51.13817171321629], [17.06816293886972, 51.13873508931994], [17.06824628119577, 51.13878736281017], [17.06852870983834, 51.13896448786483], [17.068604517369867, 51.13901203546558], [17.068623871405254, 51.139023822179816], [17.06868674880364, 51.13906275357307], [17.068745928383514, 51.13909939909021], [17.069006875449393, 51.13927051764828], [17.069080577983875, 51.13932543765546], [17.06913870968093, 51.139368744935815], [17.069244555290773, 51.13946037362103], [17.06929270261666, 51.1395020641368], [17.069325126641466, 51.139532608225785], [17.069384799170635, 51.13958743436951], [17.06973597706794, 51.13991004328932], [17.069748260642733, 51.13992313100864], [17.06984684943797, 51.14002826676378], [17.06991357245145, 51.140128393508434], [17.069941232189755, 51.14016992980801], [17.07002284315727, 51.14032637804142], [17.07043564977818, 51.14115561785236], [17.0704763922674, 51.14123741466299], [17.070479707829268, 51.14124665538221], [17.070504910293845, 51.14131667811647], [17.07062797368784, 51.14165856072825], [17.070757755881278, 51.14213209570574], [17.07089958417324, 51.142717451711086]]}, "properties": {"OBJECTID": 7425183, "KLASA": null, "KATEGORIA": null, "STATUS_KOD": null}}, {"type": "Feature", "id": 7425194, "geometry": {"type": "MultiLineString", "coordinates": [[[17.062323903126927, 51.142391097332364], [17.062367165203046, 51.14243040522779], [17.06237899489468, 51.14244819165741], [17.06242912727691, 51.14252365696134], [17.06268550678359, 51.14286435127214], [17.06300239696645, 51.14328557343913], [17.063271259267427, 51.143642592681516], [17.063379436763537, 51.143792614943266], [17.06342429551114, 51.143854822810205]], [[17.06342429551114, 51.143854822810205], [17.063309510965897, 51.14387658440919], [17.063291713406507, 51.14388177271971], [17.063059468417418, 51.14394944721754], [17.063051607548203, 51.14400947990378], [17.063057359288884, 51.14404797461711], [17.06306369488573, 51.14407033762612], [17.06307997407573, 51.14409356238837], [17.06315721175882, 51.144204025349076], [17.063394985329666, 51.1445220589067], [17.06357211169624, 51.144760147095], [17.063735869592975, 51.144980247620104], [17.063834423946023, 51.14511307613342], [17.063908340806808, 51.145212661511145], [17.064055684366057, 51.14516971961789], [17.06466837550511, 51.1449910887972], [17.064709718334832, 51.14496435165234], [17.064718993835555, 51.14495443835254], [17.064727758127454, 51.14494506933118], [17.064723903830075, 51.14491797973825], [17.064483280705954, 51.14459896425221], [17.06422118871729, 51.14425270870962], [17.06410522400662, 51.14410524990676], [17.064094077658268, 51.14409107396824], [17.06404356408933, 51.14403918615092], [17.063985314487955, 51.14400872160798], [17.063804271766667, 51.14398192183117], [17.0635351717165, 51.14393721059625], [17.06350266330352, 51.14391299294426], [17.063483304875998, 51.143898562408566], [17.06342429551114, 51.143854822810205]]]}, "properties": {"OBJECTID": 7425194, "KLASA": null, "KATEGORIA": null, "STATUS_KOD": null}}, {"type": "Feature", "id": 7425318, "geometry": {"type": "LineString", "coordinates": [[17.030581094872748, 51.13280222970417], [17.03056455165155, 51.13287854964618], [17.030562193171907, 51.132888149033874], [17.03053307736862, 51.13300604981125], [17.030553773813015, 51.1331059886457], [17.03061410177386, 51.13320199489093], [17.030649506252974, 51.13325459020723], [17.030693310962697, 51.13328881734144], [17.0307601177481, 51.133320394365555], [17.03090146466559, 51.13336086853881], [17.03124375461902, 51.133445231700584], [17.03131894005061, 51.13346631495725], [17.03137312359154, 51.13349688810256], [17.031377247025457, 51.133499214618645], [17.031421366415596, 51.133553949498705], [17.031508923204136, 51.13363388252417], [17.031512736688434, 51.13363736613473], [17.031615270336424, 51.13373288532214], [17.0317234970587, 51.1337570736523], [17.0317688487586, 51.133761116917285], [17.031853134160418, 51.13376864684252], [17.03199456565437, 51.13378127041846], [17.032442580015452, 51.13381225251342], [17.03301873079031, 51.133848041142066], [17.033034225357856, 51.13384979638595], [17.033461644768025, 51.13389822401567], [17.033648658385086, 51.133927178945996], [17.03375336773461, 51.13394402773528], [17.03410963330059, 51.13400136715154], [17.034270343821646, 51.134028233991806], [17.034565879560315, 51.134077645047554], [17.034622036519053, 51.134087035353524], [17.03476026435682, 51.13412113239489], [17.03478458627344, 51.13412714045404], [17.035021047995414, 51.13416457399857], [17.035239537418317, 51.13419917089545], [17.035399720032625, 51.13425939154321], [17.035743696950586, 51.13430682498134]]}, "properties": {"OBJECTID": 7425318, "KLASA": null, "KATEGORIA": null, "STATUS_KOD": null}}, {"type": "Feature", "id": 7425376, "geometry": {"type": "LineString", "coordinates": [[17.020711757145506, 51.136265661084096], [17.02070147520523, 51.13621134035242], [17.02069179545097, 51.13620420241169], [17.01997181868869, 51.13567381320226], [17.019794375204885, 51.1355600541856], [17.01969613111998, 51.135497067185696], [17.019638038602256, 51.135463758956675], [17.019624230627308, 51.13545388043058], [17.01910467072744, 51.13508210724083], [17.01885698703432, 51.13490912702379]]}, "properties": {"OBJECTID": 7425376, "KLASA": null, "KATEGORIA": null, "STATUS_KOD": null}}, {"type": "Feature", "id": 7425388, "geometry": {"type": "LineString", "coordinates": [[17.038532682483986, 51.14955354449707], [17.03886683737788, 51.149771718429996], [17.03896647069924, 51.14982144071828], [17.039058220163014, 51.14983785449], [17.03922383798353, 51.14983216718739], [17.039664857633348, 51.14978021516638], [17.039811863983566, 51.149770472718224], [17.04005222942938, 51.14976226046964], [17.04038362279921, 51.149744618337806], [17.040925434479195, 51.14972164399687], [17.041366393341374, 51.14969869460692], [17.041483093446328, 51.149692612152315], [17.04159365204841, 51.1496870006557], [17.042138003168397, 51.14965935791153], [17.042227085365028, 51.149654828481914], [17.042365576543247, 51.14964970568437], [17.0427640284647, 51.14963495213109], [17.043024769775947, 51.1496242036445], [17.0430595042193, 51.14962132348377], [17.043106866950176, 51.14961738696586], [17.043246761426875, 51.14960452554511]]}, "properties": {"OBJECTID": 7425388, "KLASA": null, "KATEGORIA": null, "STATUS_KOD": null}}, {"type": "Feature", "id": 7425390, "geometry": {"type": "LineString", "coordinates": [[17.07886207847594, 51.131619175424945], [17.07835954641461, 51.13155107326101], [17.077558567337373, 51.131432086484985], [17.076300483077475, 51.13126283293296], [17.07576755436134, 51.13118611195628], [17.07534130855385, 51.13112522682249], [17.07500895466021, 51.13108676582339], [17.07493964622395, 51.131080374338836], [17.074762767579106, 51.13106404327885], [17.074711087634785, 51.13105918452197], [17.074609105259192, 51.13105203089776], [17.074293356218856, 51.131029907576035], [17.073925190589794, 51.13101477579968], [17.073645825948763, 51.13101721986428], [17.073523732444524, 51.131020522753076], [17.073382526404004, 51.13102434830182], [17.073167306416078, 51.131037035234584], [17.07251040318048, 51.131075732650125], [17.07162050040132, 51.131133738557324], [17.07109612004314, 51.13116690856524], [17.070712044427058, 51.13119844936744], [17.070400849464416, 51.13122991201211], [17.069909075924812, 51.13129198587845], [17.069734455988662, 51.13131403297004], [17.06952051604702, 51.13133968644403], [17.067549222882516, 51.13157710670907], [17.067107938862645, 51.13162970074055], [17.0671036710215, 51.13163020607421], [17.066904835059795, 51.131655606679075], [17.066348796120533, 51.13171794390301], [17.066260888075472, 51.13172772397548], [17.065525080584383, 51.13182736988449], [17.06540335389881, 51.13184152402624], [17.064747565628174, 51.13187526136021], [17.064329165406196, 51.131895979840245]]}, "properties": {"OBJECTID": 7425390, "KLASA": null, "KATEGORIA": null, "STATUS_KOD": null}}, {"type": "Feature", "id": 7425479, "geometry": {"type": "LineString", "coordinates": [[17.021684246391285, 51.13341519493671], [17.021767527266277, 51.13348368266186], [17.021799836601094, 51.133521358917], [17.021848879973774, 51.13357852088924], [17.021917373937278, 51.13361789315282], [17.022236003713143, 51.133800980148095], [17.023361427751325, 51.13444153042125], [17.02342021886312, 51.13447497748069], [17.02347732873892, 51.13450481460631], [17.02360845186858, 51.1345732959345], [17.024576588749248, 51.135129429596596], [17.02469985534743, 51.13519830622408], [17.026580537033826, 51.13627750225054], [17.02662175240614, 51.13630099366733], [17.026675321412803, 51.136331581838924], [17.026878231883096, 51.136447448058426], [17.02706562136201, 51.13653699792371], [17.027106718949995, 51.13655523822674]]}, "properties": {"OBJECTID": 7425479, "KLASA": null, "KATEGORIA": null, "STATUS_KOD": null}}, {"type": "Feature", "id": 7425484, "geometry": {"type": "LineString", "coordinates": [[17.00561091521204, 51.15553984056433], [17.005681017646477, 51.15537020908921], [17.005758241191373, 51.15529758196578], [17.0058463905374, 51.155269959909795], [17.005951049760593, 51.15524236123379]]}, "properties": {"OBJECTID": 7425484, "KLASA": null, "KATEGORIA": null, "STATUS_KOD": null}}, {"type": "Feature", "id": 7425538, "geometry": {"type": "LineString", "coordinates": [[17.050465782214165, 51.14151373168005], [17.05044675438862, 51.141567712795684], [17.050042705115434, 51.14271363990994], [17.049983328695973, 51.142871564002576], [17.049968514810555, 51.14291096211187]]}, "properties": {"OBJECTID": 7425538, "KLASA": null, "KATEGORIA": null, "STATUS_KOD": null}}, {"type": "Feature", "id": 7425543, "geometry": {"type": "LineString", "coordinates": [[17.04462857539454, 51.14648223289024], [17.044697476567706, 51.14657919152407], [17.044702379256968, 51.14659232047469], [17.044794380812053, 51.146838632709745], [17.04488572860671, 51.147115971732944], [17.04491125317211, 51.147216441540344], [17.044914598020004, 51.14722957573834], [17.044930790392424, 51.14729331860185], [17.044749796006542, 51.14731946564558], [17.04449658168869, 51.14735602574364], [17.044085969714427, 51.14741728802075], [17.043854037588986, 51.147457211986485], [17.04364295059158, 51.147487794909075], [17.04347558617766, 51.14751687417709], [17.04346264109886, 51.14751876400756], [17.04291487009166, 51.14759899220124], [17.042801244407087, 51.14761562809238], [17.042553979803213, 51.14765183713962]]}, "properties": {"OBJECTID": 7425543, "KLASA": null, "KATEGORIA": null, "STATUS_KOD": null}}, {"type": "Feature", "id": 7425545, "geometry": {"type": "LineString", "coordinates": [[17.060161971590926, 51.13549400609984], [17.060333161436322, 51.13548286182376], [17.06058959820428, 51.135488637374394], [17.06067541461863, 51.13551686194254], [17.06070399565496, 51.13553146593435], [17.0607389968681, 51.135549366742175], [17.060893829884698, 51.13564862420914], [17.061465955559356, 51.13601478030751], [17.06173590355145, 51.13616826895505], [17.062158172295046, 51.136390203071514], [17.06228392271852, 51.13644814549331], [17.062693112883107, 51.1365311673721], [17.06287445404212, 51.13659737566048], [17.06290912876822, 51.13661595640736], [17.06373727152708, 51.13701531043624], [17.063964412602765, 51.13712830345503], [17.0641047589758, 51.13720753760722], [17.06420659768211, 51.137272574485216], [17.064350926386368, 51.13739518823045], [17.06450670636225, 51.13754655235245], [17.064520779909408, 51.13756712533758], [17.064589967584006, 51.137668290746284]]}, "properties": {"OBJECTID": 7425545, "KLASA": null, "KATEGORIA": null, "STATUS_KOD": null}}, {"type": "Feature", "id": 7425546, "geometry": {"type": "LineString", "coordinates": [[17.051441212463455, 51.13654686936266], [17.05140391235804, 51.13648719021905], [17.051399665440567, 51.13648036858984], [17.051298895024555, 51.136369742669046], [17.05100298092508, 51.13603054476552], [17.050789273290928, 51.13572762132027], [17.050680167514805, 51.1355463225039], [17.050609392104526, 51.1354287567087], [17.050554676795308, 51.13539830507789], [17.05052653513035, 51.13538264138458], [17.050203288946573, 51.13487400731879]]}, "properties": {"OBJECTID": 7425546, "KLASA": null, "KATEGORIA": null, "STATUS_KOD": null}}, {"type": "Feature", "id": 7425554, "geometry": {"type": "MultiLineString", "coordinates": [[[17.07820990530492, 51.12797071787009], [17.07829193381413, 51.128746730095735]], [[17.078339638924636, 51.12921888247963], [17.078363175370487, 51.12962840229015], [17.078387830621867, 51.12997527309138], [17.078509005877613, 51.13067866223786], [17.078636984975795, 51.13106740090788], [17.07886207847594, 51.131619175424945]]]}, "properties": {"OBJECTID": 7425554, "KLASA": null, "KATEGORIA": null, "STATUS_KOD": null}}, {"type": "Feature", "id": 7425566, "geometry": {"type": "MultiLineString", "coordinates": [[[17.060471761318897, 51.13044549755073], [17.05912712073254, 51.12992014128411]], [[17.060139109798847, 51.1305942642182], [17.060073068210308, 51.13056643187562], [17.06000185618594, 51.13053641839943], [17.059586415410063, 51.13037393461351], [17.058854110300835, 51.13008387585847]]]}, "properties": {"OBJECTID": 7425566, "KLASA": null, "KATEGORIA": null, "STATUS_KOD": null}}, {"type": "Feature", "id": 7425610, "geometry": {"type": "LineString", "coordinates": [[17.060707730173654, 51.13828174124687], [17.060840448387737, 51.13826074651525], [17.061562598731715, 51.13814646876642], [17.062924531621068, 51.13793238751062], [17.063979646505192, 51.13776136772643], [17.064404765802617, 51.13769152182119], [17.06441615449556, 51.13769010266927], [17.064589967584006, 51.137668290746284], [17.064755181832744, 51.13767954560056], [17.065438089281308, 51.137760598544105], [17.066066442798743, 51.137832419995355], [17.066269687598904, 51.137862522014466], [17.066452368294122, 51.137900514245146], [17.066639411767497, 51.13795034439766], [17.066846622836934, 51.13801127555189], [17.067125051556957, 51.13810914648813], [17.067181461228806, 51.13813137831136], [17.0672838325941, 51.13817171321629]]}, "properties": {"OBJECTID": 7425610, "KLASA": null, "KATEGORIA": null, "STATUS_KOD": null}}, {"type": "Feature", "id": 7425612, "geometry": {"type": "LineString", "coordinates": [[17.05902572198464, 51.134284424794245], [17.05901115554471, 51.13431498025729], [17.059002887606415, 51.13433230869332], [17.059010755688046, 51.13438315450109], [17.059051498135805, 51.134429230612604], [17.059075633509398, 51.13445652857517], [17.059719497640774, 51.1350022363391], [17.060027231906844, 51.135264564738584], [17.0601090050568, 51.13533425341603], [17.06015003616346, 51.13542490119763], [17.060161971590926, 51.13549400609984], [17.06021437646838, 51.13572381231487], [17.060261617296668, 51.13599679380141], [17.06037226711491, 51.13652135638931], [17.060418494591943, 51.13671059113519], [17.060485538336085, 51.13703586249254], [17.060564477442995, 51.137421396995286], [17.06059478353379, 51.13756228332556], [17.060618457266074, 51.13766314844025], [17.060657568335508, 51.137941925609816], [17.060665395989815, 51.13799769726549], [17.060672093045333, 51.138045809657754], [17.06067614446716, 51.138075013571736], [17.060691750142993, 51.13819182440565], [17.06069464147827, 51.13821341376769], [17.060707730173654, 51.13828174124687], [17.060719793747896, 51.13836749139713], [17.06072029567362, 51.138397682629765], [17.060723579538276, 51.13859921171582], [17.06071951573195, 51.138641736018805], [17.06070595941879, 51.13878375329886], [17.060740599808458, 51.13886884872409], [17.060754461591632, 51.13889768193662], [17.0607721228656, 51.138934339675025], [17.06093211615447, 51.13920944875362], [17.061193663705552, 51.13963913155183], [17.06124712482905, 51.139722849648095], [17.06144998828232, 51.14004050839659], [17.06168582470933, 51.140416531314244], [17.061767040306588, 51.14054601330754], [17.061872085777566, 51.140628589701514], [17.061906885154816, 51.14065595459708], [17.062105292441966, 51.140828645535464], [17.06213987975266, 51.14085873251807], [17.062189696058457, 51.140899621289336], [17.06247250208847, 51.14113168162536], [17.062527435910383, 51.14117675549214], [17.062608231009335, 51.141248861674], [17.062676646132953, 51.141309910220336], [17.062912193831608, 51.14150337578592], [17.06325696184294, 51.141788843590874], [17.063320026593665, 51.141841075017986], [17.063375783260792, 51.14188723382195], [17.063414631493952, 51.141919404176285], [17.063517669671917, 51.14200472279812]]}, "properties": {"OBJECTID": 7425612, "KLASA": null, "KATEGORIA": null, "STATUS_KOD": null}}, {"type": "Feature", "id": 7425618, "geometry": {"type": "LineString", "coordinates": [[17.03438625735464, 51.140827652245996], [17.03449002401359, 51.140756870428326], [17.03456920425555, 51.14070285802118], [17.035000750611367, 51.14070312933734], [17.036104734007623, 51.140709868922784], [17.036558618029854, 51.14069906354886], [17.036666336355424, 51.140699833993125], [17.036748958914952, 51.14070619597067], [17.036828415028033, 51.14072119783217], [17.03689639083259, 51.14074057295549], [17.037307149477396, 51.140909642955876], [17.037410951816163, 51.140952371116015], [17.03747405516502, 51.14088585467791], [17.037564859675136, 51.14079015204357], [17.037595234309794, 51.140767100834296], [17.03763416292932, 51.14074501896916], [17.037667171552187, 51.14073274103217], [17.037704336067062, 51.14072677205361], [17.03859911737139, 51.14069603274897], [17.038741593030018, 51.14069113584745], [17.038849337664054, 51.140730550983825], [17.03922527535421, 51.14086807106052], [17.039310427918316, 51.14089921848249], [17.0393901603012, 51.14092850541492], [17.03995182086345, 51.141134826935456], [17.04002471815094, 51.14116160315119], [17.040133905022675, 51.14120186496958], [17.040776337631325, 51.14143873594699], [17.040842284456513, 51.14146305440869], [17.040914231998524, 51.14148950763902], [17.041462470661017, 51.14169110908193], [17.04182629714455, 51.14182971709134], [17.04191775042675, 51.14186455502419]]}, "properties": {"OBJECTID": 7425618, "KLASA": null, "KATEGORIA": null, "STATUS_KOD": null}}, {"type": "Feature", "id": 7425622, "geometry": {"type": "LineString", "coordinates": [[17.040408338546577, 51.140022553993646], [17.040368203294648, 51.1400284904644], [17.04035288391008, 51.14002713318274], [17.039244374786236, 51.139928711073516]]}, "properties": {"OBJECTID": 7425622, "KLASA": null, "KATEGORIA": null, "STATUS_KOD": null}}, {"type": "Feature", "id": 7425626, "geometry": {"type": "LineString", "coordinates": [[17.04806125574532, 51.13812197264853], [17.047980283292805, 51.13811404091742], [17.047515612510214, 51.13806850055315], [17.047015062907658, 51.138019438703104], [17.04653044355913, 51.13797193393581], [17.046027115321174, 51.13792259348669], [17.045516215880365, 51.137872505863534], [17.045403110437835, 51.13836953718387], [17.04538920432035, 51.138430625184114]]}, "properties": {"OBJECTID": 7425626, "KLASA": null, "KATEGORIA": null, "STATUS_KOD": null}}, {"type": "Feature", "id": 7425637, "geometry": {"type": "LineString", "coordinates": [[17.0482717362887, 51.13726384411493], [17.04825174529354, 51.13734934376291], [17.048217386264415, 51.137496350495326], [17.048120860115812, 51.137880016061416], [17.048077190246747, 51.1380572690312], [17.04806125574532, 51.13812197264853], [17.048048556727075, 51.138176652176526], [17.04798986027284, 51.13842931378395], [17.047975358698146, 51.13849172770165], [17.047950560110884, 51.13858651040909], [17.04792676866425, 51.138677480710314], [17.047910778273568, 51.13874001734255], [17.047837635627864, 51.13902591282601], [17.04781418796339, 51.13911751517279], [17.047792907093193, 51.13920172768953], [17.04771611141607, 51.139505356870586], [17.047706561086073, 51.13954308954388], [17.047697772965087, 51.139577807902675], [17.047674690055867, 51.1396690176404], [17.04764564380537, 51.13978821750708], [17.047623712337977, 51.1398783218927], [17.047611303361986, 51.13992927302043], [17.04755408843242, 51.14016456943532], [17.047359146908803, 51.140976679083835], [17.047312364110347, 51.14117018657537], [17.04729864862866, 51.141226952305225], [17.047284695865606, 51.14127580521679], [17.04714507755739, 51.14176518750066], [17.04684143808265, 51.14275501661639], [17.046865752106296, 51.14284011290823]]}, "properties": {"OBJECTID": 7425637, "KLASA": null, "KATEGORIA": null, "STATUS_KOD": null}}, {"type": "Feature", "id": 7425650, "geometry": {"type": "LineString", "coordinates": [[17.032614582006527, 51.14015978647034], [17.033262475791105, 51.14035448465019], [17.033537391026346, 51.14045709024604], [17.03374080909331, 51.1405263642101], [17.033984851995545, 51.140615633738946], [17.0342233615488, 51.14073864914936], [17.034292933505007, 51.14077667451026], [17.03438625735464, 51.140827652245996], [17.034497947925853, 51.1408894252751], [17.03454586772419, 51.14091593578857], [17.03482420098155, 51.14107072088593], [17.036255690416393, 51.1418788769946], [17.036348392422337, 51.141933848410396], [17.03644367296858, 51.14199127718915], [17.036626542843532, 51.14209531954175], [17.03676636178594, 51.142177090295206], [17.036942596991906, 51.14227794910725], [17.037104998811987, 51.14237334492213], [17.037125385644316, 51.1423853161678], [17.03732187814691, 51.1424982704304], [17.037418825648476, 51.14255399510137], [17.03750906086544, 51.142606769786795], [17.03759006211952, 51.14265415553794], [17.0376233410911, 51.142673613279285], [17.03768094303453, 51.14270751073924], [17.038132979514838, 51.14297354702321], [17.03820383943533, 51.143015239401215], [17.038257240183274, 51.143045721918504], [17.038399350959857, 51.143126826323105], [17.038570105659552, 51.1432242395009], [17.03884934380501, 51.14339325651671], [17.038969324322807, 51.14346588091006], [17.039058027851343, 51.143518947444], [17.03983795895102, 51.14398564949488], [17.039979162049608, 51.14407013359336], [17.040089881472543, 51.14418152503408], [17.040160074022406, 51.14425212141171], [17.040378607295086, 51.144521401373176], [17.040565590233754, 51.14477882546206], [17.040600438365416, 51.144824751719774], [17.04064215905973, 51.14487972397797], [17.040693226347265, 51.1449491832732], [17.040744864178876, 51.145019393364315], [17.040923047889997, 51.14526438392799], [17.041090206984975, 51.14549387557931], [17.04121870798216, 51.14567027192267], [17.04132545790178, 51.145814927218005], [17.041669699533145, 51.14628449025751], [17.04173751439617, 51.14637700087618], [17.041936322408443, 51.1466542068347], [17.042058484900853, 51.14683194367459], [17.042104380121156, 51.14690635819436], [17.04215864135404, 51.1469943436393], [17.042228633337782, 51.14709224758715], [17.04225471896235, 51.14712873437021], [17.042399735503935, 51.14736871341568], [17.04242896278715, 51.1474170832061], [17.0424946043417, 51.147536724258856], [17.04250366677063, 51.14755324947788], [17.042553979803213, 51.14765183713962], [17.04258780769663, 51.14773000023335], [17.042596114564347, 51.14774919817025], [17.04269236134686, 51.14797157143663], [17.042780534377375, 51.148174568806695], [17.04279341328948, 51.148204214139795], [17.04281521737819, 51.14825979568512], [17.04291075577765, 51.14850338746999], [17.043023264901343, 51.148831773376614], [17.043026001696443, 51.1488397336133], [17.043115752136295, 51.1491290170846], [17.04319270730407, 51.149377032282175], [17.043225737487084, 51.149483514960885], [17.04323373343783, 51.149529526368184], [17.043246761426875, 51.14960452554511], [17.04328896903243, 51.149706120996505], [17.043290030919533, 51.14970868273722], [17.043327191377237, 51.14979516127987], [17.043402864258052, 51.149951831184254], [17.043549523205357, 51.15022645912077], [17.04356109564834, 51.150248137851165], [17.043611192263533, 51.150351910244815], [17.043655768660894, 51.150468285885914], [17.043700033057924, 51.15060529914236], [17.043736533662248, 51.15077909738819], [17.043749170758034, 51.150895193872074], [17.04375544008376, 51.15099020256378], [17.043757748048403, 51.15110329296645], [17.0437566654117, 51.1511729627164], [17.04374631846783, 51.151325719764344], [17.04373324159086, 51.15142521791837], [17.04370675338692, 51.15154288233086], [17.043646659940823, 51.151760094629985]]}, "properties": {"OBJECTID": 7425650, "KLASA": null, "KATEGORIA": null, "STATUS_KOD": null}}, {"type": "Feature", "id": 7425669, "geometry": {"type": "MultiLineString", "coordinates": [[[17.064329165406196, 51.131895979840245], [17.063787681947026, 51.13189415977604]], [[17.063836063154582, 51.13190853586663], [17.06369388694905, 51.13192921192672], [17.063591058362814, 51.13196692002686], [17.06322956272121, 51.13214828028949], [17.06314257104019, 51.13219248671267], [17.06282880183366, 51.132351939137514], [17.062676457669262, 51.13242930568588], [17.062531838133836, 51.1325026616491], [17.061855091930575, 51.132852092035336], [17.06183613717907, 51.13286100154218], [17.061673518495677, 51.13293757418117], [17.0615225236343, 51.133013736453385], [17.060640795875287, 51.133458486017936], [17.059942035623433, 51.133812654856364], [17.059814843325974, 51.133875944302915], [17.059673002817412, 51.13396256981523], [17.05911496842243, 51.13424004179522], [17.05902572198464, 51.134284424794245], [17.058982961977264, 51.13430597951123], [17.05882553520326, 51.13438532282638], [17.05857129798638, 51.13451346454224], [17.057652205891298, 51.13497505206568], [17.05741047979003, 51.13510104466288], [17.057316512547217, 51.13514834590428], [17.05716863913941, 51.13522277474679], [17.057042562321204, 51.13528774225102], [17.056890507301294, 51.13536609246968], [17.056112210269614, 51.135759052588604], [17.05479492978947, 51.13642326614235], [17.05470873751658, 51.136466717635685], [17.054640030455854, 51.136501284805135], [17.05346230668635, 51.13709381325921], [17.052909532781374, 51.13737238601376], [17.052616342902315, 51.13752754585384], [17.05252899986794, 51.13762422308682], [17.052524496645997, 51.13762921181467], [17.05245744662237, 51.13777742021193]]]}, "properties": {"OBJECTID": 7425669, "KLASA": null, "KATEGORIA": null, "STATUS_KOD": null}}, {"type": "Feature", "id": 7425672, "geometry": {"type": "LineString", "coordinates": [[17.033324575562776, 51.135804678459124], [17.033496111260334, 51.13579856287172], [17.033572041114592, 51.13579585519007], [17.033649531274005, 51.13579574937282], [17.034279926668916, 51.13579487960164], [17.035045053622234, 51.13581237832188], [17.035711039750282, 51.13582810172354], [17.03663465757415, 51.135850465634476]]}, "properties": {"OBJECTID": 7425672, "KLASA": null, "KATEGORIA": null, "STATUS_KOD": null}}, {"type": "Feature", "id": 7425673, "geometry": {"type": "LineString", "coordinates": [[17.046702609131536, 51.138564829089624], [17.046691440591605, 51.13860686352681], [17.046625020337665, 51.13885671965337], [17.046604867787202, 51.13893253584405], [17.046589939968367, 51.13898987595651], [17.046481782737175, 51.13940528662008], [17.046466823993917, 51.139462725347144], [17.046448755742976, 51.139537920233536], [17.04627459223915, 51.14026253062224], [17.046083892720592, 51.14104174373316], [17.04606644691294, 51.1411130241375], [17.04605084131104, 51.14117544677266], [17.04604768627428, 51.14118708060269], [17.04601189613917, 51.14131983535683], [17.04599900555599, 51.141355221310825], [17.045978397267966, 51.14139965980448], [17.045941002238383, 51.14147853551565], [17.045922746724166, 51.1415225257303], [17.045912698077743, 51.14156492879768], [17.04590204949902, 51.14163227322191], [17.045894456683875, 51.14168032383609], [17.045885266476482, 51.14173861859751], [17.0458836587768, 51.141776397929384], [17.04588276271445, 51.14184620416457], [17.04588113163502, 51.14189690141772], [17.045877310098795, 51.141919371310536], [17.045847538812435, 51.142056112564944], [17.04582303172228, 51.14217179807282], [17.04581691473116, 51.14224113919531], [17.045809877737742, 51.14232529672623], [17.04580604398781, 51.14234488983105], [17.045795415900596, 51.14236686369537], [17.045772597033313, 51.14238887294091], [17.045748251829636, 51.142401736254925], [17.045720882424337, 51.142412255561595], [17.044888423229732, 51.14264799179112], [17.04486028668249, 51.142651348879134], [17.044837517370908, 51.14265084829038], [17.044813188918965, 51.14264557045472], [17.04479422605238, 51.14263790024372], [17.04477828118736, 51.142625948641424], [17.044662636768297, 51.14249108541244], [17.04465645432134, 51.14248389713786], [17.044601139764186, 51.14244903295145]]}, "properties": {"OBJECTID": 7425673, "KLASA": null, "KATEGORIA": null, "STATUS_KOD": null}}, {"type": "Feature", "id": 7425678, "geometry": {"type": "LineString", "coordinates": [[17.041839036504843, 51.14194744193905], [17.041931951165402, 51.14199177590418], [17.041946469868144, 51.14199870898538], [17.042073980763806, 51.14207005243581], [17.042235491855934, 51.142202057605076], [17.042385645224247, 51.14230907723426], [17.042687373714273, 51.14245517484457], [17.04295815512199, 51.14256440362766], [17.04320013150805, 51.14268725815735], [17.043389553665012, 51.14277937826265], [17.04360140545713, 51.1428725714503], [17.043733153058806, 51.14292723597212], [17.043923773146744, 51.14299813146883], [17.044025926001204, 51.14303060102821], [17.044104595874018, 51.14305560595341], [17.044267368071388, 51.14305432919709], [17.04441724713687, 51.14305318060328], [17.044709583636514, 51.14307672137003], [17.044959039149063, 51.14306880710606], [17.04523462495563, 51.14304118458674], [17.045519748451195, 51.14299248663671], [17.045835500084596, 51.142944325538735], [17.04597410734116, 51.142931189699745], [17.04605071450127, 51.142918339100035], [17.046161433583638, 51.142906207147725], [17.04631142717574, 51.14288976568705], [17.046742362130672, 51.14284646080124], [17.046865752106296, 51.14284011290823], [17.046976778513574, 51.14283593851912], [17.04725559211276, 51.14283049700252], [17.04800184844602, 51.14284097866754], [17.04845582109393, 51.14286426144228], [17.048907878846784, 51.14291537677615], [17.04957543471653, 51.14295239303419], [17.049883141780924, 51.14291995942728], [17.049968514810555, 51.14291096211187], [17.050095763282897, 51.14289903262096], [17.050099785009063, 51.14289874165791], [17.050512795298044, 51.142867988650515], [17.050603454049618, 51.14285837753967], [17.050727429039124, 51.142845081333796], [17.05088784008803, 51.142827882524635], [17.051210013956876, 51.14279026793386], [17.05126845656811, 51.14278643599041], [17.051734308683848, 51.14275588256543], [17.051766824123685, 51.142757099093075], [17.05249612795807, 51.14278448595051], [17.0528918568555, 51.14278450888759], [17.053169745533893, 51.14277811985087], [17.053334497047135, 51.14278222679735], [17.053449772745488, 51.142803139265204], [17.053513938323658, 51.142827206000256], [17.053577084897455, 51.14285211757025]]}, "properties": {"OBJECTID": 7425678, "KLASA": null, "KATEGORIA": null, "STATUS_KOD": null}}, {"type": "Feature", "id": 7425682, "geometry": {"type": "LineString", "coordinates": [[17.069743931837394, 51.136027448168086], [17.06957927768086, 51.13615562506335], [17.069145402400075, 51.13660941232688], [17.06885361835416, 51.13691430134457], [17.068776303922007, 51.136995086899326], [17.068724655578688, 51.13705725248712], [17.068719402374057, 51.13706267635411], [17.068522744132874, 51.13726490522613], [17.068375037726863, 51.13741679521326], [17.06810025889411, 51.137697707599436], [17.067953658918576, 51.13783354139125], [17.067910652375794, 51.13786312513597], [17.06759886235589, 51.13800763830341], [17.067378825573975, 51.13812223668886], [17.0672838325941, 51.13817171321629], [17.067145829720634, 51.13826577680273], [17.06705016161846, 51.13833099759404], [17.066679448487832, 51.13857762796121], [17.066609855854527, 51.138620968950306], [17.0665277848071, 51.1386609380743], [17.065964533097297, 51.1388824764139], [17.0653768537358, 51.139103358366945], [17.064961806692857, 51.139261863209136], [17.06481205737712, 51.13931805569376], [17.06467706260598, 51.13936961945938], [17.064489219222537, 51.1394482686243], [17.064311894339056, 51.13953036376491], [17.064013930986658, 51.1396818281163], [17.06368279260264, 51.139844892435974], [17.063518494212474, 51.1399306685379], [17.063373752313503, 51.13999837904256], [17.063191602425125, 51.140075786206744], [17.06284484746946, 51.14021374087777], [17.06261043460624, 51.14029408147694], [17.062212222800273, 51.14042824173645], [17.062085028374355, 51.14046691100194], [17.061987204569483, 51.14049055129772], [17.061967789374116, 51.14049523200262], [17.061869769040804, 51.14051516689523], [17.061767040306588, 51.14054601330754], [17.061614007255564, 51.1405868570292], [17.061521822196703, 51.1406114681112], [17.06104626786813, 51.14073213061034], [17.060412530091735, 51.14088877351934], [17.060307986261975, 51.140914614824375], [17.060188877582547, 51.14094341345331], [17.059991401522964, 51.14099116154247], [17.05921043848989, 51.141182177547485], [17.059104333562892, 51.14120812208664], [17.0589528837829, 51.1412481839836], [17.058863473355945, 51.14127184441977], [17.058344621449322, 51.14139942913805], [17.058215920510353, 51.14143107915105], [17.058098494696647, 51.14146061736739], [17.05807456405909, 51.14146664546579], [17.0568221327565, 51.14177160274918], [17.0564278159889, 51.141856952068686], [17.05639949568683, 51.141863079254634], [17.056125038964453, 51.1419187039165], [17.055923739338763, 51.14196362750809], [17.05501920700499, 51.14216548437691], [17.054797199679992, 51.14222081951739], [17.05469781284932, 51.14224995174346], [17.05457181102332, 51.142298241405186], [17.054386727835066, 51.142374658278705], [17.054232587308153, 51.14244110386803], [17.054069719294343, 51.1425248016937], [17.053867281616377, 51.14264683462404], [17.053688806300745, 51.142762974208495], [17.053577084897455, 51.14285211757025], [17.053431447786206, 51.142994362291965], [17.053335542053304, 51.14309561840306], [17.053263298552903, 51.14319843240187], [17.053197516684786, 51.14329204833106], [17.053189467600877, 51.14330338202663], [17.05313783722662, 51.143398218207274], [17.053046543928094, 51.14356592683299], [17.053016665738543, 51.143619478884595], [17.052987484136086, 51.143673207371656], [17.052950042821834, 51.143748551964784], [17.05290089899892, 51.143843345243695], [17.05286048875538, 51.14392129073781]]}, "properties": {"OBJECTID": 7425682, "KLASA": null, "KATEGORIA": null, "STATUS_KOD": null}}, {"type": "Feature", "id": 7425696, "geometry": {"type": "LineString", "coordinates": [[17.056446888230933, 51.136995267042174], [17.056544360382944, 51.13694729358356], [17.056850646897637, 51.13679652659441], [17.057786705200677, 51.13634318174443], [17.0579735249088, 51.13625017860502], [17.058099456979594, 51.136187474327784]]}, "properties": {"OBJECTID": 7425696, "KLASA": null, "KATEGORIA": null, "STATUS_KOD": null}}, {"type": "Feature", "id": 7425697, "geometry": {"type": "LineString", "coordinates": [[17.066401350070244, 51.133304091516095], [17.066201379349685, 51.13343212560873], [17.06610693258369, 51.1334988566792], [17.065357515584502, 51.133979191422114], [17.064578642128595, 51.13447754372281], [17.06448647680535, 51.1345365067044]]}, "properties": {"OBJECTID": 7425697, "KLASA": null, "KATEGORIA": null, "STATUS_KOD": null}}, {"type": "Feature", "id": 7425700, "geometry": {"type": "LineString", "coordinates": [[17.039310427918316, 51.14089921848249], [17.039252589431936, 51.140957310907694], [17.038895322476094, 51.14131623569518], [17.03863960784674, 51.14158047021956], [17.038491479942817, 51.141725918575425], [17.03830614074541, 51.14189463161652], [17.03813255818516, 51.142041497331675], [17.03801409343397, 51.14213682005781], [17.037552809592125, 51.14246431134091], [17.037418825648476, 51.14255399510137]]}, "properties": {"OBJECTID": 7425700, "KLASA": null, "KATEGORIA": null, "STATUS_KOD": null}}, {"type": "Feature", "id": 7425707, "geometry": {"type": "LineString", "coordinates": [[17.050609392104526, 51.1354287567087], [17.05075990132347, 51.13538381659945], [17.05165807641541, 51.13511565156276], [17.05208550481475, 51.13498859611301], [17.052768048843376, 51.13476459372613], [17.05287632476928, 51.134729062589464], [17.05300513403791, 51.13468579572372], [17.05311194457376, 51.1346499378658], [17.053522657415634, 51.13451260151439], [17.055038468367872, 51.13401546096131], [17.055634852989556, 51.13382446583636], [17.055735081766837, 51.133792364050485], [17.05584170056857, 51.13374818673419], [17.056540215812433, 51.133458720841574], [17.056651537275602, 51.13342208708176], [17.056749575680737, 51.13339713150866], [17.056874056187407, 51.133378025607264], [17.05697999224094, 51.13336726525635], [17.057082003793326, 51.13336398851213], [17.05718121982681, 51.13336818650716], [17.057288920772482, 51.13338231445694], [17.057373624593467, 51.13339401852569], [17.05744783038919, 51.13340905398934], [17.057529833018187, 51.13342992359269], [17.057605369126527, 51.13345331206851], [17.057680786576285, 51.133482533819496], [17.057745594027214, 51.133510060890146], [17.058206911451364, 51.133787502548806], [17.058856286390448, 51.134174340627254], [17.058917869519515, 51.13421436366727], [17.05902572198464, 51.134284424794245]]}, "properties": {"OBJECTID": 7425707, "KLASA": null, "KATEGORIA": null, "STATUS_KOD": null}}, {"type": "Feature", "id": 7425714, "geometry": {"type": "LineString", "coordinates": [[17.04389859016339, 51.13673218857932], [17.04387322866696, 51.13681651090767], [17.04381000022877, 51.13702676527033], [17.043612612093746, 51.13768506334612], [17.04352891022567, 51.137985630906726], [17.0435131883064, 51.138052187529006], [17.04348993558506, 51.138153328656365], [17.04348288456384, 51.138243527043], [17.04348852987309, 51.138275980890924], [17.04350199783809, 51.13831781199055], [17.043505865313954, 51.138329808840545], [17.043553107196026, 51.13839823783439], [17.04360272800291, 51.138443519943195], [17.04356753693624, 51.13846890658702], [17.043538997982367, 51.13849946273169], [17.043509224341562, 51.138557265379234], [17.04344159232218, 51.138688608323434], [17.043274604274124, 51.13897962165054], [17.043176796541882, 51.139145948002806], [17.043142658609725, 51.13920399352674], [17.043115895202096, 51.13924678102148], [17.04307092497185, 51.139318671846304], [17.042945632126646, 51.13956605748097], [17.042926246599265, 51.13962589573458], [17.042916692254632, 51.139655339541584], [17.042905045941918, 51.13969127473093], [17.042852678787455, 51.13985270472514], [17.042796157589464, 51.140111332688555], [17.04275154547949, 51.14031923064222], [17.042742782387734, 51.140360151694416], [17.042735443858394, 51.14039437813132], [17.042661100097966, 51.14074149801733], [17.042647339415474, 51.14080570627641], [17.04264025017834, 51.140847908559486], [17.04262995241201, 51.140868365599125], [17.042612470198645, 51.14090315624515], [17.042524402459915, 51.141050117149604], [17.042376264162073, 51.14127478704784], [17.04218149876974, 51.14154827521842], [17.04200081712026, 51.1417853894637], [17.041976850306785, 51.14180824258801], [17.04191775042675, 51.14186455502419], [17.041874989544223, 51.14190958443879], [17.041839036504843, 51.14194744193905], [17.04178315618015, 51.14200629778295], [17.04176547957328, 51.1420248873711], [17.041383650218858, 51.14245524788386], [17.041037123736245, 51.142845056664555], [17.040919466927136, 51.1429946773773], [17.04065459620432, 51.14333739262522], [17.04031889678909, 51.14377302735568], [17.04027426492806, 51.14383093197197], [17.040252548349553, 51.143856823724626], [17.04013145051665, 51.14400121938493], [17.04011253317919, 51.144012723691745], [17.040045316016542, 51.144053623239785], [17.039979162049608, 51.14407013359336]]}, "properties": {"OBJECTID": 7425714, "KLASA": null, "KATEGORIA": null, "STATUS_KOD": null}}, {"type": "Feature", "id": 7425719, "geometry": {"type": "LineString", "coordinates": [[17.050464494863252, 51.13753017755358], [17.050493536525497, 51.13744003145908], [17.05049620727273, 51.137431737721485], [17.050590509536082, 51.13710184620453], [17.050618988144524, 51.13701056280775], [17.050649071845267, 51.13696015036805], [17.050676003758223, 51.13692546219419], [17.05069536258656, 51.136900520245234], [17.050780678034286, 51.136852668647336], [17.05081097626235, 51.1368356814064], [17.051080206335623, 51.136716011567394], [17.05136246716093, 51.13658376241979], [17.051441212463455, 51.13654686936266], [17.05154115826178, 51.13651297093713], [17.051558983523037, 51.13650496188899], [17.052324515694206, 51.136160823223676], [17.052565400786353, 51.136053137212016], [17.052597800827723, 51.13603672389434], [17.052986806550663, 51.1358666620634], [17.053603555833202, 51.135612797787935], [17.05370222076989, 51.13557218087977], [17.053812893311086, 51.135526411084335], [17.05474136706661, 51.13514241122326], [17.05562572467686, 51.13475313043956], [17.05618187651253, 51.13448523383813], [17.056272850011275, 51.13444670121886], [17.056368708988934, 51.13440611336142]]}, "properties": {"OBJECTID": 7425719, "KLASA": null, "KATEGORIA": null, "STATUS_KOD": null}}, {"type": "Feature", "id": 7425723, "geometry": {"type": "LineString", "coordinates": [[17.05939902797754, 51.13863885444359], [17.05937002715808, 51.13873132233982], [17.059325930871072, 51.13887187124771], [17.059237727424865, 51.13909581280754], [17.05919854590531, 51.139189969721144], [17.059144987988155, 51.1392679914351], [17.059104340482882, 51.139314041966244], [17.0590920101808, 51.13932801154897], [17.059010600393496, 51.13937162153688], [17.05898070611633, 51.13941941263634], [17.05883411217458, 51.13965385140541], [17.05879312616531, 51.13972705679411], [17.05875973275981, 51.1397866770056], [17.058731903173577, 51.13982847957929], [17.058725365578944, 51.13983936735027], [17.05859065506801, 51.14006412971113], [17.058538945052035, 51.14017203857558], [17.05853583738505, 51.140179394050186], [17.05850424175581, 51.14025387054615], [17.05846682349911, 51.14031672150793], [17.058298567099087, 51.14059927751177], [17.058261388612188, 51.140667874713145], [17.058216920301497, 51.140749897653144], [17.058202221709813, 51.140779795682086], [17.058160855747946, 51.14086384827058], [17.0581546921024, 51.14089286212366], [17.058144924906895, 51.14093884635566], [17.05812347745925, 51.141140967380444], [17.058122056124017, 51.14121432033988], [17.058132595928917, 51.141287670738954], [17.05816711816658, 51.1413545529488], [17.058170898877005, 51.14136188297741], [17.058215920510353, 51.14143107915105]]}, "properties": {"OBJECTID": 7425723, "KLASA": null, "KATEGORIA": null, "STATUS_KOD": null}}, {"type": "Feature", "id": 7425734, "geometry": {"type": "LineString", "coordinates": [[17.04508048942005, 51.13687370509016], [17.045050698687053, 51.136971269210484], [17.04493416594586, 51.13735310580381], [17.04479725804649, 51.137784632430915], [17.044677699510157, 51.138178553068926], [17.044643202946958, 51.13829356349101], [17.04463362697981, 51.1383255063859], [17.044616158575582, 51.13836113348914]]}, "properties": {"OBJECTID": 7425734, "KLASA": null, "KATEGORIA": null, "STATUS_KOD": null}}, {"type": "Feature", "id": 7425735, "geometry": {"type": "LineString", "coordinates": [[17.07886207847594, 51.131619175424945], [17.07896953675277, 51.13187494361769], [17.07898324456656, 51.13190767496726], [17.07915662021552, 51.13232161064196], [17.07923332303605, 51.13250661898023], [17.079363085941356, 51.13281619183959], [17.07938691555265, 51.132873077059045], [17.079411857009493, 51.13293943711105], [17.07952102688614, 51.13322993346958], [17.079601320354115, 51.13343786639028], [17.079645102610495, 51.13355122863602], [17.079672202012745, 51.13362694583521], [17.07971117444291, 51.13373574841481], [17.07976721094488, 51.13388532738565], [17.079819434442268, 51.13402476298585], [17.079852741029864, 51.13411026474776], [17.079879495422844, 51.13417893130308], [17.079894640054505, 51.13421851494478], [17.080161887086305, 51.13491676536589], [17.080278011475155, 51.135223748640435], [17.080360592176852, 51.135442037014386], [17.080494519977513, 51.135795924092605], [17.08057858369369, 51.13601806251803], [17.080747015200245, 51.1364687331726], [17.08092904608999, 51.13695142359475], [17.08094907785575, 51.13700115881407], [17.08099394745137, 51.13711262321234], [17.08106388212413, 51.13730173917296], [17.081136894934414, 51.13749922164266], [17.081345127253716, 51.13804018116377], [17.08141629203957, 51.138238736656795], [17.081508288506633, 51.13847201182354], [17.08170527813558, 51.1389815444641], [17.081881546298863, 51.139461814637365]]}, "properties": {"OBJECTID": 7425735, "KLASA": null, "KATEGORIA": null, "STATUS_KOD": null}}, {"type": "Feature", "id": 7425745, "geometry": {"type": "LineString", "coordinates": [[17.060139109798847, 51.1305942642182], [17.059983901411393, 51.130688918322875], [17.059793959125116, 51.13080473329048], [17.05930954354402, 51.13111172677424], [17.059023456303528, 51.131293020792995]]}, "properties": {"OBJECTID": 7425745, "KLASA": null, "KATEGORIA": null, "STATUS_KOD": null}}, {"type": "Feature", "id": 7425756, "geometry": {"type": "MultiLineString", "coordinates": [[[17.07341632532339, 51.13192409257743], [17.073232367008252, 51.13193440235006], [17.07319625072058, 51.131933558776765], [17.07279944108636, 51.13192438134271], [17.07260055559736, 51.1319238201625], [17.072076514756233, 51.131903284174605], [17.071695772226935, 51.13191582359589], [17.07082461635977, 51.132012043424396], [17.07019284237307, 51.13209916592989], [17.06999893720521, 51.13212589651665], [17.069805455297626, 51.13216568310858], [17.069259598860707, 51.132277890812006], [17.06881788035808, 51.13240086775125], [17.0680820429147, 51.132609211588665], [17.067883305253662, 51.132693415894096], [17.067853374073202, 51.13270610443228], [17.06744766313849, 51.132891706371716], [17.06731112760675, 51.13295416532249], [17.06721085985714, 51.13300003983823], [17.067073732182866, 51.133062781457994], [17.066816465178807, 51.13316836186423], [17.066591190473645, 51.1332603413188]], [[17.079645102610495, 51.13355122863602], [17.079482889388853, 51.13353979366117], [17.079282809149024, 51.133525678093136], [17.078361254446612, 51.13346712435315], [17.07818981388057, 51.13345773641803], [17.078029656509678, 51.13344354682208], [17.07787698777598, 51.133419949967625], [17.077721307589282, 51.133389739761625], [17.07753716468602, 51.1333416671784], [17.077399474671733, 51.13329921072524], [17.077238330824844, 51.13324853231808], [17.076868644908302, 51.13310521464703], [17.076288173660938, 51.132895964188556], [17.07536414765305, 51.132566347658106], [17.075197441475943, 51.13250825992719], [17.07492661337838, 51.13242053659119], [17.074706545882282, 51.13235734244533], [17.07452545009366, 51.13231301091049], [17.074356382475685, 51.13227808756401], [17.074148232674094, 51.13225917076675], [17.07393485497432, 51.132230907924004], [17.07374480375113, 51.13219506239719], [17.073710080615523, 51.132185276336486], [17.07348871513507, 51.132122824737436]]]}, "properties": {"OBJECTID": 7425756, "KLASA": null, "KATEGORIA": null, "STATUS_KOD": null}}, {"type": "Feature", "id": 7425766, "geometry": {"type": "LineString", "coordinates": [[17.02816563935265, 51.13299874576692], [17.02797600570749, 51.133028090595076], [17.027699389343024, 51.13305909063674], [17.027192160013943, 51.13309055059464], [17.026772114064816, 51.13311084059743], [17.02595111947674, 51.13314206138022], [17.02519747617769, 51.133170140373245], [17.024838250911408, 51.133193080711386], [17.023714515409143, 51.13324531123119], [17.02308310714038, 51.13326938972717], [17.022758789143687, 51.13328403913313], [17.022379762205297, 51.13331695578741], [17.022147864367568, 51.133341473593056], [17.0219318501702, 51.13337093325214], [17.021910092856555, 51.13337483259486], [17.021684246391285, 51.13341519493671], [17.02152974607706, 51.13344714615613], [17.021318143875888, 51.133490899208496], [17.02083148218699, 51.133609606396135], [17.020524154510586, 51.133684802426025], [17.020403581486953, 51.13371430345043], [17.020299151688473, 51.13373985827955], [17.020154329136925, 51.13376609042371], [17.02009103293319, 51.13377755229391], [17.01939967719307, 51.13384544564382], [17.01883701344993, 51.13389242595236], [17.01864053998069, 51.133910464791335], [17.018018305966283, 51.13396760301417], [17.017585286873206, 51.13400398825244], [17.01709006812811, 51.134051248034936], [17.016002376618125, 51.13418270506218], [17.015920082165646, 51.13419250355118], [17.01562267120358, 51.13422168373723], [17.015485111477755, 51.13423474743881], [17.014721581175852, 51.134308235387415], [17.01439786471066, 51.13432972581568], [17.01372844791388, 51.13437976426223], [17.01301764780807, 51.13444869651579], [17.012652414038197, 51.13448328026988], [17.01218011970821, 51.13453045212387], [17.012024473050403, 51.13454600194662], [17.010998163359307, 51.134645787561475], [17.01033069516469, 51.13471122236308], [17.010293653280854, 51.13471485535699], [17.009478677794103, 51.13479590150856], [17.008688229286367, 51.13487243930511], [17.00772745527626, 51.134969812122286], [17.007030306374933, 51.13504362433738], [17.00672323346725, 51.13508080496847], [17.006460039923848, 51.13511267610879], [17.006127345015052, 51.13515259510396], [17.00596548131255, 51.135172012524194], [17.00579864653286, 51.13519202572747], [17.005793660916275, 51.13519263958974], [17.00509495847952, 51.13527527291393], [17.00508130662553, 51.13527689178084], [17.004952994788656, 51.13529217930409], [17.004800559122327, 51.13531033587025], [17.004715065728266, 51.135320512787246], [17.003992251874116, 51.13540658413803], [17.00315200530265, 51.135488882163166]]}, "properties": {"OBJECTID": 7425766, "KLASA": null, "KATEGORIA": null, "STATUS_KOD": null}}, {"type": "Feature", "id": 7425784, "geometry": {"type": "LineString", "coordinates": [[17.02014929088933, 51.14850279599519], [17.02030224372308, 51.148605151440634], [17.020425527876615, 51.14868774708063], [17.020430784488138, 51.14869127009809], [17.02074373731121, 51.14890878815015], [17.02091273681217, 51.14902625927136], [17.021164989066868, 51.14918919532702], [17.022570660323645, 51.15012526569115], [17.02257384558405, 51.15012739588558], [17.023118891184538, 51.15048400171954], [17.023284760737074, 51.15059253447316], [17.023853822183586, 51.150963747758134], [17.02435293826681, 51.151283529405866], [17.024522377439695, 51.15139083857847]]}, "properties": {"OBJECTID": 7425784, "KLASA": null, "KATEGORIA": null, "STATUS_KOD": null}}, {"type": "Feature", "id": 7425799, "geometry": {"type": "LineString", "coordinates": [[17.02662175240614, 51.13630099366733], [17.02667436497938, 51.136266299963886], [17.027002238277994, 51.136050130058294], [17.027085165290256, 51.1359905622785], [17.02713661889099, 51.135925995077095], [17.02716834389186, 51.135844902563896], [17.027176383911524, 51.13578528709366], [17.027167224508766, 51.135720710094155], [17.027098037013584, 51.13545155047276], [17.02705727938045, 51.13540018609064], [17.02686047616119, 51.13469628532506], [17.02683023780331, 51.134570735802036], [17.026808841928215, 51.134481991609846]]}, "properties": {"OBJECTID": 7425799, "KLASA": null, "KATEGORIA": null, "STATUS_KOD": null}}, {"type": "Feature", "id": 7425804, "geometry": {"type": "LineString", "coordinates": [[17.07821422309404, 51.129535722756124], [17.0774707758378, 51.1295546448196], [17.076881589067412, 51.129562491092166], [17.07679094885632, 51.12958494188485], [17.076716033030717, 51.129611957635916], [17.076651946779567, 51.12962749816611], [17.076598950948426, 51.12963496363736], [17.076529399025002, 51.12963872946081], [17.076078950476983, 51.1296444219126], [17.073441217162447, 51.129685086922464], [17.071465925788313, 51.129708947407515], [17.07035008685357, 51.12972710527973], [17.068847949791696, 51.129745710248955], [17.067677841704093, 51.12975917638196], [17.066891978278463, 51.12976909894136], [17.066437858921404, 51.12977602846902], [17.066108272807377, 51.12978959628833], [17.065805623280763, 51.129812071349455], [17.06555138077306, 51.12983084214478], [17.065379938958962, 51.12985061576398], [17.065271103184152, 51.12987034118396], [17.065122980828253, 51.12990480111612], [17.065014589044313, 51.12993931781732], [17.064915100726598, 51.12999279285955], [17.06474838006955, 51.130103443692356], [17.064735760375715, 51.130112143632346], [17.064652666800654, 51.13016945330148], [17.064462809445125, 51.13020185257645], [17.064429749606937, 51.13020749429846], [17.064303753811732, 51.130228636746736], [17.064182507132408, 51.1302381754694], [17.064066531455452, 51.13023291434316], [17.063889819888367, 51.130220676420215], [17.06372689876512, 51.130218868753815], [17.063569475057793, 51.130229222926], [17.06326564709587, 51.13028643596555], [17.06267181776731, 51.13039738363359], [17.06250331053488, 51.130444226414696], [17.06235929397268, 51.13050997277415], [17.062174741406476, 51.13071058920806], [17.061977747349214, 51.13093073894645], [17.06190937627769, 51.13096068340725], [17.061841002111958, 51.13098019981208], [17.061768505791317, 51.13098668407542], [17.06165590502896, 51.13098753363108]]}, "properties": {"OBJECTID": 7425804, "KLASA": null, "KATEGORIA": null, "STATUS_KOD": null}}, {"type": "Feature", "id": 7425852, "geometry": {"type": "LineString", "coordinates": [[17.025734852383046, 51.13331038929355], [17.025741140414144, 51.13335921060565], [17.025781543552387, 51.13367305272359], [17.025811572823663, 51.133855226694244], [17.025882657134755, 51.13421643914439], [17.02588989943486, 51.13425319527194], [17.025901404810753, 51.13428359525729], [17.02599726535541, 51.13453688631853], [17.02599844279488, 51.13454000654793], [17.026032364862495, 51.13460852958725]]}, "properties": {"OBJECTID": 7425852, "KLASA": null, "KATEGORIA": null, "STATUS_KOD": null}}, {"type": "Feature", "id": 7425862, "geometry": {"type": "LineString", "coordinates": [[17.064303753811732, 51.130228636746736], [17.064331844872164, 51.13032888931031], [17.064506879575777, 51.13085265102114], [17.064547291556416, 51.13104884968647], [17.064581693777484, 51.13141381681595], [17.06459014228681, 51.131442579341126], [17.064607412273354, 51.13147174504109], [17.064628963695675, 51.13150680623129], [17.064655660883094, 51.13155024197466], [17.064702501878376, 51.131651039928414], [17.064735580094517, 51.1316997047206], [17.06474896064869, 51.131847862190696], [17.064747565628174, 51.13187526136021]]}, "properties": {"OBJECTID": 7425862, "KLASA": null, "KATEGORIA": null, "STATUS_KOD": null}}, {"type": "Feature", "id": 7425870, "geometry": {"type": "LineString", "coordinates": [[17.03094208672247, 51.13659549557715], [17.030709813949677, 51.13647835928022], [17.030544733801687, 51.13639510418553], [17.03015052988742, 51.13616665385177], [17.02998604571261, 51.13605505850974], [17.02990076778503, 51.135997203905376], [17.029816613081803, 51.135947125620056], [17.029643392505474, 51.13584406940461], [17.029471181646866, 51.13569970483775], [17.02936468976665, 51.135565360572436], [17.02933265802215, 51.13548955461361], [17.029303879628703, 51.135421461806565], [17.029301460938054, 51.1353943918471], [17.029294533084677, 51.13531660975207], [17.029292811179623, 51.135297195775365], [17.029295074821217, 51.13521173189449], [17.029301891630535, 51.135186464605205], [17.029309437173104, 51.13515847050752], [17.029322473602804, 51.13511051999165], [17.02933018562034, 51.1350936654622], [17.02937479496623, 51.134996192255024], [17.02942715675477, 51.13491604351521], [17.02950251376921, 51.13484245924814], [17.029639108467002, 51.134737631579206], [17.029730060033657, 51.13466782635926], [17.029798604759602, 51.13461176915695], [17.03015887393623, 51.13431706479754], [17.030228449800738, 51.134260161876405], [17.030246113581786, 51.13424567318201], [17.030298494055096, 51.13420476407082], [17.030706495019707, 51.13388610979207], [17.030789611252477, 51.13382118311928], [17.03088941444479, 51.13375427310853], [17.030920586165923, 51.13373335177477], [17.0311629668979, 51.1336283560665], [17.03133678564574, 51.133578312130055], [17.031421366415596, 51.133553949498705]]}, "properties": {"OBJECTID": 7425870, "KLASA": null, "KATEGORIA": null, "STATUS_KOD": null}}, {"type": "Feature", "id": 7425896, "geometry": {"type": "LineString", "coordinates": [[17.016002376618125, 51.13418270506218], [17.016039729045033, 51.13460634640289], [17.016073695294605, 51.134922178495486], [17.01611826858613, 51.135168555734886], [17.016182851178293, 51.1354355527642], [17.016252194733937, 51.135684970046675], [17.0163396211944, 51.13589842788547], [17.016418878625206, 51.13604178745255], [17.01653961061669, 51.13621706744279], [17.016735970720166, 51.136406674433516], [17.016877342176485, 51.13651381512469], [17.016980660712864, 51.13659211159019], [17.017040412758696, 51.136635395630705], [17.01746159593609, 51.13694036731029], [17.017561118839026, 51.137012446474934], [17.017644889423025, 51.137071340247616], [17.017758972676834, 51.13715154234309], [17.018280487550822, 51.13753210267837], [17.018499132566866, 51.137683525817145], [17.01859586574136, 51.13775051949072], [17.018676926364368, 51.137811322545375], [17.018933809882842, 51.13800399563149], [17.019188985959346, 51.1381741706804], [17.019735026253887, 51.138494888136975], [17.01974240778497, 51.138499229085284], [17.019886111200986, 51.13857244964341]]}, "properties": {"OBJECTID": 7425896, "KLASA": null, "KATEGORIA": null, "STATUS_KOD": null}}, {"type": "Feature", "id": 7425973, "geometry": {"type": "LineString", "coordinates": [[17.06984684943797, 51.14002826676378], [17.06960437824264, 51.140103514077126], [17.068602700718028, 51.14041461916298], [17.068222075456447, 51.14053350469835], [17.068052297725973, 51.14058653022671], [17.067872352330316, 51.14064273770913], [17.066668995864326, 51.14101856218899], [17.066006823531733, 51.14122536835467], [17.065869311926953, 51.14126831031683], [17.065661636001806, 51.14133451412607], [17.06513118856944, 51.14150362229693], [17.064515303305836, 51.14169489635291], [17.064432685521055, 51.14172054814196], [17.06435617867822, 51.14174434295883], [17.063705696534445, 51.14194656402984], [17.063623623905283, 51.14197206678928], [17.063517669671917, 51.14200472279812], [17.063354144913127, 51.1420596434547], [17.063299137788256, 51.14207811709703], [17.063024358306144, 51.14216485946517], [17.062919336238387, 51.14219801683082], [17.06280109652193, 51.14223674963304], [17.06276734639489, 51.14224781510344], [17.062483633433818, 51.14233948284946], [17.062323903126927, 51.142391097332364], [17.06220233415902, 51.1424269351469], [17.06216264019623, 51.142438635995155], [17.061341628226774, 51.14269189493098], [17.06122727927082, 51.142727502011724]]}, "properties": {"OBJECTID": 7425973, "KLASA": null, "KATEGORIA": null, "STATUS_KOD": null}}, {"type": "Feature", "id": 7426046, "geometry": {"type": "LineString", "coordinates": [[17.025840575484818, 51.142166523087795], [17.02587500334341, 51.14218546336943], [17.026608486752284, 51.14258920947554], [17.027241235918538, 51.14295194737122], [17.027372997629904, 51.14302747749154], [17.027575060036803, 51.143139604525274], [17.028043336532345, 51.143399432322774], [17.02893554401309, 51.143902793367076], [17.028984039835763, 51.14393385969015], [17.029094653825208, 51.144004726430936], [17.029150404671277, 51.1440905369276], [17.029205016813037, 51.14413458103884], [17.029285231120422, 51.14419195351169], [17.029663744560082, 51.144390920408846], [17.030259879339145, 51.14466986999459]]}, "properties": {"OBJECTID": 7426046, "KLASA": null, "KATEGORIA": null, "STATUS_KOD": null}}, {"type": "Feature", "id": 7426063, "geometry": {"type": "LineString", "coordinates": [[17.078516328273675, 51.136297150057814], [17.078850738328036, 51.13716490149948], [17.078856036224547, 51.137183740541865], [17.078936616039645, 51.13747082071741], [17.078086507587663, 51.13757263635989], [17.078032256458552, 51.137580982573134], [17.078007125758127, 51.13759512291617], [17.07798188078071, 51.13761930376847], [17.07791622150385, 51.13773981348507], [17.07789208990424, 51.137760461182154], [17.077862923705492, 51.137770587270765], [17.07782994859563, 51.13777322192696], [17.077791831157306, 51.13777002670407], [17.07688951017394, 51.13756830961299], [17.075629880891224, 51.137291467357564], [17.075315985239435, 51.13722591470153], [17.075186252262046, 51.13719881896071], [17.075075163229954, 51.1371740460152], [17.07440567247707, 51.13702475344338], [17.072247263537392, 51.136541925216264], [17.072043948763234, 51.13646836813969]]}, "properties": {"OBJECTID": 7426063, "KLASA": null, "KATEGORIA": null, "STATUS_KOD": null}}, {"type": "Feature", "id": 7426083, "geometry": {"type": "LineString", "coordinates": [[17.04215864135404, 51.1469943436393], [17.04238535330439, 51.146942118433735], [17.042414620356638, 51.14693606531151], [17.043484086954265, 51.14671500546359], [17.044377065049897, 51.14653338782668], [17.04462857539454, 51.14648223289024], [17.044789401968885, 51.146440782787096], [17.044796644574888, 51.146438873207636], [17.04488502057731, 51.14641561958446], [17.04493728501195, 51.14644685384972], [17.045013199040234, 51.1464761956001], [17.04508404995341, 51.14648494566085], [17.045101228169024, 51.14648706363052], [17.04519682684918, 51.14648987575008], [17.04532403669176, 51.14647204492252], [17.045600948927675, 51.14642959044072], [17.046366526118867, 51.14631467283531], [17.046939542004367, 51.14622482654221], [17.046940448312384, 51.14622731506607], [17.04701648401712, 51.14643538838302], [17.04709968271833, 51.14664405937825]]}, "properties": {"OBJECTID": 7426083, "KLASA": null, "KATEGORIA": null, "STATUS_KOD": null}}, {"type": "Feature", "id": 7426121, "geometry": {"type": "LineString", "coordinates": [[17.023904751992536, 51.13575766723042], [17.024031069666144, 51.13584695497492], [17.02404283066025, 51.135853669513175], [17.0242586516721, 51.13597689371881], [17.02432139772469, 51.13603501396657], [17.02493017523, 51.13637073095122], [17.025019232532212, 51.136419846792606], [17.02510331835419, 51.13646620624577], [17.025951374326464, 51.136933821792795], [17.026011986004445, 51.13696722874562], [17.026085875353946, 51.13700796493385], [17.026098910740192, 51.13701593943738], [17.026236730981413, 51.13710009755334], [17.026260961242198, 51.13712135307816], [17.026346853941284, 51.13719673629488], [17.026216755563485, 51.137313336722904], [17.025302333028073, 51.138132938586246], [17.025259777681473, 51.13819067507803], [17.025244296593186, 51.138232329975004], [17.02524437169362, 51.13823690633638], [17.025244946489693, 51.1382713594928], [17.02525233329332, 51.138301257730696], [17.02526158241378, 51.13833568429728], [17.02536120127429, 51.13855457663375], [17.025468299550948, 51.1389673391918], [17.02563205069351, 51.13933705470318], [17.02566569453873, 51.13943793822546], [17.02568991563031, 51.13951058763825], [17.025723823963457, 51.139708894230786], [17.02572524491158, 51.13984572860881], [17.02567543214397, 51.13999224953319], [17.025610180869613, 51.1400880929851], [17.025323733802054, 51.14036980615176], [17.02520915403261, 51.14048248941532], [17.025129026472204, 51.140561299064856], [17.02489310700426, 51.140793359964704], [17.024785687490755, 51.14088895025154], [17.024757623593658, 51.140913932216456], [17.024676301168036, 51.140986303988875]]}, "properties": {"OBJECTID": 7426121, "KLASA": null, "KATEGORIA": null, "STATUS_KOD": null}}, {"type": "Feature", "id": 7426224, "geometry": {"type": "LineString", "coordinates": [[17.023531443303742, 51.14466405416896], [17.023574442599013, 51.14468116986355], [17.023637020854647, 51.14470372591294], [17.02373442158608, 51.144740794226905], [17.0237452389677, 51.144744920873116], [17.02401046448081, 51.14484031213514], [17.024234812248732, 51.14492780146569], [17.024403436512475, 51.144999084688166], [17.02454325415532, 51.14506132654967], [17.024682094398962, 51.14512656263379], [17.02491828522242, 51.145248993271174], [17.025060839206063, 51.14532998275362], [17.025245035496837, 51.14544102990439], [17.025706359300763, 51.14573899699934], [17.0259787645216, 51.145913363656454], [17.02630391871867, 51.146122590171075], [17.027035168485675, 51.14659490552791], [17.027135776312562, 51.14665989252023], [17.027159932817415, 51.146675393823884], [17.028064651135832, 51.14725588839518], [17.028356702940222, 51.14744292625927], [17.028442874094925, 51.14748432921], [17.028598366034394, 51.14754194983047], [17.028744390890143, 51.14757601967402], [17.028932654879917, 51.1475996434758], [17.029840476402878, 51.147706845327164]]}, "properties": {"OBJECTID": 7426224, "KLASA": null, "KATEGORIA": null, "STATUS_KOD": null}}, {"type": "Feature", "id": 7426281, "geometry": {"type": "MultiLineString", "coordinates": [[[17.06988582730131, 51.13595381894489], [17.07008549310841, 51.13613689848019], [17.07039497785843, 51.13642065355846], [17.070726948328332, 51.13668563631418], [17.07073053060315, 51.13668798410389], [17.070920178107997, 51.13681237914622], [17.071217626840856, 51.13698218266413], [17.07136848576981, 51.13705225021005], [17.071634717794513, 51.13716638368972], [17.071793506537112, 51.1372322705218], [17.071936556818788, 51.13728565352159], [17.072092016469064, 51.13733944943997], [17.07218731422369, 51.13736781266462], [17.072274691082995, 51.13739284974208], [17.072372673585626, 51.13741702696373], [17.072611849134365, 51.13747110860163], [17.074028892884648, 51.13778642892417], [17.074700279157952, 51.13792788166709], [17.074767218091253, 51.13794180580177], [17.074909547157503, 51.137981506209826], [17.075145472411393, 51.138034064655955], [17.07590281541846, 51.1382027815016], [17.077262481624697, 51.13850051082587], [17.077516084247158, 51.1385561435481], [17.07809400147557, 51.13868293248774], [17.079044456189308, 51.1388914378076], [17.07963739225718, 51.139021501703496], [17.080514006628896, 51.13921009521772], [17.081881546298863, 51.139461814637365], [17.081972655364623, 51.139478033155946]], [[17.069743931837394, 51.136027448168086], [17.06994251153393, 51.13620767858194], [17.06997531958784, 51.136236796214746], [17.0703137980594, 51.136538977085664], [17.07044573089843, 51.13664841381658], [17.070517928182657, 51.13669847557183], [17.070723288328395, 51.136840903162444], [17.07094146783176, 51.13697830813152], [17.071181472800802, 51.1371026622738], [17.071423878184646, 51.137212130164556], [17.07166387381397, 51.13730999977253], [17.0718963490036, 51.13738960519734], [17.072280774939635, 51.13749853517137], [17.072573942332546, 51.13756868712129], [17.073260517952562, 51.1377190514763], [17.073917198924526, 51.13786398805138], [17.07446746529627, 51.137998477909], [17.07452019276942, 51.13801136378616], [17.074692564303568, 51.13804718493826], [17.075100984140906, 51.13812300682962], [17.075146751142203, 51.13813169315798], [17.07593689537427, 51.13830587415579], [17.07607264645387, 51.13833518309276], [17.07775999586225, 51.13870876030796], [17.07794612199617, 51.13874873942955], [17.078918533085297, 51.138957625630766], [17.079644763094308, 51.13911362246671], [17.080252722436004, 51.13925014812389], [17.08140789097265, 51.139509533993866], [17.081658972898897, 51.139568859599336], [17.081911987163807, 51.1396280559982], [17.082045654426732, 51.13965877456185]]]}, "properties": {"OBJECTID": 7426281, "KLASA": null, "KATEGORIA": null, "STATUS_KOD": null}}, {"type": "Feature", "id": 7426483, "geometry": {"type": "LineString", "coordinates": [[17.004952994788656, 51.13529217930409], [17.00515225806991, 51.13605306137073], [17.005452600186874, 51.137382831088324], [17.005767670961692, 51.139083774312226], [17.005963834849876, 51.13998452255611], [17.006036048577844, 51.140319080796694], [17.00616432484496, 51.140684084231424], [17.006326932982503, 51.141035108104994], [17.006600963085354, 51.1414798407213], [17.006965727675183, 51.1419253430881], [17.00757618250313, 51.14255131836244], [17.008354637774527, 51.14327861248869], [17.00854255149453, 51.143508543855184], [17.009083930195487, 51.14418387371383], [17.00942880492933, 51.14450075982645], [17.01008652593819, 51.145041495371615], [17.010548647642867, 51.14518098148726]]}, "properties": {"OBJECTID": 7426483, "KLASA": null, "KATEGORIA": null, "STATUS_KOD": null}}]}