{"type":"FeatureCollection","features":[{"type":"Feature","properties":{"district":4,"street":"Zawalna","number":"7c","postal_code":"51-118","source_objectid":139},"geometry":{"type":"Point","coordinates":[17.03793305899974,51.134763946833466]}},{"type":"Feature","properties":{"district":5,"street":"Morawska","number":"32a","postal_code":"51-111","source_objectid":140},"geometry":{"type":"Point","coordinates":[17.018739960363188,51.13749239931949]}},{"type":"Feature","properties":{"district":1,"street":"Kętrzyńska","number":"33a","postal_code":"51-413","source_objectid":474},"geometry":{"type":"Point","coordinates":[17.07830113368156,51.134274327845205]}},{"type":"Feature","properties":{"district":3,"street":"Wacława Gąsiorowskiego","number":"42a","postal_code":"51-142","source_objectid":519},"geometry":{"type":"Point","coordinates":[17.045526897516044,51.14394749622739]}},{"type":"Feature","properties":{"district":1,"street":"Wacława Potockiego","number":"14a","postal_code":"51-153","source_objectid":520},"geometry":{"type":"Point","coordinates":[17.052404457746956,51.13663288165886]}},{"type":"Feature","properties":{"district":1,"street":"Bolesława Krzywoustego","number":"87b","postal_code":"51-166","source_objectid":528},"geometry":{"type":"Point","coordinates":[17.077512860452146,51.13836564138802]}},{"type":"Feature","properties":{"district":1,"street":"Bolesława Krzywoustego","number":"85b","postal_code":"51-166","source_objectid":536},"geometry":{"type":"Point","coordinates":[17.077368900414953,51.13833418557056]}},{"type":"Feature","properties":{"district":1,"street":"Jana Długosza","number":"30","postal_code":"51-162","source_objectid":918},"geometry":{"type":"Point","coordinates":[17.061227874359666,51.13344525678942]}},{"type":"Feature","properties":{"district":1,"street":"Jana Długosza","number":"32","postal_code":"51-162","source_objectid":919},"geometry":{"type":"Point","coordinates":[17.0611541284046,51.13373707184152]}},{"type":"Feature","properties":{"district":1,"street":"Jana Długosza","number":"31a","postal_code":"51-162","source_objectid":960},"geometry":{"type":"Point","coordinates":[17.063439309298428,51.133433976249925]}},{"type":"Feature","properties":{"district":1,"street":"Jana Długosza","number":"31b","postal_code":"51-162","source_objectid":961},"geometry":{"type":"Point","coordinates":[17.063710799231163,51.133260926692806]}},{"type":"Feature","properties":{"district":1,"street":"Jana Długosza","number":"35","postal_code":"51-162","source_objectid":962},"geometry":{"type":"Point","coordinates":[17.06357934411812,51.13365495461129]}},{"type":"Feature","properties":{"district":1,"street":"Jana Długosza","number":"37","postal_code":"51-162","source_objectid":963},"geometry":{"type":"Point","coordinates":[17.063781296771555,51.133542510013044]}},{"type":"Feature","properties":{"district":1,"street":"Jana Długosza","number":"39","postal_code":"51-162","source_objectid":964},"geometry":{"type":"Point","coordinates":[17.06397826291846,51.13341680139145]}},{"type":"Feature","properties":{"district":5,"street":"Łużycka","number":"26a","postal_code":"51-111","source_objectid":1338},"geometry":{"type":"Point","coordinates":[17.018526355908023,51.13842519006927]}},{"type":"Feature","properties":{"district":1,"street":"Kazimierza Przerwy-Tetmajera","number":"17a","postal_code":"51-153","source_objectid":1555},"geometry":{"type":"Point","coordinates":[17.049855626536008,51.13506523382518]}},{"type":"Feature","properties":{"district":3,"street":"Wincentego Pola","number":"21a","postal_code":"51-140","source_objectid":1627},"geometry":{"type":"Point","coordinates":[17.043496370672916,51.138933305924475]}},{"type":"Feature","properties":{"district":3,"street":"Kornela Ujejskiego","number":"11c","postal_code":"51-141","source_objectid":1661},"geometry":{"type":"Point","coordinates":[17.045296379850967,51.13988116286749]}},{"type":"Feature","properties":{"district":1,"street":"Marcina Kromera","number":"21","postal_code":"51-163","source_objectid":1791},"geometry":{"type":"Point","coordinates":[17.06529353804422,51.13222342092115]}},{"type":"Feature","properties":{"district":3,"street":"Henryka Michała Kamieńskiego","number":"15","postal_code":"51-124","source_objectid":1823},"geometry":{"type":"Point","coordinates":[17.035700811518304,51.14133233553039]}},{"type":"Feature","properties":{"district":3,"street":"Henryka Michała Kamieńskiego","number":"64a","postal_code":"51-124","source_objectid":1825},"geometry":{"type":"Point","coordinates":[17.040585433537817,51.14536994907354]}},{"type":"Feature","properties":{"district":2,"street":"Piotra Czajkowskiego","number":"21","postal_code":"51-171","source_objectid":1916},"geometry":{"type":"Point","coordinates":[17.06701252789344,51.13912829359361]}},{"type":"Feature","properties":{"district":1,"street":"Bolesława Krzywoustego","number":"65a","postal_code":"51-166","source_objectid":2108},"geometry":{"type":"Point","coordinates":[17.075070694393364,51.13788253740342]}},{"type":"Feature","properties":{"district":1,"street":"Jana Długosza","number":"34","postal_code":"51-162","source_objectid":2150},"geometry":{"type":"Point","coordinates":[17.06155031653174,51.13349577745227]}},{"type":"Feature","properties":{"district":5,"street":"Osobowicka","number":"59","postal_code":"51-110","source_objectid":2158},"geometry":{"type":"Point","coordinates":[17.00581084867816,51.13531465689937]}},{"type":"Feature","properties":{"district":5,"street":"Osobowicka","number":"59b","postal_code":"51-110","source_objectid":2159},"geometry":{"type":"Point","coordinates":[17.00617115100385,51.13528610262712]}},{"type":"Feature","properties":{"district":3,"street":"Henryka Michała Kamieńskiego","number":"184","postal_code":"51-124","source_objectid":2237},"geometry":{"type":"Point","coordinates":[17.04309056184464,51.15005213229569]}},{"type":"Feature","properties":{"district":2,"street":"Koszarowa","number":"1","postal_code":"51-149","source_objectid":2239},"geometry":{"type":"Point","coordinates":[17.069522358932357,51.14033922589874]}},{"type":"Feature","properties":{"district":2,"street":"Sportowa","number":"18a","postal_code":"51-149","source_objectid":2296},"geometry":{"type":"Point","coordinates":[17.062732526835898,51.144005715105514]}},{"type":"Feature","properties":{"district":1,"street":"Giżycka","number":"60","postal_code":"51-163","source_objectid":2697},"geometry":{"type":"Point","coordinates":[17.075415059848883,51.132729714334296]}},{"type":"Feature","properties":{"district":3,"street":"Henryka Michała Kamieńskiego","number":"53B","postal_code":"51-124","source_objectid":2763},"geometry":{"type":"Point","coordinates":[17.042235438366944,51.14556392865862]}},{"type":"Feature","properties":{"district":4,"street":"Wołowska","number":"11","postal_code":"51-116","source_objectid":2764},"geometry":{"type":"Point","coordinates":[17.028895939458774,51.14696145256285]}},{"type":"Feature","properties":{"district":1,"street":"Aleksandra Brücknera","number":"54","postal_code":"51-411","source_objectid":2842},"geometry":{"type":"Point","coordinates":[17.081136875014653,51.13862272344621]}},{"type":"Feature","properties":{"district":4,"street":"Wołowska","number":"6","postal_code":"51-116","source_objectid":2848},"geometry":{"type":"Point","coordinates":[17.02646563934237,51.14672161288895]}},{"type":"Feature","properties":{"district":4,"street":"Wołowska","number":"4","postal_code":"51-116","source_objectid":2849},"geometry":{"type":"Point","coordinates":[17.026407144580773,51.14646830573287]}},{"type":"Feature","properties":{"district":4,"street":"Wołowska","number":"18","postal_code":"51-116","source_objectid":2850},"geometry":{"type":"Point","coordinates":[17.027008379829248,51.14706781388553]}},{"type":"Feature","properties":{"district":4,"street":"Wołowska","number":"20","postal_code":"51-116","source_objectid":2851},"geometry":{"type":"Point","coordinates":[17.02750333377733,51.14717026897688]}},{"type":"Feature","properties":{"district":4,"street":"Wołowska","number":"16","postal_code":"51-116","source_objectid":2852},"geometry":{"type":"Point","coordinates":[17.026587557040667,51.1476890708696]}},{"type":"Feature","properties":{"district":4,"street":"Wołowska","number":"14","postal_code":"51-116","source_objectid":2853},"geometry":{"type":"Point","coordinates":[17.026447171881205,51.14757809932968]}},{"type":"Feature","properties":{"district":4,"street":"Wołowska","number":"10","postal_code":"51-116","source_objectid":2854},"geometry":{"type":"Point","coordinates":[17.025636979547606,51.14713482635612]}},{"type":"Feature","properties":{"district":4,"street":"Wołowska","number":"8","postal_code":"51-116","source_objectid":2855},"geometry":{"type":"Point","coordinates":[17.02542031371912,51.14697213710617]}},{"type":"Feature","properties":{"district":1,"street":"Bolesława Krzywoustego","number":"76-78","postal_code":"51-166","source_objectid":3085},"geometry":{"type":"Point","coordinates":[17.077387757037798,51.139573754916285]}},{"type":"Feature","properties":{"district":1,"street":"Bolesława Krzywoustego","number":"80","postal_code":"51-166","source_objectid":3086},"geometry":{"type":"Point","coordinates":[17.07826835919833,51.13949357093206]}},{"type":"Feature","properties":{"district":1,"street":"Marcina Kromera","number":"42","postal_code":"51-163","source_objectid":3122},"geometry":{"type":"Point","coordinates":[17.063818704308922,51.13241844148559]}},{"type":"Feature","properties":{"district":3,"street":"Henryka Michała Kamieńskiego","number":"15a","postal_code":"51-124","source_objectid":3174},"geometry":{"type":"Point","coordinates":[17.035867967520304,51.14144413344983]}},{"type":"Feature","properties":{"district":2,"street":"Piotra Czajkowskiego","number":"25","postal_code":"51-171","source_objectid":3198},"geometry":{"type":"Point","coordinates":[17.066343263668127,51.139384191396424]}},{"type":"Feature","properties":{"district":3,"street":"Kornela Ujejskiego","number":"22b","postal_code":"51-141","source_objectid":3264},"geometry":{"type":"Point","coordinates":[17.044537244264898,51.14165374585102]}},{"type":"Feature","properties":{"district":3,"street":"Władysława Anczyca","number":"9","postal_code":"51-141","source_objectid":3393},"geometry":{"type":"Point","coordinates":[17.044437314108738,51.13895138882665]}},{"type":"Feature","properties":{"district":1,"street":"Toruńska","number":"72","postal_code":"51-414","source_objectid":3402},"geometry":{"type":"Point","coordinates":[17.074212729796233,51.13169600399703]}},{"type":"Feature","properties":{"district":2,"street":"Piotra Czajkowskiego","number":"91b","postal_code":"51-147","source_objectid":3511},"geometry":{"type":"Point","coordinates":[17.058023849417697,51.14229293268515]}},{"type":"Feature","properties":{"district":1,"street":"Toruńska","number":"70","postal_code":"51-164","source_objectid":3575},"geometry":{"type":"Point","coordinates":[17.0757396257806,51.13152304766549]}},{"type":"Feature","properties":{"district":2,"street":"Sołtysowicka","number":"17","postal_code":"51-168","source_objectid":3714},"geometry":{"type":"Point","coordinates":[17.07039768245056,51.14062082875104]}},{"type":"Feature","properties":{"district":3,"street":"Marii Konopnickiej","number":"38","postal_code":"51-141","source_objectid":3747},"geometry":{"type":"Point","coordinates":[17.047060423138458,51.1413486100671]}},{"type":"Feature","properties":{"district":2,"street":"Stanisława Przybyszewskiego","number":"93","postal_code":"51-148","source_objectid":3807},"geometry":{"type":"Point","coordinates":[17.064369971316612,51.14101259847864]}},{"type":"Feature","properties":{"district":4,"street":"Obornicka","number":"160","postal_code":"51-114","source_objectid":3841},"geometry":{"type":"Point","coordinates":[17.010244933035832,51.156953355219464]}},{"type":"Feature","properties":{"district":4,"street":"Jana Kasprowicza","number":"27-29","postal_code":"51-136","source_objectid":3931},"geometry":{"type":"Point","coordinates":[17.041438502863667,51.13628643585452]}},{"type":"Feature","properties":{"district":1,"street":"Bolesława Krzywoustego","number":"22-26","postal_code":"51-165","source_objectid":3977},"geometry":{"type":"Point","coordinates":[17.071101703934122,51.13762373489213]}},{"type":"Feature","properties":{"district":3,"street":"Henryka Michała Kamieńskiego","number":"11","postal_code":"51-124","source_objectid":4163},"geometry":{"type":"Point","coordinates":[17.035123780746094,51.14084066119583]}},{"type":"Feature","properties":{"district":3,"street":"Henryka Michała Kamieńskiego","number":"11a","postal_code":"51-124","source_objectid":4235},"geometry":{"type":"Point","coordinates":[17.03517424308088,51.14102216495846]}},{"type":"Feature","properties":{"district":3,"street":"Jana Brzechwy","number":"48","postal_code":"51-141","source_objectid":4238},"geometry":{"type":"Point","coordinates":[17.045108635433557,51.14149733603884]}},{"type":"Feature","properties":{"district":1,"street":"Leopolda Staffa","number":"35","postal_code":"51-144","source_objectid":4249},"geometry":{"type":"Point","coordinates":[17.059410515427505,51.14044047889745]}},{"type":"Feature","properties":{"district":3,"street":"Henryka Michała Kamieńskiego","number":"7","postal_code":"51-124","source_objectid":4268},"geometry":{"type":"Point","coordinates":[17.033647862603058,51.13978444551179]}},{"type":"Feature","properties":{"district":3,"street":"Mieczysława Romanowskiego","number":"10","postal_code":"51-122","source_objectid":4370},"geometry":{"type":"Point","coordinates":[17.036119932113028,51.14092222176698]}},{"type":"Feature","properties":{"district":2,"street":"Piotra Czajkowskiego","number":"21a","postal_code":"51-171","source_objectid":4430},"geometry":{"type":"Point","coordinates":[17.066810732716494,51.13910324763957]}},{"type":"Feature","properties":{"district":2,"street":"Piotra Czajkowskiego","number":"23a","postal_code":"51-171","source_objectid":4497},"geometry":{"type":"Point","coordinates":[17.06643499555985,51.139240810868266]}},{"type":"Feature","properties":{"district":2,"street":"Stanisława Przybyszewskiego","number":"95","postal_code":"51-148","source_objectid":4518},"geometry":{"type":"Point","coordinates":[17.063929477962493,51.141126739024195]}},{"type":"Feature","properties":{"district":4,"street":"Obornicka","number":"111","postal_code":"51-114","source_objectid":4619},"geometry":{"type":"Point","coordinates":[17.025565941605866,51.14332959954544]}},{"type":"Feature","properties":{"district":3,"street":"Henryka Michała Kamieńskiego","number":"53A","postal_code":"51-124","source_objectid":4622},"geometry":{"type":"Point","coordinates":[17.04152500652233,51.145522016338006]}},{"type":"Feature","properties":{"district":1,"street":"Aleksandra Brücknera","number":"12","postal_code":"51-411","source_objectid":4675},"geometry":{"type":"Point","coordinates":[17.078932434140416,51.133115104333406]}},{"type":"Feature","properties":{"district":2,"street":"Piotra Czajkowskiego","number":"23","postal_code":"51-171","source_objectid":4686},"geometry":{"type":"Point","coordinates":[17.066603386463868,51.13917916454831]}},{"type":"Feature","properties":{"district":5,"street":"Osobowicka","number":"47","postal_code":"51-110","source_objectid":4712},"geometry":{"type":"Point","coordinates":[17.014899148568414,51.13462351562901]}},{"type":"Feature","properties":{"district":3,"street":"Henryka Michała Kamieńskiego","number":"13a","postal_code":"51-124","source_objectid":4766},"geometry":{"type":"Point","coordinates":[17.035481594347566,51.14123777268916]}},{"type":"Feature","properties":{"district":2,"street":"Stanisława Przybyszewskiego","number":"86-94","postal_code":"51-148","source_objectid":4795},"geometry":{"type":"Point","coordinates":[17.061062086148592,51.14013674290472]}},{"type":"Feature","properties":{"district":3,"street":"Henryka Michała Kamieńskiego","number":"13","postal_code":"51-124","source_objectid":4835},"geometry":{"type":"Point","coordinates":[17.035314855077797,51.141114974318114]}},{"type":"Feature","properties":{"district":4,"street":"Wołowska","number":"12","postal_code":"51-116","source_objectid":5020},"geometry":{"type":"Point","coordinates":[17.02568807460137,51.14767606533425]}},{"type":"Feature","properties":{"district":1,"street":"Wacława Potockiego","number":"7","postal_code":"51-153","source_objectid":5108},"geometry":{"type":"Point","coordinates":[17.05096204586868,51.13659356670947]}},{"type":"Feature","properties":{"district":1,"street":"Aleksandra Brücknera","number":"10","postal_code":"51-410","source_objectid":5197},"geometry":{"type":"Point","coordinates":[17.078334612920635,51.13215849085208]}},{"type":"Feature","properties":{"district":3,"street":"Mieczysława Romanowskiego","number":"14","postal_code":"51-122","source_objectid":5286},"geometry":{"type":"Point","coordinates":[17.0365013272254,51.14079178725597]}},{"type":"Feature","properties":{"district":4,"street":"Wołowska","number":"9","postal_code":"51-116","source_objectid":5327},"geometry":{"type":"Point","coordinates":[17.02802868788676,51.146627375345105]}},{"type":"Feature","properties":{"district":3,"street":"Mieczysława Romanowskiego","number":"8","postal_code":"51-122","source_objectid":5376},"geometry":{"type":"Point","coordinates":[17.035969314290927,51.14107029838583]}},{"type":"Feature","properties":{"district":1,"street":"Tadeusza Boya-Żeleńskiego","number":"32","postal_code":"51-160","source_objectid":5387},"geometry":{"type":"Point","coordinates":[17.057843907390208,51.13517127631281]}},{"type":"Feature","properties":{"district":3,"street":"Włodzimierza Perzyńskiego","number":"20","postal_code":"51-141","source_objectid":5626},"geometry":{"type":"Point","coordinates":[17.043536314689185,51.14214270424054]}},{"type":"Feature","properties":{"district":3,"street":"Mieczysława Romanowskiego","number":"12","postal_code":"51-122","source_objectid":5740},"geometry":{"type":"Point","coordinates":[17.036272890026954,51.14084358229009]}},{"type":"Feature","properties":{"district":4,"street":"ks. Norberta Bonczyka","number":"2b","postal_code":"51-138","source_objectid":5788},"geometry":{"type":"Point","coordinates":[17.03892798738501,51.13495568343407]}},{"type":"Feature","properties":{"district":4,"street":"Zawalna","number":"13a","postal_code":"51-118","source_objectid":5791},"geometry":{"type":"Point","coordinates":[17.03856118096863,51.13483628392596]}},{"type":"Feature","properties":{"district":4,"street":"Obornicka","number":"130","postal_code":"51-114","source_objectid":5799},"geometry":{"type":"Point","coordinates":[17.021393208068826,51.14631563675673]}},{"type":"Feature","properties":{"district":2,"street":"Piotra Czajkowskiego","number":"46a","postal_code":"51-171","source_objectid":5801},"geometry":{"type":"Point","coordinates":[17.064373639072954,51.13911302225841]}},{"type":"Feature","properties":{"district":2,"street":"Piotra Czajkowskiego","number":"46","postal_code":"51-171","source_objectid":5804},"geometry":{"type":"Point","coordinates":[17.06459872319882,51.13915747672988]}},{"type":"Feature","properties":{"district":2,"street":"Piotra Czajkowskiego","number":"44","postal_code":"51-171","source_objectid":5805},"geometry":{"type":"Point","coordinates":[17.06481497013579,51.13911688918572]}},{"type":"Feature","properties":{"district":2,"street":"Piotra Czajkowskiego","number":"42","postal_code":"51-171","source_objectid":5806},"geometry":{"type":"Point","coordinates":[17.064973461841053,51.139060243395264]}},{"type":"Feature","properties":{"district":2,"street":"Piotra Czajkowskiego","number":"40a","postal_code":"51-171","source_objectid":5807},"geometry":{"type":"Point","coordinates":[17.065001593011534,51.13885154291141]}},{"type":"Feature","properties":{"district":2,"street":"Piotra Czajkowskiego","number":"40","postal_code":"51-171","source_objectid":5808},"geometry":{"type":"Point","coordinates":[17.065129528873452,51.13899910656499]}},{"type":"Feature","properties":{"district":3,"street":"Władysława Syrokomli","number":"7","postal_code":"51-141","source_objectid":5846},"geometry":{"type":"Point","coordinates":[17.048127652293758,51.138640658172044]}},{"type":"Feature","properties":{"district":5,"street":"Lutycka","number":"5","postal_code":"51-112","source_objectid":5865},"geometry":{"type":"Point","coordinates":[17.025982116494387,51.133870977641735]}},{"type":"Feature","properties":{"district":4,"street":"Zawalna","number":"5a","postal_code":"51-118","source_objectid":5866},"geometry":{"type":"Point","coordinates":[17.037647033340864,51.13475575294393]}},{"type":"Feature","properties":{"district":4,"street":"Zawalna","number":"7b","postal_code":"51-118","source_objectid":5867},"geometry":{"type":"Point","coordinates":[17.037906061324414,51.13476372473675]}},{"type":"Feature","properties":{"district":5,"street":"Lutycka","number":"4","postal_code":"51-112","source_objectid":5868},"geometry":{"type":"Point","coordinates":[17.025624095772994,51.13379619301966]}},{"type":"Feature","properties":{"district":4,"street":"Zawalna","number":"7","postal_code":"51-118","source_objectid":5869},"geometry":{"type":"Point","coordinates":[17.037854736944603,51.134761677169244]}},{"type":"Feature","properties":{"district":5,"street":"Lutycka","number":"3","postal_code":"51-112","source_objectid":5870},"geometry":{"type":"Point","coordinates":[17.0259516180933,51.133691850002776]}},{"type":"Feature","properties":{"district":5,"street":"Osobowicka","number":"15","postal_code":"51-110","source_objectid":5871},"geometry":{"type":"Point","coordinates":[17.025988378235112,51.13340304049586]}},{"type":"Feature","properties":{"district":5,"street":"Osobowicka","number":"13","postal_code":"51-110","source_objectid":5872},"geometry":{"type":"Point","coordinates":[17.026242706196147,51.13339144289529]}},{"type":"Feature","properties":{"district":5,"street":"Lutycka","number":"2a","postal_code":"51-112","source_objectid":5873},"geometry":{"type":"Point","coordinates":[17.025603740833525,51.133669930808495]}},{"type":"Feature","properties":{"district":4,"street":"Zawalna","number":"7a","postal_code":"51-118","source_objectid":5877},"geometry":{"type":"Point","coordinates":[17.037880060423248,51.134762979545485]}},{"type":"Feature","properties":{"district":5,"street":"Teodora Parnickiego","number":"16","postal_code":"51-116","source_objectid":5884},"geometry":{"type":"Point","coordinates":[17.029986222774284,51.140259845009]}},{"type":"Feature","properties":{"district":4,"street":"Zawalna","number":"1","postal_code":"51-118","source_objectid":5906},"geometry":{"type":"Point","coordinates":[17.037239511949515,51.13468661160533]}},{"type":"Feature","properties":{"district":1,"street":"Łąka Mazurska","number":"8","postal_code":"51-164","source_objectid":5911},"geometry":{"type":"Point","coordinates":[17.06425399655284,51.13072043079022]}},{"type":"Feature","properties":{"district":4,"street":"Zawalna","number":"1b","postal_code":"51-118","source_objectid":5918},"geometry":{"type":"Point","coordinates":[17.03730361887332,51.13468672401524]}},{"type":"Feature","properties":{"district":4,"street":"ks. Norberta Bonczyka","number":"2a","postal_code":"51-138","source_objectid":5921},"geometry":{"type":"Point","coordinates":[17.038927665049098,51.134971209513935]}},{"type":"Feature","properties":{"district":4,"street":"Żmigrodzka","number":"9a","postal_code":"51-118","source_objectid":5922},"geometry":{"type":"Point","coordinates":[17.037069155040008,51.134803200973586]}},{"type":"Feature","properties":{"district":4,"street":"Żmigrodzka","number":"11a","postal_code":"51-118","source_objectid":5926},"geometry":{"type":"Point","coordinates":[17.03706209359454,51.13489923505641]}},{"type":"Feature","properties":{"district":4,"street":"Zawalna","number":"5b","postal_code":"51-118","source_objectid":5927},"geometry":{"type":"Point","coordinates":[17.037683550842914,51.134760125748876]}},{"type":"Feature","properties":{"district":4,"street":"Zawalna","number":"1a","postal_code":"51-118","source_objectid":5928},"geometry":{"type":"Point","coordinates":[17.037272101353835,51.13468789841562]}},{"type":"Feature","properties":{"district":4,"street":"Zawalna","number":"1c","postal_code":"51-118","source_objectid":5929},"geometry":{"type":"Point","coordinates":[17.03732695052503,51.13468781863549]}},{"type":"Feature","properties":{"district":4,"street":"Zawalna","number":"5","postal_code":"51-118","source_objectid":5930},"geometry":{"type":"Point","coordinates":[17.03760258696225,51.134755033899715]}},{"type":"Feature","properties":{"district":5,"street":"Jugosłowiańska","number":"88a","postal_code":"51-112","source_objectid":5945},"geometry":{"type":"Point","coordinates":[17.022449823594318,51.13605361758649]}},{"type":"Feature","properties":{"district":4,"street":"Żmigrodzka","number":"9","postal_code":"51-118","source_objectid":5948},"geometry":{"type":"Point","coordinates":[17.0370760937444,51.13481452394148]}},{"type":"Feature","properties":{"district":4,"street":"Żmigrodzka","number":"11","postal_code":"51-118","source_objectid":5949},"geometry":{"type":"Point","coordinates":[17.03706226375198,51.1349171573355]}},{"type":"Feature","properties":{"district":3,"street":"Władysława Syrokomli","number":"18a","postal_code":"51-141","source_objectid":5972},"geometry":{"type":"Point","coordinates":[17.047607203881405,51.13921458103449]}},{"type":"Feature","properties":{"district":2,"street":"Sportowa","number":"38a","postal_code":"51-149","source_objectid":5978},"geometry":{"type":"Point","coordinates":[17.064003901724973,51.14504203010973]}},{"type":"Feature","properties":{"district":1,"street":"Kętrzyńska","number":"33","postal_code":"51-413","source_objectid":6239},"geometry":{"type":"Point","coordinates":[17.078245115181787,51.13427138452433]}},{"type":"Feature","properties":{"district":3,"street":"Wacława Gąsiorowskiego","number":"42","postal_code":"51-142","source_objectid":6267},"geometry":{"type":"Point","coordinates":[17.04542447787651,51.14394818139539]}},{"type":"Feature","properties":{"district":1,"street":"Stanisława Piętaka","number":"5","postal_code":"51-141","source_objectid":6416},"geometry":{"type":"Point","coordinates":[17.04855061313869,51.13843547721269]}},{"type":"Feature","properties":{"district":3,"street":"Maurycego Mochnackiego","number":"17","postal_code":"51-122","source_objectid":6435},"geometry":{"type":"Point","coordinates":[17.038496753402907,51.14190681559185]}},{"type":"Feature","properties":{"district":3,"street":"Jana Brzechwy","number":"70","postal_code":"51-141","source_objectid":6442},"geometry":{"type":"Point","coordinates":[17.045577664116358,51.14234234853204]}},{"type":"Feature","properties":{"district":3,"street":"Ignacego Chrzanowskiego","number":"10","postal_code":"51-147","source_objectid":6466},"geometry":{"type":"Point","coordinates":[17.052074543695365,51.142664609063964]}},{"type":"Feature","properties":{"district":1,"street":"Tadeusza Boya-Żeleńskiego","number":"47a","postal_code":"51-160","source_objectid":6552},"geometry":{"type":"Point","coordinates":[17.05765316908344,51.13435005479962]}},{"type":"Feature","properties":{"district":5,"street":"Jugosłowiańska","number":"85","postal_code":"51-112","source_objectid":6563},"geometry":{"type":"Point","coordinates":[17.023056710482805,51.13781001846478]}},{"type":"Feature","properties":{"district":3,"street":"Wacława Gąsiorowskiego","number":"22","postal_code":"51-142","source_objectid":6564},"geometry":{"type":"Point","coordinates":[17.04403196842019,51.143600800284744]}},{"type":"Feature","properties":{"district":3,"street":"Tadeusza Gajcego","number":"35","postal_code":"51-143","source_objectid":6591},"geometry":{"type":"Point","coordinates":[17.04952576203313,51.140357165317894]}},{"type":"Feature","properties":{"district":5,"street":"Chorwacka","number":"14","postal_code":"51-107","source_objectid":6593},"geometry":{"type":"Point","coordinates":[17.02456795459927,51.13672042867414]}},{"type":"Feature","properties":{"district":1,"street":"Wacława Berenta","number":"22","postal_code":"51-152","source_objectid":6624},"geometry":{"type":"Point","coordinates":[17.057450728154546,51.13577555634216]}},{"type":"Feature","properties":{"district":3,"street":"Henryka Michała Kamieńskiego","number":"114","postal_code":"51-124","source_objectid":6641},"geometry":{"type":"Point","coordinates":[17.041536379569116,51.147632256539964]}},{"type":"Feature","properties":{"district":1,"street":"Wacława Berenta","number":"45","postal_code":"51-152","source_objectid":6662},"geometry":{"type":"Point","coordinates":[17.058913459884206,51.13669797762952]}},{"type":"Feature","properties":{"district":2,"street":"Piotra Czajkowskiego","number":"52a","postal_code":"51-171","source_objectid":6720},"geometry":{"type":"Point","coordinates":[17.06342551322028,51.139473556234236]}},{"type":"Feature","properties":{"district":4,"street":"Ligocka","number":"4","postal_code":"51-116","source_objectid":6727},"geometry":{"type":"Point","coordinates":[17.028523842102818,51.14396129506533]}},{"type":"Feature","properties":{"district":3,"street":"Wincentego Pola","number":"63","postal_code":"51-140","source_objectid":6751},"geometry":{"type":"Point","coordinates":[17.042374117406304,51.14159195103148]}},{"type":"Feature","properties":{"district":1,"street":"Marcina Kromera","number":"20-28","postal_code":"51-163","source_objectid":6786},"geometry":{"type":"Point","coordinates":[17.062375760243555,51.13178865735693]}},{"type":"Feature","properties":{"district":5,"street":"Obodrzycka","number":"4a","postal_code":"51-112","source_objectid":6792},"geometry":{"type":"Point","coordinates":[17.024205398226325,51.13383482409157]}},{"type":"Feature","properties":{"district":1,"street":"Władysława Orkana","number":"51","postal_code":"51-153","source_objectid":6836},"geometry":{"type":"Point","coordinates":[17.056610370888517,51.133301617368616]}},{"type":"Feature","properties":{"district":3,"street":"Kornela Makuszyńskiego","number":"5","postal_code":"51-142","source_objectid":6838},"geometry":{"type":"Point","coordinates":[17.052848133519294,51.14241827666096]}},{"type":"Feature","properties":{"district":1,"street":"Władysława Orkana","number":"56","postal_code":"51-153","source_objectid":6861},"geometry":{"type":"Point","coordinates":[17.057950161954874,51.133825025044366]}},{"type":"Feature","properties":{"district":3,"street":"Artura Oppmana","number":"4a","postal_code":"51-142","source_objectid":6863},"geometry":{"type":"Point","coordinates":[17.048538520844964,51.14221441710648]}},{"type":"Feature","properties":{"district":3,"street":"Kazimierza Brodzińskiego","number":"19","postal_code":"51-112","source_objectid":6875},"geometry":{"type":"Point","coordinates":[17.036556652197586,51.141825971415365]}},{"type":"Feature","properties":{"district":2,"street":"Sportowa","number":"10","postal_code":"51-149","source_objectid":6877},"geometry":{"type":"Point","coordinates":[17.062687967742903,51.143207837752364]}},{"type":"Feature","properties":{"district":3,"street":"Ignacego Chrzanowskiego","number":"41","postal_code":"51-141","source_objectid":6879},"geometry":{"type":"Point","coordinates":[17.05018456153262,51.14310402529282]}},{"type":"Feature","properties":{"district":5,"street":"Bezpieczna","number":"59","postal_code":"51-114","source_objectid":6890},"geometry":{"type":"Point","coordinates":[17.021196314498297,51.14007925654716]}},{"type":"Feature","properties":{"district":3,"street":"Roberta Kocha","number":"10","postal_code":"51-112","source_objectid":6906},"geometry":{"type":"Point","coordinates":[17.03978752836049,51.14235584497747]}},{"type":"Feature","properties":{"district":5,"street":"Osobowicka","number":"29","postal_code":"51-110","source_objectid":6912},"geometry":{"type":"Point","coordinates":[17.023070088582017,51.13357485768558]}},{"type":"Feature","properties":{"district":1,"street":"Jana Długosza","number":"29","postal_code":"51-162","source_objectid":6935},"geometry":{"type":"Point","coordinates":[17.062904406637152,51.13333902359687]}},{"type":"Feature","properties":{"district":1,"street":"Marcina Kromera","number":"69","postal_code":"51-163","source_objectid":6936},"geometry":{"type":"Point","coordinates":[17.071004099498044,51.13523001960022]}},{"type":"Feature","properties":{"district":5,"street":"Morawska","number":"20","postal_code":"51-111","source_objectid":6942},"geometry":{"type":"Point","coordinates":[17.02017789249257,51.13642304838283]}},{"type":"Feature","properties":{"district":1,"street":"Grudziądzka","number":"122","postal_code":"51-165","source_objectid":6964},"geometry":{"type":"Point","coordinates":[17.077460978995934,51.1378408536361]}},{"type":"Feature","properties":{"district":4,"street":"Obornicka","number":"86c","postal_code":"51-114","source_objectid":6971},"geometry":{"type":"Point","coordinates":[17.026503400944556,51.1409256269479]}},{"type":"Feature","properties":{"district":5,"street":"Jugosłowiańska","number":"96","postal_code":"51-112","source_objectid":6975},"geometry":{"type":"Point","coordinates":[17.022279571269163,51.136619208282845]}},{"type":"Feature","properties":{"district":5,"street":"Jugosłowiańska","number":"71","postal_code":"51-112","source_objectid":6981},"geometry":{"type":"Point","coordinates":[17.02326433210741,51.136886500919346]}},{"type":"Feature","properties":{"district":5,"street":"Jugosłowiańska","number":"122a","postal_code":"51-112","source_objectid":6984},"geometry":{"type":"Point","coordinates":[17.020472069112383,51.13743884531188]}},{"type":"Feature","properties":{"district":4,"street":"Obornicka","number":"102","postal_code":"51-114","source_objectid":6985},"geometry":{"type":"Point","coordinates":[17.024696667580244,51.14168737008199]}},{"type":"Feature","properties":{"district":1,"street":"Adama Asnyka","number":"21","postal_code":"51-143","source_objectid":7000},"geometry":{"type":"Point","coordinates":[17.053424881351436,51.14045487179417]}},{"type":"Feature","properties":{"district":3,"street":"Maurycego Mochnackiego","number":"20","postal_code":"51-122","source_objectid":7015},"geometry":{"type":"Point","coordinates":[17.03794774638812,51.142015597335934]}},{"type":"Feature","properties":{"district":2,"street":"Piotra Czajkowskiego","number":"84","postal_code":"51-147","source_objectid":7026},"geometry":{"type":"Point","coordinates":[17.05930764848163,51.141000310783696]}},{"type":"Feature","properties":{"district":3,"street":"Jutrosińska","number":"34","postal_code":"51-124","source_objectid":7075},"geometry":{"type":"Point","coordinates":[17.046895765543198,51.146475325516654]}},{"type":"Feature","properties":{"district":3,"street":"Maurycego Mochnackiego","number":"9","postal_code":"51-122","source_objectid":7078},"geometry":{"type":"Point","coordinates":[17.038858819726975,51.14155731666586]}},{"type":"Feature","properties":{"district":2,"street":"Jana Kasprowicza","number":"76","postal_code":"51-145","source_objectid":7092},"geometry":{"type":"Point","coordinates":[17.054007572051034,51.13818984626793]}},{"type":"Feature","properties":{"district":3,"street":"Wincentego Pola","number":"48","postal_code":"51-140","source_objectid":7132},"geometry":{"type":"Point","coordinates":[17.042019122558905,51.14147889370848]}},{"type":"Feature","properties":{"district":1,"street":"Władysława Orkana","number":"30","postal_code":"51-153","source_objectid":7161},"geometry":{"type":"Point","coordinates":[17.05475397191211,51.13451110735479]}},{"type":"Feature","properties":{"district":5,"street":"Bezpieczna","number":"19","postal_code":"51-114","source_objectid":7173},"geometry":{"type":"Point","coordinates":[17.02339499160361,51.140630372967415]}},{"type":"Feature","properties":{"district":1,"street":"Adama Asnyka","number":"7a","postal_code":"51-143","source_objectid":7182},"geometry":{"type":"Point","coordinates":[17.053011539668802,51.13915570512758]}},{"type":"Feature","properties":{"district":4,"street":"Obornicka","number":"82","postal_code":"51-114","source_objectid":7185},"geometry":{"type":"Point","coordinates":[17.027034370794688,51.1402357745408]}},{"type":"Feature","properties":{"district":5,"street":"Jugosłowiańska","number":"116","postal_code":"51-112","source_objectid":7192},"geometry":{"type":"Point","coordinates":[17.02119024954854,51.13741243256234]}},{"type":"Feature","properties":{"district":4,"street":"Żmigrodzka","number":"106","postal_code":"51-131","source_objectid":7224},"geometry":{"type":"Point","coordinates":[17.030347396534456,51.14418634500707]}},{"type":"Feature","properties":{"district":1,"street":"marsz. Józefa Piłsudskiego","number":"17","postal_code":"51-152","source_objectid":7241},"geometry":{"type":"Point","coordinates":[17.055682728140386,51.13685622346141]}},{"type":"Feature","properties":{"district":1,"street":"Toruńska","number":"4a","postal_code":"51-164","source_objectid":7242},"geometry":{"type":"Point","coordinates":[17.066900634787192,51.131862595671706]}},{"type":"Feature","properties":{"district":2,"street":"Piotra Czajkowskiego","number":"75","postal_code":"51-147","source_objectid":7313},"geometry":{"type":"Point","coordinates":[17.06056148506051,51.14098839758968]}},{"type":"Feature","properties":{"district":1,"street":"Wacława Potockiego","number":"23","postal_code":"51-153","source_objectid":7315},"geometry":{"type":"Point","coordinates":[17.053126783732097,51.135670850309126]}},{"type":"Feature","properties":{"district":3,"street":"Krzysztofa Kamila Baczyńskiego","number":"6","postal_code":"51-122","source_objectid":7327},"geometry":{"type":"Point","coordinates":[17.03933766737881,51.14163715943345]}},{"type":"Feature","properties":{"district":3,"street":"Kazimierza Brodzińskiego","number":"2","postal_code":"51-112","source_objectid":7331},"geometry":{"type":"Point","coordinates":[17.036988727191428,51.14114888790618]}},{"type":"Feature","properties":{"district":3,"street":"Filomatów","number":"4a","postal_code":"51-142","source_objectid":7332},"geometry":{"type":"Point","coordinates":[17.050022984686493,51.14229378055917]}},{"type":"Feature","properties":{"district":2,"street":"Stanisława Przybyszewskiego","number":"82a","postal_code":"51-148","source_objectid":7341},"geometry":{"type":"Point","coordinates":[17.060474269483294,51.139466489029374]}},{"type":"Feature","properties":{"district":3,"street":"Skwer Obrońców Helu","number":"4","postal_code":"51-138","source_objectid":7359},"geometry":{"type":"Point","coordinates":[17.04030976106914,51.1396347678343]}},{"type":"Feature","properties":{"district":1,"street":"Bolesława Leśmiana","number":"4","postal_code":"51-141","source_objectid":7362},"geometry":{"type":"Point","coordinates":[17.048364050720117,51.1399317596409]}},{"type":"Feature","properties":{"district":1,"street":"Toruńska","number":"5","postal_code":"51-164","source_objectid":7378},"geometry":{"type":"Point","coordinates":[17.06543413094843,51.13157969487193]}},{"type":"Feature","properties":{"district":5,"street":"Bezpieczna","number":"44","postal_code":"51-114","source_objectid":7394},"geometry":{"type":"Point","coordinates":[17.021137890007864,51.13894103651909]}},{"type":"Feature","properties":{"district":5,"street":"Bałkańska","number":"3","postal_code":"51-111","source_objectid":7423},"geometry":{"type":"Point","coordinates":[17.018796962503366,51.13558991419586]}},{"type":"Feature","properties":{"district":5,"street":"Obodrzycka","number":"6","postal_code":"51-112","source_objectid":7431},"geometry":{"type":"Point","coordinates":[17.02442901936393,51.13398616088469]}},{"type":"Feature","properties":{"district":5,"street":"Morawska","number":"4","postal_code":"51-111","source_objectid":7468},"geometry":{"type":"Point","coordinates":[17.022745207750248,51.13475655858951]}},{"type":"Feature","properties":{"district":1,"street":"Tadeusza Boya-Żeleńskiego","number":"1a","postal_code":"51-160","source_objectid":7469},"geometry":{"type":"Point","coordinates":[17.052146236007424,51.13735677209428]}},{"type":"Feature","properties":{"district":3,"street":"Roberta Kocha","number":"11b","postal_code":"51-112","source_objectid":7507},"geometry":{"type":"Point","coordinates":[17.03971104845453,51.142878378273956]}},{"type":"Feature","properties":{"district":1,"street":"Ludwika Nabielaka","number":"26","postal_code":"51-140","source_objectid":7532},"geometry":{"type":"Point","coordinates":[17.047358958971003,51.13871272604474]}},{"type":"Feature","properties":{"district":5,"street":"Jugosłowiańska","number":"74a","postal_code":"51-112","source_objectid":7538},"geometry":{"type":"Point","coordinates":[17.023257531639565,51.13547925648984]}},{"type":"Feature","properties":{"district":5,"street":"Jugosłowiańska","number":"87","postal_code":"51-112","source_objectid":7575},"geometry":{"type":"Point","coordinates":[17.022896876725845,51.13785569911195]}},{"type":"Feature","properties":{"district":3,"street":"Władysława Syrokomli","number":"1","postal_code":"51-141","source_objectid":7592},"geometry":{"type":"Point","coordinates":[17.048376991786824,51.13777742503168]}},{"type":"Feature","properties":{"district":1,"street":"Franciszka Karpińskiego","number":"16","postal_code":"51-144","source_objectid":7594},"geometry":{"type":"Point","coordinates":[17.05464087217343,51.13986526012846]}},{"type":"Feature","properties":{"district":3,"street":"Jana Brzechwy","number":"49","postal_code":"51-141","source_objectid":7601},"geometry":{"type":"Point","coordinates":[17.046317653681363,51.14089060148182]}},{"type":"Feature","properties":{"district":4,"street":"Obornicka","number":"115a","postal_code":"51-114","source_objectid":7619},"geometry":{"type":"Point","coordinates":[17.0248229750133,51.14408279509318]}},{"type":"Feature","properties":{"district":1,"street":"Tadeusza Micińskiego","number":"7","postal_code":"51-152","source_objectid":7630},"geometry":{"type":"Point","coordinates":[17.05710620300809,51.13625304183429]}},{"type":"Feature","properties":{"district":1,"street":"Władysława Orkana","number":"71a","postal_code":"51-153","source_objectid":7656},"geometry":{"type":"Point","coordinates":[17.058966087085427,51.13381748128543]}},{"type":"Feature","properties":{"district":2,"street":"Piotra Czajkowskiego","number":"56","postal_code":"51-171","source_objectid":7667},"geometry":{"type":"Point","coordinates":[17.06298562420463,51.139861270597365]}},{"type":"Feature","properties":{"district":2,"street":"Sportowa","number":"22a","postal_code":"51-149","source_objectid":7674},"geometry":{"type":"Point","coordinates":[17.06302929645059,51.14438228978671]}},{"type":"Feature","properties":{"district":1,"street":"Wacława Potockiego","number":"29","postal_code":"51-153","source_objectid":7679},"geometry":{"type":"Point","coordinates":[17.05418170594797,51.1352392895552]}},{"type":"Feature","properties":{"district":5,"street":"Morawska","number":"3c","postal_code":"51-111","source_objectid":7692},"geometry":{"type":"Point","coordinates":[17.02340738513276,51.1351348014893]}},{"type":"Feature","properties":{"district":1,"street":"gen. Józefa Wybickiego","number":"2","postal_code":"51-144","source_objectid":7706},"geometry":{"type":"Point","coordinates":[17.053254284615534,51.13903183343912]}},{"type":"Feature","properties":{"district":4,"street":"ks. Norberta Bonczyka","number":"38","postal_code":"51-138","source_objectid":7741},"geometry":{"type":"Point","coordinates":[17.03834635401411,51.13913120340502]}},{"type":"Feature","properties":{"district":1,"street":"Tadeusza Boya-Żeleńskiego","number":"1","postal_code":"51-160","source_objectid":7774},"geometry":{"type":"Point","coordinates":[17.052568432006773,51.1373278303798]}},{"type":"Feature","properties":{"district":1,"street":"Juliana Klaczki","number":"9","postal_code":"51-151","source_objectid":7783},"geometry":{"type":"Point","coordinates":[17.061518079610227,51.135823854098426]}},{"type":"Feature","properties":{"district":1,"street":"Bolesława Krzywoustego","number":"59","postal_code":"51-165","source_objectid":7790},"geometry":{"type":"Point","coordinates":[17.074201063637307,51.1376857686411]}},{"type":"Feature","properties":{"district":1,"street":"bp. Ignacego Krasickiego","number":"15","postal_code":"51-144","source_objectid":7808},"geometry":{"type":"Point","coordinates":[17.05682434736617,51.14007111419938]}},{"type":"Feature","properties":{"district":1,"street":"Bolesława Krzywoustego","number":"69","postal_code":"51-166","source_objectid":7867},"geometry":{"type":"Point","coordinates":[17.075524819661283,51.13797866726398]}},{"type":"Feature","properties":{"district":4,"street":"Władysława Broniewskiego","number":"9","postal_code":"51-120","source_objectid":7869},"geometry":{"type":"Point","coordinates":[17.03394184372702,51.136327394378924]}},{"type":"Feature","properties":{"district":1,"street":"Wacława Potockiego","number":"6","postal_code":"51-153","source_objectid":7911},"geometry":{"type":"Point","coordinates":[17.051061603847927,51.136911088744114]}},{"type":"Feature","properties":{"district":4,"street":"Obornicka","number":"100","postal_code":"51-114","source_objectid":7916},"geometry":{"type":"Point","coordinates":[17.02485457299881,51.14178937087551]}},{"type":"Feature","properties":{"district":3,"street":"Jana Brzechwy","number":"24","postal_code":"51-141","source_objectid":7939},"geometry":{"type":"Point","coordinates":[17.046073907182706,51.14033159745792]}},{"type":"Feature","properties":{"district":5,"street":"Bałkańska","number":"11","postal_code":"51-111","source_objectid":7944},"geometry":{"type":"Point","coordinates":[17.018122067927134,51.135993234678224]}},{"type":"Feature","properties":{"district":3,"street":"Władysława Syrokomli","number":"13","postal_code":"51-141","source_objectid":7952},"geometry":{"type":"Point","coordinates":[17.047997688847467,51.13926173758298]}},{"type":"Feature","properties":{"district":5,"street":"Osobowicka","number":"41","postal_code":"51-110","source_objectid":7956},"geometry":{"type":"Point","coordinates":[17.02023151908155,51.133971746478224]}},{"type":"Feature","properties":{"district":1,"street":"Juliana Klaczki","number":"46","postal_code":"51-151","source_objectid":7963},"geometry":{"type":"Point","coordinates":[17.063751874669325,51.13738268998277]}},{"type":"Feature","properties":{"district":1,"street":"Władysława Orkana","number":"42","postal_code":"51-153","source_objectid":7965},"geometry":{"type":"Point","coordinates":[17.056303464291855,51.13372572693893]}},{"type":"Feature","properties":{"district":1,"street":"Tadeusza Zelenaya","number":"5","postal_code":"51-140","source_objectid":8006},"geometry":{"type":"Point","coordinates":[17.04735177165701,51.13813783367823]}},{"type":"Feature","properties":{"district":2,"street":"Sportowa","number":"35","postal_code":"51-149","source_objectid":8011},"geometry":{"type":"Point","coordinates":[17.064654634465704,51.14454102118795]}},{"type":"Feature","properties":{"district":4,"street":"Na Polance","number":"10a","postal_code":"51-109","source_objectid":8098},"geometry":{"type":"Point","coordinates":[17.033120683583196,51.13327579329144]}},{"type":"Feature","properties":{"district":5,"street":"Serbska","number":"24","postal_code":"51-111","source_objectid":8103},"geometry":{"type":"Point","coordinates":[17.01782811741605,51.13661484683857]}},{"type":"Feature","properties":{"district":3,"street":"Kornela Ujejskiego","number":"7","postal_code":"51-141","source_objectid":8112},"geometry":{"type":"Point","coordinates":[17.045454160968752,51.13922557028327]}},{"type":"Feature","properties":{"district":3,"street":"Ignacego Chrzanowskiego","number":"108","postal_code":"51-141","source_objectid":8124},"geometry":{"type":"Point","coordinates":[17.04260050839099,51.142144590865264]}},{"type":"Feature","properties":{"district":1,"street":"Ludwika Nabielaka","number":"19a","postal_code":"51-140","source_objectid":8126},"geometry":{"type":"Point","coordinates":[17.046896543151806,51.138318691068214]}},{"type":"Feature","properties":{"district":5,"street":"Jugosłowiańska","number":"136","postal_code":"51-112","source_objectid":8131},"geometry":{"type":"Point","coordinates":[17.018903169167682,51.138837448683894]}},{"type":"Feature","properties":{"district":1,"street":"Leopolda Staffa","number":"43","postal_code":"51-144","source_objectid":8132},"geometry":{"type":"Point","coordinates":[17.05878228543824,51.14072534048115]}},{"type":"Feature","properties":{"district":1,"street":"Władysława Orkana","number":"69","postal_code":"51-153","source_objectid":8138},"geometry":{"type":"Point","coordinates":[17.058459146258926,51.133764695151136]}},{"type":"Feature","properties":{"district":1,"street":"Tadeusza Zelenaya","number":"20a","postal_code":"51-140","source_objectid":8139},"geometry":{"type":"Point","coordinates":[17.04628213799166,51.13777766574344]}},{"type":"Feature","properties":{"district":3,"street":"Henryka Michała Kamieńskiego","number":"71a","postal_code":"51-124","source_objectid":8152},"geometry":{"type":"Point","coordinates":[17.04293022515174,51.14739283273688]}},{"type":"Feature","properties":{"district":1,"street":"Jana Długosza","number":"7","postal_code":"51-162","source_objectid":8198},"geometry":{"type":"Point","coordinates":[17.059744374217033,51.13167891055798]}},{"type":"Feature","properties":{"district":3,"street":"Henryka Michała Kamieńskiego","number":"28c","postal_code":"51-124","source_objectid":8229},"geometry":{"type":"Point","coordinates":[17.036499637369822,51.14232958707996]}},{"type":"Feature","properties":{"district":5,"street":"Bezpieczna","number":"81","postal_code":"51-114","source_objectid":8243},"geometry":{"type":"Point","coordinates":[17.020021703935505,51.139400652494864]}},{"type":"Feature","properties":{"district":5,"street":"Czeska","number":"8a","postal_code":"51-112","source_objectid":8245},"geometry":{"type":"Point","coordinates":[17.02255213889818,51.13431360472242]}},{"type":"Feature","properties":{"district":5,"street":"Czeska","number":"8","postal_code":"51-112","source_objectid":8247},"geometry":{"type":"Point","coordinates":[17.022812052829643,51.13429893914507]}},{"type":"Feature","properties":{"district":5,"street":"Czeska","number":"2","postal_code":"51-112","source_objectid":8249},"geometry":{"type":"Point","coordinates":[17.021904580844627,51.1338260272691]}},{"type":"Feature","properties":{"district":5,"street":"Czeska","number":"4","postal_code":"51-112","source_objectid":8250},"geometry":{"type":"Point","coordinates":[17.022114370884758,51.13393372217744]}},{"type":"Feature","properties":{"district":5,"street":"Czeska","number":"5","postal_code":"51-112","source_objectid":8253},"geometry":{"type":"Point","coordinates":[17.023048842270136,51.134064100032774]}},{"type":"Feature","properties":{"district":1,"street":"Wacława Berenta","number":"33","postal_code":"51-152","source_objectid":8255},"geometry":{"type":"Point","coordinates":[17.05841602009488,51.136190116040986]}},{"type":"Feature","properties":{"district":3,"street":"Władysława Syrokomli","number":"24a","postal_code":"51-141","source_objectid":8260},"geometry":{"type":"Point","coordinates":[17.047512985040118,51.139610688488304]}},{"type":"Feature","properties":{"district":2,"street":"Piotra Czajkowskiego","number":"105","postal_code":"51-147","source_objectid":8261},"geometry":{"type":"Point","coordinates":[17.05670295103554,51.14193558336408]}},{"type":"Feature","properties":{"district":5,"street":"Czeska","number":"3","postal_code":"51-112","source_objectid":8267},"geometry":{"type":"Point","coordinates":[17.02287567208779,51.13396944574557]}},{"type":"Feature","properties":{"district":5,"street":"Czeska","number":"7","postal_code":"51-112","source_objectid":8268},"geometry":{"type":"Point","coordinates":[17.023367484184927,51.13423924613724]}},{"type":"Feature","properties":{"district":1,"street":"Leopolda Staffa","number":"25","postal_code":"51-144","source_objectid":8269},"geometry":{"type":"Point","coordinates":[17.058752580602313,51.14024862469404]}},{"type":"Feature","properties":{"district":5,"street":"Serbska","number":"12","postal_code":"51-111","source_objectid":8270},"geometry":{"type":"Point","coordinates":[17.01928080002967,51.13546411329389]}},{"type":"Feature","properties":{"district":5,"street":"Osobowicka","number":"35","postal_code":"51-110","source_objectid":8271},"geometry":{"type":"Point","coordinates":[17.021381470284634,51.133653036373055]}},{"type":"Feature","properties":{"district":4,"street":"Obornicka","number":"64","postal_code":"51-114","source_objectid":8273},"geometry":{"type":"Point","coordinates":[17.02812903110693,51.13867976580235]}},{"type":"Feature","properties":{"district":5,"street":"Czeska","number":"4a","postal_code":"51-112","source_objectid":8274},"geometry":{"type":"Point","coordinates":[17.022278229665783,51.13404878450127]}},{"type":"Feature","properties":{"district":3,"street":"Włodzimierza Perzyńskiego","number":"3","postal_code":"51-141","source_objectid":8291},"geometry":{"type":"Point","coordinates":[17.0435195203665,51.14124889403727]}},{"type":"Feature","properties":{"district":2,"street":"Jana Kasprowicza","number":"40","postal_code":"51-137","source_objectid":8308},"geometry":{"type":"Point","coordinates":[17.045254479150437,51.1371165875482]}},{"type":"Feature","properties":{"district":4,"street":"Obornicka","number":"71/73","postal_code":"51-114","source_objectid":8318},"geometry":{"type":"Point","coordinates":[17.02855763943428,51.13935285190706]}},{"type":"Feature","properties":{"district":3,"street":"Filomatów","number":"5","postal_code":"51-142","source_objectid":8320},"geometry":{"type":"Point","coordinates":[17.05047444946379,51.14196613364735]}},{"type":"Feature","properties":{"district":3,"street":"Maurycego Mochnackiego","number":"2","postal_code":"51-122","source_objectid":8350},"geometry":{"type":"Point","coordinates":[17.038866298742594,51.14114212845972]}},{"type":"Feature","properties":{"district":1,"street":"Marcina Kromera","number":"25a","postal_code":"51-163","source_objectid":8376},"geometry":{"type":"Point","coordinates":[17.06613765937874,51.132779544123345]}},{"type":"Feature","properties":{"district":3,"street":"Wacława Gąsiorowskiego","number":"16","postal_code":"51-142","source_objectid":8399},"geometry":{"type":"Point","coordinates":[17.043353945947583,51.14377880682342]}},{"type":"Feature","properties":{"district":4,"street":"Jana Kasprowicza","number":"6","postal_code":"51-137","source_objectid":8411},"geometry":{"type":"Point","coordinates":[17.03762114055587,51.13646214388659]}},{"type":"Feature","properties":{"district":3,"street":"Władysława Syrokomli","number":"43","postal_code":"51-141","source_objectid":8417},"geometry":{"type":"Point","coordinates":[17.047518309653938,51.14103724411773]}},{"type":"Feature","properties":{"district":3,"street":"Kornela Makuszyńskiego","number":"24","postal_code":"51-142","source_objectid":8419},"geometry":{"type":"Point","coordinates":[17.050969748824183,51.14189088315897]}},{"type":"Feature","properties":{"district":2,"street":"Piotra Czajkowskiego","number":"27a","postal_code":"51-171","source_objectid":8448},"geometry":{"type":"Point","coordinates":[17.06559754509439,51.13954857140596]}},{"type":"Feature","properties":{"district":3,"street":"Maurycego Mochnackiego","number":"19","postal_code":"51-122","source_objectid":8471},"geometry":{"type":"Point","coordinates":[17.03839655653678,51.14199716478836]}},{"type":"Feature","properties":{"district":1,"street":"Bolesława Krzywoustego","number":"47","postal_code":"51-165","source_objectid":8490},"geometry":{"type":"Point","coordinates":[17.073087303638868,51.137435718985905]}},{"type":"Feature","properties":{"district":3,"street":"Marii Konopnickiej","number":"20","postal_code":"51-141","source_objectid":8499},"geometry":{"type":"Point","coordinates":[17.04331670173827,51.14097416578424]}},{"type":"Feature","properties":{"district":5,"street":"Jugosłowiańska","number":"49a","postal_code":"51-112","source_objectid":8500},"geometry":{"type":"Point","coordinates":[17.027215522139393,51.134749662168176]}},{"type":"Feature","properties":{"district":4,"street":"Na Polance","number":"14c","postal_code":"51-109","source_objectid":8509},"geometry":{"type":"Point","coordinates":[17.03185900275983,51.13333976277151]}},{"type":"Feature","properties":{"district":5,"street":"Serbska","number":"3c","postal_code":"51-111","source_objectid":8510},"geometry":{"type":"Point","coordinates":[17.02137511470199,51.1343060374483]}},{"type":"Feature","properties":{"district":5,"street":"Serbska","number":"3d","postal_code":"51-111","source_objectid":8511},"geometry":{"type":"Point","coordinates":[17.021610821684497,51.13427751487373]}},{"type":"Feature","properties":{"district":5,"street":"Czeska","number":"6","postal_code":"51-112","source_objectid":8512},"geometry":{"type":"Point","coordinates":[17.022463774524862,51.1341349552853]}},{"type":"Feature","properties":{"district":1,"street":"Tadeusza Boya-Żeleńskiego","number":"15","postal_code":"51-160","source_objectid":8516},"geometry":{"type":"Point","coordinates":[17.05392713985558,51.13658588394581]}},{"type":"Feature","properties":{"district":3,"street":"Wincentego Pola","number":"62b","postal_code":"51-123","source_objectid":8603},"geometry":{"type":"Point","coordinates":[17.040551099848248,51.143185068193084]}},{"type":"Feature","properties":{"district":1,"street":"Bolesława Leśmiana","number":"7","postal_code":"51-141","source_objectid":8605},"geometry":{"type":"Point","coordinates":[17.048630358771444,51.14045251167255]}},{"type":"Feature","properties":{"district":3,"street":"Władysława Syrokomli","number":"52","postal_code":"51-141","source_objectid":8635},"geometry":{"type":"Point","coordinates":[17.046990589346333,51.141684325497394]}},{"type":"Feature","properties":{"district":4,"street":"Paprotna","number":"5","postal_code":"51-117","source_objectid":8644},"geometry":{"type":"Point","coordinates":[17.024400540186573,51.15044415938013]}},{"type":"Feature","properties":{"district":3,"street":"Kornela Makuszyńskiego","number":"27","postal_code":"51-142","source_objectid":8673},"geometry":{"type":"Point","coordinates":[17.05092460665302,51.14247964370286]}},{"type":"Feature","properties":{"district":2,"street":"Stanisława Przybyszewskiego","number":"7","postal_code":"51-151","source_objectid":8693},"geometry":{"type":"Point","coordinates":[17.059954015570824,51.134861465000924]}},{"type":"Feature","properties":{"district":1,"street":"Giżycka","number":"68b","postal_code":"51-412","source_objectid":8700},"geometry":{"type":"Point","coordinates":[17.077596067803665,51.133497589545044]}},{"type":"Feature","properties":{"district":3,"street":"Torowa","number":"2","postal_code":"51-125","source_objectid":8718},"geometry":{"type":"Point","coordinates":[17.04283344333549,51.14949638770558]}},{"type":"Feature","properties":{"district":3,"street":"Ignacego Chrzanowskiego","number":"1a","postal_code":"51-147","source_objectid":8763},"geometry":{"type":"Point","coordinates":[17.053036262898093,51.14298163424759]}},{"type":"Feature","properties":{"district":5,"street":"Chorwacka","number":"78","postal_code":"51-107","source_objectid":8776},"geometry":{"type":"Point","coordinates":[17.024858896432974,51.139487012788294]}},{"type":"Feature","properties":{"district":5,"street":"Bezpieczna","number":"75","postal_code":"51-114","source_objectid":8788},"geometry":{"type":"Point","coordinates":[17.020364353047295,51.139662317417056]}},{"type":"Feature","properties":{"district":2,"street":"Jana Kasprowicza","number":"85","postal_code":"51-146","source_objectid":8799},"geometry":{"type":"Point","coordinates":[17.05331532716721,51.137629905775384]}},{"type":"Feature","properties":{"district":3,"street":"Władysława Syrokomli","number":"34","postal_code":"51-141","source_objectid":8839},"geometry":{"type":"Point","coordinates":[17.047348716852074,51.14029620415157]}},{"type":"Feature","properties":{"district":1,"street":"Juliana Klaczki","number":"4","postal_code":"51-151","source_objectid":8849},"geometry":{"type":"Point","coordinates":[17.061114679465682,51.13608312276211]}},{"type":"Feature","properties":{"district":5,"street":"Łużycka","number":"2c","postal_code":"51-111","source_objectid":8923},"geometry":{"type":"Point","coordinates":[17.015757960554783,51.13611241986743]}},{"type":"Feature","properties":{"district":3,"street":"Marii Konopnickiej","number":"64","postal_code":"51-142","source_objectid":8960},"geometry":{"type":"Point","coordinates":[17.05180748750264,51.1417447192815]}},{"type":"Feature","properties":{"district":5,"street":"Łużycka","number":"15a","postal_code":"51-111","source_objectid":8974},"geometry":{"type":"Point","coordinates":[17.018427898823642,51.137436961832435]}},{"type":"Feature","properties":{"district":2,"street":"Stanisława Przybyszewskiego","number":"4","postal_code":"51-151","source_objectid":9080},"geometry":{"type":"Point","coordinates":[17.059062484134405,51.134775177566375]}},{"type":"Feature","properties":{"district":1,"street":"Jana Długosza","number":"60","postal_code":"51-162","source_objectid":9356},"geometry":{"type":"Point","coordinates":[17.0649939602726,51.135344389066894]}},{"type":"Feature","properties":{"district":3,"street":"Henryka Michała Kamieńskiego","number":"30","postal_code":"51-124","source_objectid":9385},"geometry":{"type":"Point","coordinates":[17.037042817577756,51.142577014752945]}},{"type":"Feature","properties":{"district":3,"street":"Henryka Michała Kamieńskiego","number":"28f","postal_code":"51-124","source_objectid":9386},"geometry":{"type":"Point","coordinates":[17.036865364486097,51.142460243391064]}},{"type":"Feature","properties":{"district":2,"street":"Piotra Czajkowskiego","number":"36","postal_code":"51-171","source_objectid":9425},"geometry":{"type":"Point","coordinates":[17.065648089178843,51.138849784917824]}},{"type":"Feature","properties":{"district":2,"street":"Piotra Czajkowskiego","number":"34","postal_code":"51-171","source_objectid":9426},"geometry":{"type":"Point","coordinates":[17.0659100092534,51.13875014145046]}},{"type":"Feature","properties":{"district":2,"street":"Piotra Czajkowskiego","number":"32","postal_code":"51-171","source_objectid":9427},"geometry":{"type":"Point","coordinates":[17.066158008579624,51.138655460893055]}},{"type":"Feature","properties":{"district":2,"street":"Piotra Czajkowskiego","number":"30","postal_code":"51-171","source_objectid":9428},"geometry":{"type":"Point","coordinates":[17.066345873805915,51.13857698542513]}},{"type":"Feature","properties":{"district":2,"street":"Piotra Czajkowskiego","number":"26","postal_code":"51-171","source_objectid":9429},"geometry":{"type":"Point","coordinates":[17.06684059138807,51.138189603345666]}},{"type":"Feature","properties":{"district":1,"street":"Bolesława Krzywoustego","number":"49","postal_code":"51-165","source_objectid":9430},"geometry":{"type":"Point","coordinates":[17.07324890678208,51.13747958715509]}},{"type":"Feature","properties":{"district":1,"street":"Bolesława Krzywoustego","number":"51","postal_code":"51-165","source_objectid":9431},"geometry":{"type":"Point","coordinates":[17.073432049350682,51.13751898350496]}},{"type":"Feature","properties":{"district":1,"street":"Bolesława Krzywoustego","number":"53","postal_code":"51-165","source_objectid":9432},"geometry":{"type":"Point","coordinates":[17.073623808426287,51.137561033236466]}},{"type":"Feature","properties":{"district":1,"street":"Bolesława Krzywoustego","number":"55","postal_code":"51-165","source_objectid":9433},"geometry":{"type":"Point","coordinates":[17.073802808819742,51.13759987569353]}},{"type":"Feature","properties":{"district":1,"street":"Bolesława Krzywoustego","number":"45","postal_code":"51-165","source_objectid":9434},"geometry":{"type":"Point","coordinates":[17.07289459985535,51.13739779521382]}},{"type":"Feature","properties":{"district":1,"street":"Grudziądzka","number":"73","postal_code":"51-165","source_objectid":9435},"geometry":{"type":"Point","coordinates":[17.074634427464016,51.136837802970625]}},{"type":"Feature","properties":{"district":1,"street":"Grudziądzka","number":"98","postal_code":"51-165","source_objectid":9436},"geometry":{"type":"Point","coordinates":[17.0747120490217,51.137181896558424]}},{"type":"Feature","properties":{"district":1,"street":"Grudziądzka","number":"100","postal_code":"51-165","source_objectid":9437},"geometry":{"type":"Point","coordinates":[17.07487676714416,51.137217863661824]}},{"type":"Feature","properties":{"district":1,"street":"Grudziądzka","number":"96","postal_code":"51-165","source_objectid":9438},"geometry":{"type":"Point","coordinates":[17.07454194988047,51.13714342707812]}},{"type":"Feature","properties":{"district":1,"street":"Grudziądzka","number":"94","postal_code":"51-165","source_objectid":9439},"geometry":{"type":"Point","coordinates":[17.074374281306213,51.137106687313285]}},{"type":"Feature","properties":{"district":1,"street":"Grudziądzka","number":"92","postal_code":"51-165","source_objectid":9440},"geometry":{"type":"Point","coordinates":[17.07420790398621,51.137071127978736]}},{"type":"Feature","properties":{"district":1,"street":"Grudziądzka","number":"90","postal_code":"51-165","source_objectid":9441},"geometry":{"type":"Point","coordinates":[17.07402030359963,51.13702762523937]}},{"type":"Feature","properties":{"district":1,"street":"Grudziądzka","number":"88","postal_code":"51-165","source_objectid":9442},"geometry":{"type":"Point","coordinates":[17.073807774461418,51.13701227717922]}},{"type":"Feature","properties":{"district":1,"street":"Grudziądzka","number":"86","postal_code":"51-165","source_objectid":9443},"geometry":{"type":"Point","coordinates":[17.07360259102644,51.13696567962603]}},{"type":"Feature","properties":{"district":1,"street":"Grudziądzka","number":"84","postal_code":"51-165","source_objectid":9444},"geometry":{"type":"Point","coordinates":[17.07338804224283,51.136918260471184]}},{"type":"Feature","properties":{"district":1,"street":"Grudziądzka","number":"82","postal_code":"51-165","source_objectid":9445},"geometry":{"type":"Point","coordinates":[17.073217958298724,51.13685265666869]}},{"type":"Feature","properties":{"district":1,"street":"Grudziądzka","number":"80","postal_code":"51-165","source_objectid":9446},"geometry":{"type":"Point","coordinates":[17.073049838118227,51.136816381576246]}},{"type":"Feature","properties":{"district":1,"street":"Grudziądzka","number":"78","postal_code":"51-165","source_objectid":9447},"geometry":{"type":"Point","coordinates":[17.07287985959712,51.136775663216156]}},{"type":"Feature","properties":{"district":1,"street":"Grudziądzka","number":"76","postal_code":"51-165","source_objectid":9448},"geometry":{"type":"Point","coordinates":[17.072708590766172,51.136737884774774]}},{"type":"Feature","properties":{"district":1,"street":"Grudziądzka","number":"72","postal_code":"51-165","source_objectid":9449},"geometry":{"type":"Point","coordinates":[17.07236848013603,51.136662687993244]}},{"type":"Feature","properties":{"district":1,"street":"Grudziądzka","number":"74","postal_code":"51-165","source_objectid":9450},"geometry":{"type":"Point","coordinates":[17.07254322782558,51.13670267540817]}},{"type":"Feature","properties":{"district":1,"street":"Grudziądzka","number":"55","postal_code":"51-165","source_objectid":9451},"geometry":{"type":"Point","coordinates":[17.07244828803056,51.136464396576045]}},{"type":"Feature","properties":{"district":1,"street":"Grudziądzka","number":"57","postal_code":"51-165","source_objectid":9452},"geometry":{"type":"Point","coordinates":[17.07267850970089,51.136404776319054]}},{"type":"Feature","properties":{"district":1,"street":"Grudziądzka","number":"59","postal_code":"51-165","source_objectid":9453},"geometry":{"type":"Point","coordinates":[17.072936079197802,51.13645762595134]}},{"type":"Feature","properties":{"district":1,"street":"Grudziądzka","number":"61","postal_code":"51-165","source_objectid":9454},"geometry":{"type":"Point","coordinates":[17.073173191437323,51.1365122061109]}},{"type":"Feature","properties":{"district":1,"street":"Grudziądzka","number":"65","postal_code":"51-165","source_objectid":9455},"geometry":{"type":"Point","coordinates":[17.073534505585567,51.13669499643571]}},{"type":"Feature","properties":{"district":1,"street":"Grudziądzka","number":"67","postal_code":"51-165","source_objectid":9456},"geometry":{"type":"Point","coordinates":[17.073954267196346,51.136764601512276]}},{"type":"Feature","properties":{"district":1,"street":"Grudziądzka","number":"69","postal_code":"51-165","source_objectid":9457},"geometry":{"type":"Point","coordinates":[17.074150375889435,51.13672971829912]}},{"type":"Feature","properties":{"district":1,"street":"Grudziądzka","number":"71","postal_code":"51-165","source_objectid":9458},"geometry":{"type":"Point","coordinates":[17.074390733328844,51.136782358334614]}},{"type":"Feature","properties":{"district":1,"street":"Grudziądzka","number":"75","postal_code":"51-165","source_objectid":9459},"geometry":{"type":"Point","coordinates":[17.07487636606532,51.1368914595555]}},{"type":"Feature","properties":{"district":1,"street":"Grudziądzka","number":"77","postal_code":"51-165","source_objectid":9460},"geometry":{"type":"Point","coordinates":[17.074990599673992,51.136983931511324]}},{"type":"Feature","properties":{"district":1,"street":"Grudziądzka","number":"79","postal_code":"51-165","source_objectid":9461},"geometry":{"type":"Point","coordinates":[17.075553690328732,51.137113270480796]}},{"type":"Feature","properties":{"district":1,"street":"Grudziądzka","number":"81","postal_code":"51-165","source_objectid":9462},"geometry":{"type":"Point","coordinates":[17.075741515276803,51.13708099353648]}},{"type":"Feature","properties":{"district":1,"street":"Grudziądzka","number":"83","postal_code":"51-165","source_objectid":9463},"geometry":{"type":"Point","coordinates":[17.07597519437747,51.1371327918299]}},{"type":"Feature","properties":{"district":1,"street":"Grudziądzka","number":"85","postal_code":"51-165","source_objectid":9464},"geometry":{"type":"Point","coordinates":[17.076225735511134,51.13718922844766]}},{"type":"Feature","properties":{"district":1,"street":"Grudziądzka","number":"87","postal_code":"51-165","source_objectid":9465},"geometry":{"type":"Point","coordinates":[17.0764742420856,51.137243750749334]}},{"type":"Feature","properties":{"district":1,"street":"Grudziądzka","number":"89","postal_code":"51-165","source_objectid":9466},"geometry":{"type":"Point","coordinates":[17.076717147701878,51.1372982103246]}},{"type":"Feature","properties":{"district":1,"street":"Grudziądzka","number":"91","postal_code":"51-165","source_objectid":9467},"geometry":{"type":"Point","coordinates":[17.07681580578393,51.13739243455021]}},{"type":"Feature","properties":{"district":1,"street":"Bolesława Krzywoustego","number":"93","postal_code":"51-166","source_objectid":9468},"geometry":{"type":"Point","coordinates":[17.07818579456006,51.13788672731658]}},{"type":"Feature","properties":{"district":1,"street":"Bolesława Krzywoustego","number":"93a","postal_code":"51-166","source_objectid":9469},"geometry":{"type":"Point","coordinates":[17.07822572680729,51.137745983994535]}},{"type":"Feature","properties":{"district":3,"street":"Jana Brzechwy","number":"16","postal_code":"51-141","source_objectid":9510},"geometry":{"type":"Point","coordinates":[17.04620035158191,51.13994212135178]}},{"type":"Feature","properties":{"district":1,"street":"Marcina Kromera","number":"44","postal_code":"51-163","source_objectid":9515},"geometry":{"type":"Point","coordinates":[17.06449532913798,51.132780476085436]}},{"type":"Feature","properties":{"district":3,"street":"Marii Konopnickiej","number":"60","postal_code":"51-142","source_objectid":9521},"geometry":{"type":"Point","coordinates":[17.050073323718856,51.1415853565023]}},{"type":"Feature","properties":{"district":5,"street":"Chorwacka","number":"30","postal_code":"51-107","source_objectid":9537},"geometry":{"type":"Point","coordinates":[17.025431880037416,51.137651147725265]}},{"type":"Feature","properties":{"district":3,"street":"Stanisława Grochowiaka","number":"7","postal_code":"51-142","source_objectid":9541},"geometry":{"type":"Point","coordinates":[17.04623387118267,51.143654573936175]}},{"type":"Feature","properties":{"district":3,"street":"Samuela Bogumiła Lindego","number":"7","postal_code":"51-138","source_objectid":9551},"geometry":{"type":"Point","coordinates":[17.040120378147204,51.13720574787586]}},{"type":"Feature","properties":{"district":5,"street":"Jugosłowiańska","number":"111","postal_code":"51-112","source_objectid":9555},"geometry":{"type":"Point","coordinates":[17.02213578710793,51.13861562539467]}},{"type":"Feature","properties":{"district":3,"street":"Marii Konopnickiej","number":"46","postal_code":"51-142","source_objectid":9564},"geometry":{"type":"Point","coordinates":[17.04818275768531,51.141422744469565]}},{"type":"Feature","properties":{"district":4,"street":"Zawalna","number":"23","postal_code":"51-139","source_objectid":9629},"geometry":{"type":"Point","coordinates":[17.040540489185723,51.135063401314596]}},{"type":"Feature","properties":{"district":1,"street":"Kazimierza Przerwy-Tetmajera","number":"9a","postal_code":"51-153","source_objectid":9642},"geometry":{"type":"Point","coordinates":[17.05047636081956,51.13566441005697]}},{"type":"Feature","properties":{"district":5,"street":"Bezpieczna","number":"38","postal_code":"51-114","source_objectid":9649},"geometry":{"type":"Point","coordinates":[17.021665154001305,51.13893219765091]}},{"type":"Feature","properties":{"district":1,"street":"Zenona Miriama Przesmyckiego","number":"13a","postal_code":"51-151","source_objectid":9764},"geometry":{"type":"Point","coordinates":[17.063556332347815,51.13769742479285]}},{"type":"Feature","properties":{"district":1,"street":"Stanisława Piętaka","number":"4","postal_code":"51-141","source_objectid":9780},"geometry":{"type":"Point","coordinates":[17.048507540222428,51.1386518670979]}},{"type":"Feature","properties":{"district":5,"street":"Jugosłowiańska","number":"140","postal_code":"51-112","source_objectid":9811},"geometry":{"type":"Point","coordinates":[17.018532416087016,51.138613345076465]}},{"type":"Feature","properties":{"district":3,"street":"Marii Konopnickiej","number":"62a","postal_code":"51-142","source_objectid":9825},"geometry":{"type":"Point","coordinates":[17.051094364205987,51.14168242674033]}},{"type":"Feature","properties":{"district":5,"street":"Lutycka","number":"9","postal_code":"51-112","source_objectid":9852},"geometry":{"type":"Point","coordinates":[17.02618776607563,51.13426141135581]}},{"type":"Feature","properties":{"district":4,"street":"Żmigrodzka","number":"58","postal_code":"51-120","source_objectid":9858},"geometry":{"type":"Point","coordinates":[17.03175938526377,51.138617727430486]}},{"type":"Feature","properties":{"district":1,"street":"Wacława Berenta","number":"46","postal_code":"51-152","source_objectid":9886},"geometry":{"type":"Point","coordinates":[17.058910195577162,51.13732522148522]}},{"type":"Feature","properties":{"district":3,"street":"Henryka Michała Kamieńskiego","number":"54","postal_code":"51-124","source_objectid":9891},"geometry":{"type":"Point","coordinates":[17.038166033344147,51.143479619284165]}},{"type":"Feature","properties":{"district":4,"street":"Macedońska","number":"17","postal_code":"51-113","source_objectid":9904},"geometry":{"type":"Point","coordinates":[17.030592301661596,51.134629273389386]}},{"type":"Feature","properties":{"district":1,"street":"Wacława Potockiego","number":"37","postal_code":"51-153","source_objectid":9913},"geometry":{"type":"Point","coordinates":[17.054947043948665,51.13491456780581]}},{"type":"Feature","properties":{"district":1,"street":"Bolesława Krzywoustego","number":"13","postal_code":"51-165","source_objectid":9918},"geometry":{"type":"Point","coordinates":[17.07073810020799,51.13587601053222]}},{"type":"Feature","properties":{"district":3,"street":"Wincentego Pola","number":"60b","postal_code":"51-123","source_objectid":9924},"geometry":{"type":"Point","coordinates":[17.040720487797117,51.142988065251124]}},{"type":"Feature","properties":{"district":4,"street":"Kępińska","number":"10","postal_code":"51-132","source_objectid":9930},"geometry":{"type":"Point","coordinates":[17.035383989793225,51.14616266287029]}},{"type":"Feature","properties":{"district":5,"street":"Chorwacka","number":"43","postal_code":"51-107","source_objectid":9937},"geometry":{"type":"Point","coordinates":[17.02598502331278,51.13909876648721]}},{"type":"Feature","properties":{"district":3,"street":"Bohdana Zaleskiego","number":"1","postal_code":"51-138","source_objectid":9947},"geometry":{"type":"Point","coordinates":[17.040589205256023,51.140160554604904]}},{"type":"Feature","properties":{"district":1,"street":"Ludwika Nabielaka","number":"11a","postal_code":"51-140","source_objectid":9949},"geometry":{"type":"Point","coordinates":[17.045848515809087,51.13824890799203]}},{"type":"Feature","properties":{"district":5,"street":"Serbska","number":"3a","postal_code":"51-111","source_objectid":9980},"geometry":{"type":"Point","coordinates":[17.020868685734552,51.13430285032611]}},{"type":"Feature","properties":{"district":3,"street":"Kornela Ujejskiego","number":"15a","postal_code":"51-141","source_objectid":9989},"geometry":{"type":"Point","coordinates":[17.045176940495768,51.14037328051975]}},{"type":"Feature","properties":{"district":3,"street":"Filomatów","number":"4","postal_code":"51-142","source_objectid":9997},"geometry":{"type":"Point","coordinates":[17.05007633232099,51.14212597280428]}},{"type":"Feature","properties":{"district":5,"street":"Chorwacka","number":"21","postal_code":"51-107","source_objectid":10011},"geometry":{"type":"Point","coordinates":[17.0256185578733,51.13655884153673]}},{"type":"Feature","properties":{"district":2,"street":"Koszarowa","number":"8t","postal_code":"51-149","source_objectid":10071},"geometry":{"type":"Point","coordinates":[17.063801960895926,51.14165749097764]}},{"type":"Feature","properties":{"district":1,"street":"Stanisława Piętaka","number":"7","postal_code":"51-141","source_objectid":10085},"geometry":{"type":"Point","coordinates":[17.048758300186023,51.13845482229754]}},{"type":"Feature","properties":{"district":4,"street":"ks. Norberta Bonczyka","number":"2","postal_code":"51-138","source_objectid":10088},"geometry":{"type":"Point","coordinates":[17.03892700969846,51.13498033941501]}},{"type":"Feature","properties":{"district":4,"street":"Żmigrodzka","number":"38","postal_code":"51-120","source_objectid":10091},"geometry":{"type":"Point","coordinates":[17.034528548190945,51.137395382775956]}},{"type":"Feature","properties":{"district":1,"street":"Marcina Kromera","number":"23e","postal_code":"51-163","source_objectid":10093},"geometry":{"type":"Point","coordinates":[17.066351012308562,51.13230803281656]}},{"type":"Feature","properties":{"district":5,"street":"Serbska","number":"8e","postal_code":"51-111","source_objectid":10095},"geometry":{"type":"Point","coordinates":[17.01996885856184,51.13520080620264]}},{"type":"Feature","properties":{"district":2,"street":"Stanisława Przybyszewskiego","number":"96a","postal_code":"51-148","source_objectid":10114},"geometry":{"type":"Point","coordinates":[17.061178924583317,51.14044609362329]}},{"type":"Feature","properties":{"district":1,"street":"Aleksandra Brücknera","number":"48a","postal_code":"51-411","source_objectid":10126},"geometry":{"type":"Point","coordinates":[17.0809329341907,51.13765159333723]}},{"type":"Feature","properties":{"district":4,"street":"Macedońska","number":"23","postal_code":"51-113","source_objectid":10160},"geometry":{"type":"Point","coordinates":[17.030112762161426,51.134924877816246]}},{"type":"Feature","properties":{"district":1,"street":"Leopolda Staffa","number":"1a","postal_code":"51-144","source_objectid":10227},"geometry":{"type":"Point","coordinates":[17.059882449856662,51.13914238541474]}},{"type":"Feature","properties":{"district":4,"street":"Obornicka","number":"113f","postal_code":"51-114","source_objectid":10269},"geometry":{"type":"Point","coordinates":[17.026060241176765,51.14397542488941]}},{"type":"Feature","properties":{"district":2,"street":"Koszarowa","number":"6n","postal_code":"51-149","source_objectid":10277},"geometry":{"type":"Point","coordinates":[17.066539320139253,51.14054267701657]}},{"type":"Feature","properties":{"district":3,"street":"Kornela Ujejskiego","number":"16a","postal_code":"51-141","source_objectid":10286},"geometry":{"type":"Point","coordinates":[17.044355571883738,51.140339989531284]}},{"type":"Feature","properties":{"district":1,"street":"Bolesława Krzywoustego","number":"33b","postal_code":"51-165","source_objectid":10291},"geometry":{"type":"Point","coordinates":[17.071790617520204,51.13672432432402]}},{"type":"Feature","properties":{"district":3,"street":"Wincentego Pola","number":"45","postal_code":"51-140","source_objectid":10292},"geometry":{"type":"Point","coordinates":[17.04293727769139,51.14033013587093]}},{"type":"Feature","properties":{"district":3,"street":"Kazimierza Brodzińskiego","number":"15","postal_code":"51-112","source_objectid":10302},"geometry":{"type":"Point","coordinates":[17.03680009861978,51.141652660543045]}},{"type":"Feature","properties":{"district":5,"street":"Serbska","number":"20","postal_code":"51-111","source_objectid":10304},"geometry":{"type":"Point","coordinates":[17.01822930620971,51.136372509936805]}},{"type":"Feature","properties":{"district":1,"street":"Bolesława Krzywoustego","number":"73","postal_code":"51-166","source_objectid":10331},"geometry":{"type":"Point","coordinates":[17.075922032370723,51.13806762144185]}},{"type":"Feature","properties":{"district":1,"street":"Adolfa Dygasińskiego","number":"1","postal_code":"51-153","source_objectid":10332},"geometry":{"type":"Point","coordinates":[17.05421269414455,51.13624724337304]}},{"type":"Feature","properties":{"district":5,"street":"Zaułek Rogoziński","number":"8a","postal_code":"51-116","source_objectid":10349},"geometry":{"type":"Point","coordinates":[17.031259907922895,51.14161620650996]}},{"type":"Feature","properties":{"district":4,"street":"Zawalna","number":"9b","postal_code":"51-118","source_objectid":10353},"geometry":{"type":"Point","coordinates":[17.03812878658126,51.13482541172319]}},{"type":"Feature","properties":{"district":1,"street":"Adama Asnyka","number":"31","postal_code":"51-143","source_objectid":10379},"geometry":{"type":"Point","coordinates":[17.055933166431302,51.14146995690587]}},{"type":"Feature","properties":{"district":3,"street":"Henryka Michała Kamieńskiego","number":"64","postal_code":"51-124","source_objectid":10391},"geometry":{"type":"Point","coordinates":[17.039762728062318,51.14729715602194]}},{"type":"Feature","properties":{"district":4,"street":"Rowerowa","number":"5","postal_code":"51-138","source_objectid":10397},"geometry":{"type":"Point","coordinates":[17.037151420010172,51.13710441789876]}},{"type":"Feature","properties":{"district":1,"street":"Bydgoska","number":"12","postal_code":"51-164","source_objectid":10407},"geometry":{"type":"Point","coordinates":[17.063611104055195,51.1305162001636]}},{"type":"Feature","properties":{"district":2,"street":"Piotra Czajkowskiego","number":"107","postal_code":"51-147","source_objectid":10408},"geometry":{"type":"Point","coordinates":[17.056291234605283,51.142021942561556]}},{"type":"Feature","properties":{"district":1,"street":"Tadeusza Zelenaya","number":"15a","postal_code":"51-140","source_objectid":10458},"geometry":{"type":"Point","coordinates":[17.046076194173562,51.13815374003695]}},{"type":"Feature","properties":{"district":5,"street":"Łużycka","number":"18","postal_code":"51-111","source_objectid":10484},"geometry":{"type":"Point","coordinates":[17.017959348204247,51.137490409344075]}},{"type":"Feature","properties":{"district":1,"street":"Galla Anonima","number":"2b","postal_code":"51-162","source_objectid":10514},"geometry":{"type":"Point","coordinates":[17.059740196745043,51.13110089653014]}},{"type":"Feature","properties":{"district":5,"street":"Bałtycka","number":"15","postal_code":"51-109","source_objectid":10516},"geometry":{"type":"Point","coordinates":[17.03223076892251,51.1392828449182]}},{"type":"Feature","properties":{"district":1,"street":"Tadeusza Boya-Żeleńskiego","number":"39","postal_code":"51-160","source_objectid":10542},"geometry":{"type":"Point","coordinates":[17.05683556048906,51.1351371146242]}},{"type":"Feature","properties":{"district":2,"street":"Jana Kasprowicza","number":"79","postal_code":"51-136","source_objectid":10544},"geometry":{"type":"Point","coordinates":[17.051249947277356,51.13741100267973]}},{"type":"Feature","properties":{"district":5,"street":"Teodora Parnickiego","number":"20","postal_code":"51-116","source_objectid":10545},"geometry":{"type":"Point","coordinates":[17.03030125803767,51.140367177935495]}},{"type":"Feature","properties":{"district":1,"street":"Giżycka","number":"50","postal_code":"51-163","source_objectid":10562},"geometry":{"type":"Point","coordinates":[17.074230135604257,51.132390330727716]}},{"type":"Feature","properties":{"district":2,"street":"Piotra Czajkowskiego","number":"47a","postal_code":"51-171","source_objectid":10569},"geometry":{"type":"Point","coordinates":[17.06574363337155,51.14029532059429]}},{"type":"Feature","properties":{"district":3,"street":"Henryka Michała Kamieńskiego","number":"160","postal_code":"51-124","source_objectid":10584},"geometry":{"type":"Point","coordinates":[17.04145155607669,51.149069956579595]}},{"type":"Feature","properties":{"district":3,"street":"Ignacego Chrzanowskiego","number":"100","postal_code":"51-141","source_objectid":10666},"geometry":{"type":"Point","coordinates":[17.043116853668874,51.14250212020895]}},{"type":"Feature","properties":{"district":3,"street":"Henryka Michała Kamieńskiego","number":"28","postal_code":"51-124","source_objectid":10667},"geometry":{"type":"Point","coordinates":[17.03630751152629,51.14221843836538]}},{"type":"Feature","properties":{"district":3,"street":"Henryka Michała Kamieńskiego","number":"140","postal_code":"51-124","source_objectid":10671},"geometry":{"type":"Point","coordinates":[17.042367830219174,51.14879569121804]}},{"type":"Feature","properties":{"district":2,"street":"Stanisława Przybyszewskiego","number":"114","postal_code":"51-148","source_objectid":10682},"geometry":{"type":"Point","coordinates":[17.06312680013447,51.141890651367135]}},{"type":"Feature","properties":{"district":5,"street":"Serbska","number":"8","postal_code":"51-111","source_objectid":10691},"geometry":{"type":"Point","coordinates":[17.02008731310392,51.135026554269736]}},{"type":"Feature","properties":{"district":3,"street":"Roberta Kocha","number":"4","postal_code":"51-112","source_objectid":10741},"geometry":{"type":"Point","coordinates":[17.040352642001675,51.14177421468104]}},{"type":"Feature","properties":{"district":5,"street":"Jugosłowiańska","number":"130a","postal_code":"51-112","source_objectid":10757},"geometry":{"type":"Point","coordinates":[17.02000814856702,51.13775561101531]}},{"type":"Feature","properties":{"district":3,"street":"Maurycego Mochnackiego","number":"25","postal_code":"51-122","source_objectid":10759},"geometry":{"type":"Point","coordinates":[17.038031244439022,51.142284535121725]}},{"type":"Feature","properties":{"district":5,"street":"Jugosłowiańska","number":"128a","postal_code":"51-112","source_objectid":10765},"geometry":{"type":"Point","coordinates":[17.02007278975413,51.137718674763036]}},{"type":"Feature","properties":{"district":1,"street":"Tadeusza Boya-Żeleńskiego","number":"44","postal_code":"51-160","source_objectid":10786},"geometry":{"type":"Point","coordinates":[17.058837554412765,51.13461149112067]}},{"type":"Feature","properties":{"district":1,"street":"Adama Asnyka","number":"26","postal_code":"51-143","source_objectid":10861},"geometry":{"type":"Point","coordinates":[17.05259093094915,51.14021980035794]}},{"type":"Feature","properties":{"district":5,"street":"Jugosłowiańska","number":"73","postal_code":"51-112","source_objectid":10907},"geometry":{"type":"Point","coordinates":[17.02340582265596,51.136967106168726]}},{"type":"Feature","properties":{"district":3,"street":"Roberta Kocha","number":"3b","postal_code":"51-112","source_objectid":10957},"geometry":{"type":"Point","coordinates":[17.040541909211573,51.14214908940344]}},{"type":"Feature","properties":{"district":1,"street":"bp. Ignacego Krasickiego","number":"13-15","postal_code":"51-144","source_objectid":10959},"geometry":{"type":"Point","coordinates":[17.0568645854361,51.14000953605384]}},{"type":"Feature","properties":{"district":4,"street":"Obornicka","number":"28","postal_code":"51-113","source_objectid":10962},"geometry":{"type":"Point","coordinates":[17.03310129573953,51.135293838312194]}},{"type":"Feature","properties":{"district":3,"street":"Filomatów","number":"9","postal_code":"51-142","source_objectid":10984},"geometry":{"type":"Point","coordinates":[17.05034146620673,51.142346816842846]}},{"type":"Feature","properties":{"district":3,"street":"Kornela Makuszyńskiego","number":"7","postal_code":"51-142","source_objectid":10991},"geometry":{"type":"Point","coordinates":[17.052472425641966,51.142375148654395]}},{"type":"Feature","properties":{"district":1,"street":"Toruńska","number":"4b","postal_code":"51-164","source_objectid":11008},"geometry":{"type":"Point","coordinates":[17.067082005231956,51.13185739930953]}},{"type":"Feature","properties":{"district":3,"street":"Krzysztofa Kamila Baczyńskiego","number":"13","postal_code":"51-122","source_objectid":11013},"geometry":{"type":"Point","coordinates":[17.03939081938053,51.142072721731545]}},{"type":"Feature","properties":{"district":5,"street":"Łużycka","number":"20","postal_code":"51-111","source_objectid":11019},"geometry":{"type":"Point","coordinates":[17.01842229405782,51.13782390175331]}},{"type":"Feature","properties":{"district":1,"street":"Kazimierza Przerwy-Tetmajera","number":"5","postal_code":"51-153","source_objectid":11022},"geometry":{"type":"Point","coordinates":[17.050774533974344,51.136018568459]}},{"type":"Feature","properties":{"district":5,"street":"Osobowicka","number":"48","postal_code":"51-110","source_objectid":11037},"geometry":{"type":"Point","coordinates":[17.010116890629085,51.13447898960344]}},{"type":"Feature","properties":{"district":2,"street":"Jana Kasprowicza","number":"89","postal_code":"51-146","source_objectid":11060},"geometry":{"type":"Point","coordinates":[17.054164710306328,51.13776482841624]}},{"type":"Feature","properties":{"district":5,"street":"Morawska","number":"18","postal_code":"51-111","source_objectid":11061},"geometry":{"type":"Point","coordinates":[17.020411278118143,51.13629524669729]}},{"type":"Feature","properties":{"district":2,"street":"Sportowa","number":"43","postal_code":"51-149","source_objectid":11064},"geometry":{"type":"Point","coordinates":[17.06479300778859,51.145025257145875]}},{"type":"Feature","properties":{"district":5,"street":"Czeska","number":"10a","postal_code":"51-112","source_objectid":11079},"geometry":{"type":"Point","coordinates":[17.023512886389327,51.13468054479187]}},{"type":"Feature","properties":{"district":1,"street":"Wacława Berenta","number":"65","postal_code":"51-152","source_objectid":11090},"geometry":{"type":"Point","coordinates":[17.059597539753696,51.137404474441844]}},{"type":"Feature","properties":{"district":5,"street":"Chorwacka","number":"15","postal_code":"51-107","source_objectid":11126},"geometry":{"type":"Point","coordinates":[17.025286728238786,51.136342185420744]}},{"type":"Feature","properties":{"district":5,"street":"Serbska","number":"16a","postal_code":"51-111","source_objectid":11129},"geometry":{"type":"Point","coordinates":[17.01865969862722,51.136062032342544]}},{"type":"Feature","properties":{"district":1,"street":"Stanisława Piętaka","number":"12","postal_code":"51-141","source_objectid":11142},"geometry":{"type":"Point","coordinates":[17.049494623505524,51.13830470377129]}},{"type":"Feature","properties":{"district":4,"street":"Na Polance","number":"12b","postal_code":"51-109","source_objectid":11151},"geometry":{"type":"Point","coordinates":[17.0324699956923,51.133339317568485]}},{"type":"Feature","properties":{"district":1,"street":"bp. Ignacego Krasickiego","number":"10","postal_code":"51-144","source_objectid":11153},"geometry":{"type":"Point","coordinates":[17.05700616943599,51.13944991314966]}},{"type":"Feature","properties":{"district":5,"street":"Osobowicka","number":"47a","postal_code":"51-110","source_objectid":11163},"geometry":{"type":"Point","coordinates":[17.01497553717393,51.13492757833257]}},{"type":"Feature","properties":{"district":5,"street":"Jugosłowiańska","number":"113","postal_code":"51-112","source_objectid":11168},"geometry":{"type":"Point","coordinates":[17.02211879238218,51.13873284328343]}},{"type":"Feature","properties":{"district":4,"street":"Obornicka","number":"195","postal_code":"51-114","source_objectid":11173},"geometry":{"type":"Point","coordinates":[17.017194081585274,51.15167314884053]}},{"type":"Feature","properties":{"district":2,"street":"Stanisława Przybyszewskiego","number":"38","postal_code":"51-151","source_objectid":11180},"geometry":{"type":"Point","coordinates":[17.060295038676998,51.137294743849424]}},{"type":"Feature","properties":{"district":3,"street":"Henryka Michała Kamieńskiego","number":"61a","postal_code":"51-124","source_objectid":11188},"geometry":{"type":"Point","coordinates":[17.042640002298807,51.14621585391015]}},{"type":"Feature","properties":{"district":3,"street":"Jana Brzechwy","number":"14","postal_code":"51-141","source_objectid":11195},"geometry":{"type":"Point","coordinates":[17.04619451810129,51.1398578830755]}},{"type":"Feature","properties":{"district":1,"street":"Adolfa Dygasińskiego","number":"6","postal_code":"51-153","source_objectid":11211},"geometry":{"type":"Point","coordinates":[17.05432051419997,51.13595436966286]}},{"type":"Feature","properties":{"district":3,"street":"Henryka Michała Kamieńskiego","number":"57","postal_code":"51-124","source_objectid":11217},"geometry":{"type":"Point","coordinates":[17.04249150159525,51.14606631827932]}},{"type":"Feature","properties":{"district":3,"street":"Ignacego Chrzanowskiego","number":"18","postal_code":"51-147","source_objectid":11221},"geometry":{"type":"Point","coordinates":[17.051333654802015,51.142669856865545]}},{"type":"Feature","properties":{"district":2,"street":"Stanisława Przybyszewskiego","number":"13","postal_code":"51-151","source_objectid":11229},"geometry":{"type":"Point","coordinates":[17.06048511018344,51.135234245171425]}},{"type":"Feature","properties":{"district":5,"street":"Bezpieczna","number":"52","postal_code":"51-114","source_objectid":11232},"geometry":{"type":"Point","coordinates":[17.0203436765005,51.13858541686603]}},{"type":"Feature","properties":{"district":1,"street":"Wacława Potockiego","number":"10","postal_code":"51-153","source_objectid":11254},"geometry":{"type":"Point","coordinates":[17.051724215241183,51.13663777531588]}},{"type":"Feature","properties":{"district":2,"street":"Stanisława Przybyszewskiego","number":"3","postal_code":"51-151","source_objectid":11255},"geometry":{"type":"Point","coordinates":[17.059599249913347,51.13452232825816]}},{"type":"Feature","properties":{"district":5,"street":"Jugosłowiańska","number":"105","postal_code":"51-112","source_objectid":11261},"geometry":{"type":"Point","coordinates":[17.022183559217147,51.13828612233379]}},{"type":"Feature","properties":{"district":2,"street":"Jana Kasprowicza","number":"88","postal_code":"51-145","source_objectid":11270},"geometry":{"type":"Point","coordinates":[17.055868691995475,51.13840768279985]}},{"type":"Feature","properties":{"district":4,"street":"ks. Norberta Bonczyka","number":"1-3","postal_code":"51-138","source_objectid":11275},"geometry":{"type":"Point","coordinates":[17.039466109096388,51.13499232872671]}},{"type":"Feature","properties":{"district":4,"street":"Jana Kasprowicza","number":"20","postal_code":"51-137","source_objectid":11284},"geometry":{"type":"Point","coordinates":[17.039738827274846,51.13644328680703]}},{"type":"Feature","properties":{"district":1,"street":"Marcina Kromera","number":"23f","postal_code":"51-163","source_objectid":11306},"geometry":{"type":"Point","coordinates":[17.06641013949232,51.132217808333216]}},{"type":"Feature","properties":{"district":2,"street":"Sołtysowicka","number":"2a","postal_code":"51-168","source_objectid":11318},"geometry":{"type":"Point","coordinates":[17.06758608500136,51.13888453809265]}},{"type":"Feature","properties":{"district":1,"street":"Wacława Potockiego","number":"45","postal_code":"51-153","source_objectid":11324},"geometry":{"type":"Point","coordinates":[17.055961674061354,51.134454644706885]}},{"type":"Feature","properties":{"district":1,"street":"Wacława Berenta","number":"54","postal_code":"51-152","source_objectid":11357},"geometry":{"type":"Point","coordinates":[17.059188308692125,51.137612655393006]}},{"type":"Feature","properties":{"district":1,"street":"Bolesława Krzywoustego","number":"19b","postal_code":"51-165","source_objectid":11374},"geometry":{"type":"Point","coordinates":[17.07072872823808,51.136374186590395]}},{"type":"Feature","properties":{"district":3,"street":"Tadeusza Gajcego","number":"39","postal_code":"51-143","source_objectid":11389},"geometry":{"type":"Point","coordinates":[17.049535405471232,51.140742653827786]}},{"type":"Feature","properties":{"district":2,"street":"Jana Kasprowicza","number":"36","postal_code":"51-137","source_objectid":11393},"geometry":{"type":"Point","coordinates":[17.044334910191598,51.137003987921396]}},{"type":"Feature","properties":{"district":3,"street":"Mieczysława Romanowskiego","number":"33","postal_code":"51-122","source_objectid":11428},"geometry":{"type":"Point","coordinates":[17.041027571576493,51.141328048103716]}},{"type":"Feature","properties":{"district":4,"street":"Żmigrodzka","number":"19","postal_code":"51-118","source_objectid":11450},"geometry":{"type":"Point","coordinates":[17.03700738514994,51.13667376931378]}},{"type":"Feature","properties":{"district":3,"street":"Tadeusza Gajcego","number":"6","postal_code":"51-143","source_objectid":11460},"geometry":{"type":"Point","coordinates":[17.04851935918511,51.13929361879482]}},{"type":"Feature","properties":{"district":5,"street":"Czeska","number":"5b","postal_code":"51-112","source_objectid":11465},"geometry":{"type":"Point","coordinates":[17.023428373131907,51.13391978098852]}},{"type":"Feature","properties":{"district":5,"street":"Lutycka","number":"2","postal_code":"51-112","source_objectid":11474},"geometry":{"type":"Point","coordinates":[17.025593354317778,51.133455849815135]}},{"type":"Feature","properties":{"district":5,"street":"Czeska","number":"40","postal_code":"51-112","source_objectid":11481},"geometry":{"type":"Point","coordinates":[17.02831578922273,51.13735543599931]}},{"type":"Feature","properties":{"district":5,"street":"Bułgarska","number":"8","postal_code":"51-112","source_objectid":11489},"geometry":{"type":"Point","coordinates":[17.02688239359587,51.13551267496447]}},{"type":"Feature","properties":{"district":4,"street":"Obornicka","number":"26","postal_code":"51-113","source_objectid":11520},"geometry":{"type":"Point","coordinates":[17.033274758595656,51.13511598259934]}},{"type":"Feature","properties":{"district":1,"street":"Wacława Berenta","number":"42a","postal_code":"51-152","source_objectid":11522},"geometry":{"type":"Point","coordinates":[17.05827126753331,51.137240951578505]}},{"type":"Feature","properties":{"district":5,"street":"Bułgarska","number":"7","postal_code":"51-112","source_objectid":11526},"geometry":{"type":"Point","coordinates":[17.027370114805837,51.13560216993375]}},{"type":"Feature","properties":{"district":2,"street":"Piotra Czajkowskiego","number":"88","postal_code":"51-147","source_objectid":11575},"geometry":{"type":"Point","coordinates":[17.058756424434193,51.141135491186105]}},{"type":"Feature","properties":{"district":2,"street":"Piotra Czajkowskiego","number":"53","postal_code":"51-171","source_objectid":11593},"geometry":{"type":"Point","coordinates":[17.064922626912658,51.140380004102184]}},{"type":"Feature","properties":{"district":1,"street":"bp. Ignacego Krasickiego","number":"11a","postal_code":"51-144","source_objectid":11633},"geometry":{"type":"Point","coordinates":[17.057153093849152,51.139816993920185]}},{"type":"Feature","properties":{"district":5,"street":"Serbska","number":"5","postal_code":"51-111","source_objectid":11653},"geometry":{"type":"Point","coordinates":[17.020795032328515,51.13459520683986]}},{"type":"Feature","properties":{"district":3,"street":"Henryka Michała Kamieńskiego","number":"29","postal_code":"51-124","source_objectid":11674},"geometry":{"type":"Point","coordinates":[17.03721109757295,51.14222614995479]}},{"type":"Feature","properties":{"district":3,"street":"Kornela Makuszyńskiego","number":"21","postal_code":"51-142","source_objectid":11675},"geometry":{"type":"Point","coordinates":[17.051273483310965,51.14241295739214]}},{"type":"Feature","properties":{"district":1,"street":"Łąka Mazurska","number":"1","postal_code":"51-164","source_objectid":11679},"geometry":{"type":"Point","coordinates":[17.06466625564698,51.130310097141894]}},{"type":"Feature","properties":{"district":5,"street":"Serbska","number":"18","postal_code":"51-111","source_objectid":11682},"geometry":{"type":"Point","coordinates":[17.01846510708948,51.13617686942208]}},{"type":"Feature","properties":{"district":2,"street":"Sportowa","number":"24a","postal_code":"51-149","source_objectid":11685},"geometry":{"type":"Point","coordinates":[17.063521685423808,51.14440308891259]}},{"type":"Feature","properties":{"district":1,"street":"Wacława Potockiego","number":"26","postal_code":"51-153","source_objectid":11693},"geometry":{"type":"Point","coordinates":[17.054237455895443,51.13551993866527]}},{"type":"Feature","properties":{"district":2,"street":"Sportowa","number":"39","postal_code":"51-149","source_objectid":11721},"geometry":{"type":"Point","coordinates":[17.064802465407865,51.14473548028574]}},{"type":"Feature","properties":{"district":2,"street":"Stanisława Przybyszewskiego","number":"32","postal_code":"51-151","source_objectid":11723},"geometry":{"type":"Point","coordinates":[17.06019133873844,51.13681491561779]}},{"type":"Feature","properties":{"district":3,"street":"Jana Brzechwy","number":"18","postal_code":"51-141","source_objectid":11725},"geometry":{"type":"Point","coordinates":[17.04613124996672,51.140087699706655]}},{"type":"Feature","properties":{"district":5,"street":"Bułgarska","number":"13","postal_code":"51-112","source_objectid":11733},"geometry":{"type":"Point","coordinates":[17.027429488216086,51.13587198491918]}},{"type":"Feature","properties":{"district":3,"street":"Kornela Makuszyńskiego","number":"8","postal_code":"51-142","source_objectid":11778},"geometry":{"type":"Point","coordinates":[17.05211698139088,51.142126950277934]}},{"type":"Feature","properties":{"district":3,"street":"Wincentego Pola","number":"50","postal_code":"51-123","source_objectid":11787},"geometry":{"type":"Point","coordinates":[17.041436183702572,51.14208195207454]}},{"type":"Feature","properties":{"district":5,"street":"Serbska","number":"21a","postal_code":"51-111","source_objectid":11793},"geometry":{"type":"Point","coordinates":[17.018806014464378,51.13634188564677]}},{"type":"Feature","properties":{"district":3,"street":"Wacława Gąsiorowskiego","number":"32","postal_code":"51-142","source_objectid":11811},"geometry":{"type":"Point","coordinates":[17.044817147169674,51.143601102494415]}},{"type":"Feature","properties":{"district":3,"street":"Władysława Syrokomli","number":"40","postal_code":"51-141","source_objectid":11834},"geometry":{"type":"Point","coordinates":[17.047256976007215,51.1406855623248]}},{"type":"Feature","properties":{"district":3,"street":"Maurycego Mochnackiego","number":"6","postal_code":"51-122","source_objectid":11849},"geometry":{"type":"Point","coordinates":[17.0386734798836,51.14134157015438]}},{"type":"Feature","properties":{"district":3,"street":"Wincentego Pola","number":"75","postal_code":"51-123","source_objectid":11904},"geometry":{"type":"Point","coordinates":[17.04093291046023,51.1431915573739]}},{"type":"Feature","properties":{"district":5,"street":"Serbska","number":"23","postal_code":"51-111","source_objectid":11905},"geometry":{"type":"Point","coordinates":[17.018634345953807,51.136453148654915]}},{"type":"Feature","properties":{"district":3,"street":"Kornela Ujejskiego","number":"20a","postal_code":"51-141","source_objectid":11925},"geometry":{"type":"Point","coordinates":[17.04470927180694,51.14087565927748]}},{"type":"Feature","properties":{"district":3,"street":"Jana Brzechwy","number":"3","postal_code":"51-141","source_objectid":11926},"geometry":{"type":"Point","coordinates":[17.04681602536959,51.138851426424026]}},{"type":"Feature","properties":{"district":5,"street":"Chorwacka","number":"64","postal_code":"51-107","source_objectid":11927},"geometry":{"type":"Point","coordinates":[17.023390396073484,51.13922549415112]}},{"type":"Feature","properties":{"district":3,"street":"Kornela Makuszyńskiego","number":"25","postal_code":"51-142","source_objectid":11969},"geometry":{"type":"Point","coordinates":[17.050961338882637,51.14239856758349]}},{"type":"Feature","properties":{"district":4,"street":"Obornicka","number":"187","postal_code":"51-114","source_objectid":11978},"geometry":{"type":"Point","coordinates":[17.019464151060934,51.15021010626598]}},{"type":"Feature","properties":{"district":1,"street":"marsz. Józefa Piłsudskiego","number":"5","postal_code":"51-152","source_objectid":11979},"geometry":{"type":"Point","coordinates":[17.055777016832064,51.13757447501838]}},{"type":"Feature","properties":{"district":5,"street":"Bałkańska","number":"1","postal_code":"51-111","source_objectid":11989},"geometry":{"type":"Point","coordinates":[17.019073000286728,51.135284055131024]}},{"type":"Feature","properties":{"district":3,"street":"Jana Brzechwy","number":"25","postal_code":"51-141","source_objectid":11990},"geometry":{"type":"Point","coordinates":[17.04651197470626,51.14006855489328]}},{"type":"Feature","properties":{"district":1,"street":"Wacława Berenta","number":"44","postal_code":"51-152","source_objectid":11994},"geometry":{"type":"Point","coordinates":[17.05886113255797,51.137272210311274]}},{"type":"Feature","properties":{"district":1,"street":"bp. Ignacego Krasickiego","number":"20a","postal_code":"51-144","source_objectid":12036},"geometry":{"type":"Point","coordinates":[17.055867735133962,51.14033766052104]}},{"type":"Feature","properties":{"district":3,"street":"Kornela Ujejskiego","number":"15","postal_code":"51-141","source_objectid":12043},"geometry":{"type":"Point","coordinates":[17.04519531010532,51.14029952663666]}},{"type":"Feature","properties":{"district":4,"street":"Kępińska","number":"7a","postal_code":"51-132","source_objectid":12046},"geometry":{"type":"Point","coordinates":[17.03399134251129,51.14494725803681]}},{"type":"Feature","properties":{"district":3,"street":"Ignacego Chrzanowskiego","number":"58","postal_code":"51-141","source_objectid":12053},"geometry":{"type":"Point","coordinates":[17.047327206703695,51.1427102596314]}},{"type":"Feature","properties":{"district":1,"street":"Tadeusza Boya-Żeleńskiego","number":"9","postal_code":"51-160","source_objectid":12059},"geometry":{"type":"Point","coordinates":[17.053300017628693,51.13684404390771]}},{"type":"Feature","properties":{"district":1,"street":"Grudziądzka","number":"104","postal_code":"51-165","source_objectid":12061},"geometry":{"type":"Point","coordinates":[17.075626130597467,51.13738338365809]}},{"type":"Feature","properties":{"district":1,"street":"Wacława Berenta","number":"50","postal_code":"51-152","source_objectid":12066},"geometry":{"type":"Point","coordinates":[17.059008607811062,51.13742631974929]}},{"type":"Feature","properties":{"district":2,"street":"Jana Kasprowicza","number":"62b","postal_code":"51-137","source_objectid":12076},"geometry":{"type":"Point","coordinates":[17.05091521533276,51.13813749065657]}},{"type":"Feature","properties":{"district":5,"street":"Bułgarska","number":"12","postal_code":"51-112","source_objectid":12077},"geometry":{"type":"Point","coordinates":[17.02694223566634,51.13569615741653]}},{"type":"Feature","properties":{"district":2,"street":"Jana Kasprowicza","number":"83","postal_code":"51-136","source_objectid":12098},"geometry":{"type":"Point","coordinates":[17.05182371031606,51.13746995327962]}},{"type":"Feature","properties":{"district":2,"street":"Stanisława Przybyszewskiego","number":"21","postal_code":"51-151","source_objectid":12104},"geometry":{"type":"Point","coordinates":[17.060473899990452,51.135844318044214]}},{"type":"Feature","properties":{"district":1,"street":"gen. Józefa Wybickiego","number":"13","postal_code":"51-144","source_objectid":12111},"geometry":{"type":"Point","coordinates":[17.055050625291145,51.139310126194005]}},{"type":"Feature","properties":{"district":5,"street":"Czeska","number":"28","postal_code":"51-112","source_objectid":12140},"geometry":{"type":"Point","coordinates":[17.02597055783758,51.1360846295724]}},{"type":"Feature","properties":{"district":5,"street":"Jugosłowiańska","number":"128","postal_code":"51-112","source_objectid":12141},"geometry":{"type":"Point","coordinates":[17.02052723198826,51.13787613290571]}},{"type":"Feature","properties":{"district":1,"street":"Adama Asnyka","number":"27","postal_code":"51-143","source_objectid":12142},"geometry":{"type":"Point","coordinates":[17.055059632550794,51.14105974424403]}},{"type":"Feature","properties":{"district":5,"street":"Łużycka","number":"15","postal_code":"51-111","source_objectid":12159},"geometry":{"type":"Point","coordinates":[17.01828700235383,51.13734081240568]}},{"type":"Feature","properties":{"district":2,"street":"Jana Kasprowicza","number":"46a","postal_code":"51-137","source_objectid":12161},"geometry":{"type":"Point","coordinates":[17.047161792915986,51.13735274852218]}},{"type":"Feature","properties":{"district":2,"street":"Piotra Czajkowskiego","number":"63","postal_code":"51-171","source_objectid":12173},"geometry":{"type":"Point","coordinates":[17.064536226532695,51.139664935203015]}},{"type":"Feature","properties":{"district":3,"street":"Tadeusza Gajcego","number":"28","postal_code":"51-143","source_objectid":12174},"geometry":{"type":"Point","coordinates":[17.049261497519282,51.140757637279684]}},{"type":"Feature","properties":{"district":3,"street":"Wacława Gąsiorowskiego","number":"40","postal_code":"51-142","source_objectid":12213},"geometry":{"type":"Point","coordinates":[17.04524057791928,51.14360743655607]}},{"type":"Feature","properties":{"district":5,"street":"Czeska","number":"23","postal_code":"51-112","source_objectid":12215},"geometry":{"type":"Point","coordinates":[17.025788875847052,51.13563105322316]}},{"type":"Feature","properties":{"district":1,"street":"Adama Asnyka","number":"9","postal_code":"51-143","source_objectid":12224},"geometry":{"type":"Point","coordinates":[17.052966082050876,51.13931293442133]}},{"type":"Feature","properties":{"district":5,"street":"Łużycka","number":"13","postal_code":"51-111","source_objectid":12259},"geometry":{"type":"Point","coordinates":[17.018218396418074,51.1371977368553]}},{"type":"Feature","properties":{"district":4,"street":"Ligocka","number":"2","postal_code":"51-116","source_objectid":12276},"geometry":{"type":"Point","coordinates":[17.029391530174383,51.14448427103799]}},{"type":"Feature","properties":{"district":3,"street":"Kornela Makuszyńskiego","number":"23","postal_code":"51-142","source_objectid":12284},"geometry":{"type":"Point","coordinates":[17.051193659274926,51.14240159419966]}},{"type":"Feature","properties":{"district":1,"street":"Ludwika Nabielaka","number":"23","postal_code":"51-140","source_objectid":12306},"geometry":{"type":"Point","coordinates":[17.0472537665875,51.138523509134835]}},{"type":"Feature","properties":{"district":1,"street":"Tadeusza Boya-Żeleńskiego","number":"13","postal_code":"51-160","source_objectid":12307},"geometry":{"type":"Point","coordinates":[17.053730808353198,51.13670055861826]}},{"type":"Feature","properties":{"district":3,"street":"Marii Konopnickiej","number":"37a","postal_code":"51-142","source_objectid":12312},"geometry":{"type":"Point","coordinates":[17.05197607771039,51.14149336030522]}},{"type":"Feature","properties":{"district":1,"street":"Zenona Miriama Przesmyckiego","number":"32","postal_code":"51-151","source_objectid":12314},"geometry":{"type":"Point","coordinates":[17.066409780565895,51.13804396259692]}},{"type":"Feature","properties":{"district":1,"street":"bp. Ignacego Krasickiego","number":"29","postal_code":"51-144","source_objectid":12358},"geometry":{"type":"Point","coordinates":[17.056384454067516,51.14111910157412]}},{"type":"Feature","properties":{"district":3,"street":"Marii Konopnickiej","number":"9c","postal_code":"51-141","source_objectid":12364},"geometry":{"type":"Point","coordinates":[17.043508638567864,51.14077279447543]}},{"type":"Feature","properties":{"district":3,"street":"Henryka Michała Kamieńskiego","number":"92","postal_code":"51-124","source_objectid":12381},"geometry":{"type":"Point","coordinates":[17.041188236813095,51.146716676474945]}},{"type":"Feature","properties":{"district":5,"street":"Teodora Parnickiego","number":"1","postal_code":"51-116","source_objectid":12390},"geometry":{"type":"Point","coordinates":[17.0293273584848,51.13921065290245]}},{"type":"Feature","properties":{"district":5,"street":"Morawska","number":"11","postal_code":"51-111","source_objectid":12394},"geometry":{"type":"Point","coordinates":[17.021958987591617,51.13572695571172]}},{"type":"Feature","properties":{"district":4,"street":"Obornicka","number":"191","postal_code":"51-114","source_objectid":12420},"geometry":{"type":"Point","coordinates":[17.019083726787002,51.15006563519245]}},{"type":"Feature","properties":{"district":2,"street":"Koszarowa","number":"8i","postal_code":"51-149","source_objectid":12421},"geometry":{"type":"Point","coordinates":[17.06528873245462,51.141164417233185]}},{"type":"Feature","properties":{"district":3,"street":"Kazimierza Brodzińskiego","number":"4","postal_code":"51-112","source_objectid":12441},"geometry":{"type":"Point","coordinates":[17.036883023612095,51.14124215706146]}},{"type":"Feature","properties":{"district":2,"street":"Koszarowa","number":"7","postal_code":"51-149","source_objectid":12464},"geometry":{"type":"Point","coordinates":[17.061644198601574,51.14278049747525]}},{"type":"Feature","properties":{"district":3,"street":"Kornela Ujejskiego","number":"6","postal_code":"51-141","source_objectid":12465},"geometry":{"type":"Point","coordinates":[17.04509524096846,51.139277656925394]}},{"type":"Feature","properties":{"district":3,"street":"Jutrosińska","number":"22","postal_code":"51-124","source_objectid":12466},"geometry":{"type":"Point","coordinates":[17.045190000563448,51.14688095896309]}},{"type":"Feature","properties":{"district":5,"street":"Morawska","number":"30","postal_code":"51-111","source_objectid":12482},"geometry":{"type":"Point","coordinates":[17.018900514839306,51.13734536745647]}},{"type":"Feature","properties":{"district":2,"street":"Jana Kasprowicza","number":"96","postal_code":"51-145","source_objectid":12533},"geometry":{"type":"Point","coordinates":[17.057674042432605,51.138606575596725]}},{"type":"Feature","properties":{"district":4,"street":"Obornicka","number":"39","postal_code":"51-113","source_objectid":12541},"geometry":{"type":"Point","coordinates":[17.031592418177727,51.13754917421917]}},{"type":"Feature","properties":{"district":3,"street":"Jana Brzechwy","number":"6","postal_code":"51-141","source_objectid":12542},"geometry":{"type":"Point","coordinates":[17.046375612291293,51.13901048578537]}},{"type":"Feature","properties":{"district":2,"street":"Koszarowa","number":"36","postal_code":"51-149","source_objectid":12556},"geometry":{"type":"Point","coordinates":[17.061909466387988,51.14189355997813]}},{"type":"Feature","properties":{"district":2,"street":"Stanisława Przybyszewskiego","number":"82","postal_code":"51-148","source_objectid":12561},"geometry":{"type":"Point","coordinates":[17.060814550446874,51.13955118062807]}},{"type":"Feature","properties":{"district":2,"street":"Piotra Czajkowskiego","number":"62","postal_code":"51-171","source_objectid":12573},"geometry":{"type":"Point","coordinates":[17.061933626781784,51.140107891343504]}},{"type":"Feature","properties":{"district":3,"street":"Krzysztofa Kamila Baczyńskiego","number":"27","postal_code":"51-122","source_objectid":12586},"geometry":{"type":"Point","coordinates":[17.038852274852662,51.142580536036405]}},{"type":"Feature","properties":{"district":2,"street":"Koszarowa","number":"5","postal_code":"51-149","source_objectid":12604},"geometry":{"type":"Point","coordinates":[17.066602523245518,51.14277085916297]}},{"type":"Feature","properties":{"district":4,"street":"Żmigrodzka","number":"77","postal_code":"51-130","source_objectid":12661},"geometry":{"type":"Point","coordinates":[17.03287545250877,51.141123971281395]}},{"type":"Feature","properties":{"district":5,"street":"Bezpieczna","number":"41","postal_code":"51-114","source_objectid":12676},"geometry":{"type":"Point","coordinates":[17.022205158698235,51.14045774559458]}},{"type":"Feature","properties":{"district":1,"street":"Adama Asnyka","number":"18","postal_code":"51-143","source_objectid":12678},"geometry":{"type":"Point","coordinates":[17.052453223587836,51.139500529425526]}},{"type":"Feature","properties":{"district":3,"street":"Ignacego Chrzanowskiego","number":"39","postal_code":"51-141","source_objectid":12684},"geometry":{"type":"Point","coordinates":[17.050109076940977,51.143312879752116]}},{"type":"Feature","properties":{"district":3,"street":"Kornela Ujejskiego","number":"16","postal_code":"51-141","source_objectid":12736},"geometry":{"type":"Point","coordinates":[17.044845813594595,51.140348120572575]}},{"type":"Feature","properties":{"district":3,"street":"Jana Brzechwy","number":"8a","postal_code":"51-141","source_objectid":12774},"geometry":{"type":"Point","coordinates":[17.046175805965362,51.13933189027369]}},{"type":"Feature","properties":{"district":2,"street":"Stanisława Przybyszewskiego","number":"82c","postal_code":"51-148","source_objectid":12802},"geometry":{"type":"Point","coordinates":[17.060169376619932,51.13973763888755]}},{"type":"Feature","properties":{"district":3,"street":"Jana Brzechwy","number":"3b","postal_code":"51-141","source_objectid":12812},"geometry":{"type":"Point","coordinates":[17.047142539631373,51.13888013910275]}},{"type":"Feature","properties":{"district":3,"street":"Henryka Michała Kamieńskiego","number":"28e","postal_code":"51-124","source_objectid":12823},"geometry":{"type":"Point","coordinates":[17.03662951996379,51.14240540589693]}},{"type":"Feature","properties":{"district":5,"street":"Bezpieczna","number":"10","postal_code":"51-114","source_objectid":12824},"geometry":{"type":"Point","coordinates":[17.023951744194957,51.14043299622187]}},{"type":"Feature","properties":{"district":5,"street":"Jugosłowiańska","number":"82","postal_code":"51-112","source_objectid":12840},"geometry":{"type":"Point","coordinates":[17.02310562359897,51.13604080344308]}},{"type":"Feature","properties":{"district":1,"street":"Bolesława Krzywoustego","number":"60","postal_code":"51-166","source_objectid":12852},"geometry":{"type":"Point","coordinates":[17.074975819379148,51.138664460147886]}},{"type":"Feature","properties":{"district":1,"street":"Bolesława Leśmiana","number":"10","postal_code":"51-141","source_objectid":12855},"geometry":{"type":"Point","coordinates":[17.048379851818186,51.14030030169072]}},{"type":"Feature","properties":{"district":5,"street":"Chorwacka","number":"54","postal_code":"51-107","source_objectid":12880},"geometry":{"type":"Point","coordinates":[17.024119049129617,51.138660904095325]}},{"type":"Feature","properties":{"district":4,"street":"ks. Norberta Bonczyka","number":"27","postal_code":"51-138","source_objectid":12881},"geometry":{"type":"Point","coordinates":[17.03874951929758,51.13755582747856]}},{"type":"Feature","properties":{"district":5,"street":"Morawska","number":"20a","postal_code":"51-111","source_objectid":12917},"geometry":{"type":"Point","coordinates":[17.02009084500527,51.13647498049823]}},{"type":"Feature","properties":{"district":4,"street":"Na Polance","number":"10c","postal_code":"51-109","source_objectid":12965},"geometry":{"type":"Point","coordinates":[17.033010306541055,51.133549523780765]}},{"type":"Feature","properties":{"district":1,"street":"Franciszka Karpińskiego","number":"27","postal_code":"51-144","source_objectid":12967},"geometry":{"type":"Point","coordinates":[17.054898993468548,51.14009125119813]}},{"type":"Feature","properties":{"district":3,"street":"Jana Brzechwy","number":"63-65","postal_code":"51-141","source_objectid":13031},"geometry":{"type":"Point","coordinates":[17.046106136645864,51.14203631423317]}},{"type":"Feature","properties":{"district":1,"street":"Tadeusza Boya-Żeleńskiego","number":"69b","postal_code":"51-162","source_objectid":13034},"geometry":{"type":"Point","coordinates":[17.061644450993654,51.13269185172929]}},{"type":"Feature","properties":{"district":3,"street":"Maurycego Mochnackiego","number":"12","postal_code":"51-122","source_objectid":13042},"geometry":{"type":"Point","coordinates":[17.038379299217514,51.141639927257906]}},{"type":"Feature","properties":{"district":1,"street":"Władysława Orkana","number":"3","postal_code":"51-153","source_objectid":13100},"geometry":{"type":"Point","coordinates":[17.050936756020377,51.13519193856273]}},{"type":"Feature","properties":{"district":1,"street":"Jana Długosza","number":"13","postal_code":"51-162","source_objectid":13101},"geometry":{"type":"Point","coordinates":[17.06073740390359,51.131701058034125]}},{"type":"Feature","properties":{"district":3,"street":"Jana Brzechwy","number":"2a","postal_code":"51-141","source_objectid":13142},"geometry":{"type":"Point","coordinates":[17.04643752137418,51.13881737161487]}},{"type":"Feature","properties":{"district":3,"street":"Marii Konopnickiej","number":"45","postal_code":"51-142","source_objectid":13143},"geometry":{"type":"Point","coordinates":[17.053058490067595,51.14159779690766]}},{"type":"Feature","properties":{"district":2,"street":"Sportowa","number":"32a","postal_code":"51-149","source_objectid":13163},"geometry":{"type":"Point","coordinates":[17.06381605113464,51.14479416593864]}},{"type":"Feature","properties":{"district":1,"street":"Wacława Berenta","number":"51","postal_code":"51-152","source_objectid":13168},"geometry":{"type":"Point","coordinates":[17.05914863376864,51.13694447791466]}},{"type":"Feature","properties":{"district":1,"street":"Bolesława Krzywoustego","number":"29","postal_code":"51-165","source_objectid":13189},"geometry":{"type":"Point","coordinates":[17.071275526741452,51.136222955459004]}},{"type":"Feature","properties":{"district":3,"street":"Mieczysława Romanowskiego","number":"52","postal_code":"51-122","source_objectid":13194},"geometry":{"type":"Point","coordinates":[17.041176094568854,51.14175354102394]}},{"type":"Feature","properties":{"district":1,"street":"Ludwika Nabielaka","number":"1","postal_code":"51-140","source_objectid":13195},"geometry":{"type":"Point","coordinates":[17.044128612913806,51.13826429564794]}},{"type":"Feature","properties":{"district":3,"street":"Tadeusza Gajcego","number":"43","postal_code":"51-143","source_objectid":13214},"geometry":{"type":"Point","coordinates":[17.049680495989374,51.140917693385646]}},{"type":"Feature","properties":{"district":2,"street":"Sołtysowicka","number":"15","postal_code":"51-168","source_objectid":13228},"geometry":{"type":"Point","coordinates":[17.070191503193705,51.140215726239376]}},{"type":"Feature","properties":{"district":4,"street":"Obornicka","number":"25","postal_code":"51-113","source_objectid":13266},"geometry":{"type":"Point","coordinates":[17.031669505951342,51.13679932015561]}},{"type":"Feature","properties":{"district":3,"street":"Ignacego Chrzanowskiego","number":"11","postal_code":"51-147","source_objectid":13284},"geometry":{"type":"Point","coordinates":[17.05188522195922,51.14287370162234]}},{"type":"Feature","properties":{"district":5,"street":"Osobowicka","number":"25","postal_code":"51-110","source_objectid":13295},"geometry":{"type":"Point","coordinates":[17.023964079060036,51.13351321874216]}},{"type":"Feature","properties":{"district":1,"street":"marsz. Józefa Piłsudskiego","number":"12","postal_code":"51-152","source_objectid":13298},"geometry":{"type":"Point","coordinates":[17.056694400504476,51.1370887063217]}},{"type":"Feature","properties":{"district":1,"street":"Toruńska","number":"41a","postal_code":"51-164","source_objectid":13299},"geometry":{"type":"Point","coordinates":[17.071709257479206,51.130931142363494]}},{"type":"Feature","properties":{"district":5,"street":"Bezpieczna","number":"31","postal_code":"51-114","source_objectid":13300},"geometry":{"type":"Point","coordinates":[17.022671040375865,51.14067196165784]}},{"type":"Feature","properties":{"district":3,"street":"Henryka Michała Kamieńskiego","number":"134","postal_code":"51-124","source_objectid":13327},"geometry":{"type":"Point","coordinates":[17.042209984714813,51.14838537048342]}},{"type":"Feature","properties":{"district":5,"street":"Bezpieczna","number":"4","postal_code":"51-114","source_objectid":13351},"geometry":{"type":"Point","coordinates":[17.025813800839874,51.141232050535265]}},{"type":"Feature","properties":{"district":3,"street":"Henryka Michała Kamieńskiego","number":"28b","postal_code":"51-124","source_objectid":13361},"geometry":{"type":"Point","coordinates":[17.036436222654874,51.142292836373365]}},{"type":"Feature","properties":{"district":2,"street":"Jana Kasprowicza","number":"89a","postal_code":"51-146","source_objectid":13373},"geometry":{"type":"Point","coordinates":[17.05429825612312,51.13753414642343]}},{"type":"Feature","properties":{"district":5,"street":"Chorwacka","number":"16","postal_code":"51-107","source_objectid":13383},"geometry":{"type":"Point","coordinates":[17.02492196236199,51.136734842582335]}},{"type":"Feature","properties":{"district":1,"street":"Wacława Potockiego","number":"32","postal_code":"51-153","source_objectid":13405},"geometry":{"type":"Point","coordinates":[17.05477095019344,51.135295375410145]}},{"type":"Feature","properties":{"district":3,"street":"Henryka Michała Kamieńskiego","number":"62","postal_code":"51-124","source_objectid":13470},"geometry":{"type":"Point","coordinates":[17.040008711265703,51.14473326586235]}},{"type":"Feature","properties":{"district":1,"street":"Zenona Miriama Przesmyckiego","number":"28","postal_code":"51-151","source_objectid":13479},"geometry":{"type":"Point","coordinates":[17.065524219985857,51.13791162944276]}},{"type":"Feature","properties":{"district":1,"street":"Grudziądzka","number":"55a","postal_code":"51-165","source_objectid":13483},"geometry":{"type":"Point","coordinates":[17.07193681130513,51.13657451262356]}},{"type":"Feature","properties":{"district":5,"street":"Serbska","number":"25","postal_code":"51-111","source_objectid":13485},"geometry":{"type":"Point","coordinates":[17.018429547787832,51.13661527555112]}},{"type":"Feature","properties":{"district":4,"street":"Rowerowa","number":"7","postal_code":"51-138","source_objectid":13509},"geometry":{"type":"Point","coordinates":[17.037368448523363,51.137226495009884]}},{"type":"Feature","properties":{"district":1,"street":"Władysława Orkana","number":"4","postal_code":"51-153","source_objectid":13510},"geometry":{"type":"Point","coordinates":[17.051341710188847,51.13535220134356]}},{"type":"Feature","properties":{"district":5,"street":"Łużycka","number":"25","postal_code":"51-111","source_objectid":13528},"geometry":{"type":"Point","coordinates":[17.01946630928943,51.13816710192392]}},{"type":"Feature","properties":{"district":2,"street":"Piotra Czajkowskiego","number":"63b","postal_code":"51-171","source_objectid":13543},"geometry":{"type":"Point","coordinates":[17.064457309450592,51.14009093394805]}},{"type":"Feature","properties":{"district":3,"street":"Władysława Syrokomli","number":"12","postal_code":"51-141","source_objectid":13559},"geometry":{"type":"Point","coordinates":[17.04769540811566,51.13876970962943]}},{"type":"Feature","properties":{"district":4,"street":"Żmigrodzka","number":"114a","postal_code":"51-131","source_objectid":13583},"geometry":{"type":"Point","coordinates":[17.03006703761944,51.146152383749154]}},{"type":"Feature","properties":{"district":3,"street":"Włodzimierza Perzyńskiego","number":"14","postal_code":"51-141","source_objectid":13615},"geometry":{"type":"Point","coordinates":[17.043148806799465,51.14177723942003]}},{"type":"Feature","properties":{"district":4,"street":"Jana Kasprowicza","number":"5","postal_code":"51-136","source_objectid":13616},"geometry":{"type":"Point","coordinates":[17.037678187069872,51.1354439597106]}},{"type":"Feature","properties":{"district":1,"street":"Tadeusza Boya-Żeleńskiego","number":"69e","postal_code":"51-162","source_objectid":13647},"geometry":{"type":"Point","coordinates":[17.06180181449726,51.132612989559526]}},{"type":"Feature","properties":{"district":3,"street":"Władysława Syrokomli","number":"28","postal_code":"51-141","source_objectid":13649},"geometry":{"type":"Point","coordinates":[17.047459506336388,51.13983455350426]}},{"type":"Feature","properties":{"district":1,"street":"Grudziądzka","number":"97","postal_code":"51-165","source_objectid":13655},"geometry":{"type":"Point","coordinates":[17.07787480302413,51.13748414550007]}},{"type":"Feature","properties":{"district":4,"street":"ks. Norberta Bonczyka","number":"33","postal_code":"51-138","source_objectid":13661},"geometry":{"type":"Point","coordinates":[17.03862798738338,51.13808634158105]}},{"type":"Feature","properties":{"district":3,"street":"Wincentego Pola","number":"61","postal_code":"51-140","source_objectid":13667},"geometry":{"type":"Point","coordinates":[17.042657002745457,51.141553067419515]}},{"type":"Feature","properties":{"district":5,"street":"Zaułek Rogoziński","number":"17","postal_code":"51-116","source_objectid":13672},"geometry":{"type":"Point","coordinates":[17.03076886907869,51.14066295704949]}},{"type":"Feature","properties":{"district":1,"street":"Franciszka Karpińskiego","number":"41","postal_code":"51-144","source_objectid":13681},"geometry":{"type":"Point","coordinates":[17.054579135186902,51.140519575285225]}},{"type":"Feature","properties":{"district":5,"street":"Osobowicka","number":"23","postal_code":"51-110","source_objectid":13683},"geometry":{"type":"Point","coordinates":[17.024485966441393,51.13349483835945]}},{"type":"Feature","properties":{"district":3,"street":"Henryka Michała Kamieńskiego","number":"62a","postal_code":"51-124","source_objectid":13701},"geometry":{"type":"Point","coordinates":[17.04002028543159,51.14482478099573]}},{"type":"Feature","properties":{"district":5,"street":"Bułgarska","number":"3","postal_code":"51-112","source_objectid":13723},"geometry":{"type":"Point","coordinates":[17.027249095057588,51.135331887110716]}},{"type":"Feature","properties":{"district":2,"street":"Jana Kasprowicza","number":"82","postal_code":"51-145","source_objectid":13726},"geometry":{"type":"Point","coordinates":[17.055058979295936,51.138334664974884]}},{"type":"Feature","properties":{"district":4,"street":"Obornicka","number":"113g","postal_code":"51-114","source_objectid":13739},"geometry":{"type":"Point","coordinates":[17.025892840576738,51.144074867648214]}},{"type":"Feature","properties":{"district":1,"street":"Bolesława Krzywoustego","number":"9","postal_code":"51-165","source_objectid":13781},"geometry":{"type":"Point","coordinates":[17.070336337469367,51.13594673930123]}},{"type":"Feature","properties":{"district":1,"street":"Wacława Potockiego","number":"35","postal_code":"51-153","source_objectid":13785},"geometry":{"type":"Point","coordinates":[17.054854007847354,51.13495534811768]}},{"type":"Feature","properties":{"district":1,"street":"Marcina Kromera","number":"55","postal_code":"51-163","source_objectid":13794},"geometry":{"type":"Point","coordinates":[17.069930101221555,51.13538259469555]}},{"type":"Feature","properties":{"district":1,"street":"Jana Długosza","number":"33","postal_code":"51-162","source_objectid":13799},"geometry":{"type":"Point","coordinates":[17.06358914995095,51.1330528367106]}},{"type":"Feature","properties":{"district":1,"street":"Jana Długosza","number":"31","postal_code":"51-162","source_objectid":13800},"geometry":{"type":"Point","coordinates":[17.06332520204513,51.13350934489991]}},{"type":"Feature","properties":{"district":5,"street":"Łużycka","number":"28a","postal_code":"51-111","source_objectid":13826},"geometry":{"type":"Point","coordinates":[17.019260878422575,51.13838584181901]}},{"type":"Feature","properties":{"district":4,"street":"Żmigrodzka","number":"22","postal_code":"51-120","source_objectid":13852},"geometry":{"type":"Point","coordinates":[17.034902173245275,51.13644050212791]}},{"type":"Feature","properties":{"district":5,"street":"Łużycka","number":"23","postal_code":"51-111","source_objectid":13867},"geometry":{"type":"Point","coordinates":[17.019390645722886,51.13812463863732]}},{"type":"Feature","properties":{"district":1,"street":"Kętrzyńska","number":"3","postal_code":"51-413","source_objectid":13869},"geometry":{"type":"Point","coordinates":[17.07408879277606,51.13260010868121]}},{"type":"Feature","properties":{"district":3,"street":"Krzysztofa Kamila Baczyńskiego","number":"5","postal_code":"51-122","source_objectid":13882},"geometry":{"type":"Point","coordinates":[17.039856880448127,51.14161333043359]}},{"type":"Feature","properties":{"district":5,"street":"Serbska","number":"6b","postal_code":"51-111","source_objectid":13886},"geometry":{"type":"Point","coordinates":[17.019859916637284,51.13470911144592]}},{"type":"Feature","properties":{"district":1,"street":"Franciszka Karpińskiego","number":"29","postal_code":"51-144","source_objectid":13939},"geometry":{"type":"Point","coordinates":[17.054856201244675,51.140153212566815]}},{"type":"Feature","properties":{"district":3,"street":"Henryka Michała Kamieńskiego","number":"28d","postal_code":"51-124","source_objectid":13945},"geometry":{"type":"Point","coordinates":[17.036565898949434,51.14236825801805]}},{"type":"Feature","properties":{"district":5,"street":"Bezpieczna","number":"15","postal_code":"51-114","source_objectid":13956},"geometry":{"type":"Point","coordinates":[17.023551455492353,51.14119122242456]}},{"type":"Feature","properties":{"district":2,"street":"Koszarowa","number":"3","postal_code":"51-149","source_objectid":14044},"geometry":{"type":"Point","coordinates":[17.06896294565019,51.141434939994745]}},{"type":"Feature","properties":{"district":1,"street":"Władysława Orkana","number":"12","postal_code":"51-153","source_objectid":14053},"geometry":{"type":"Point","coordinates":[17.05203149989998,51.135152992536995]}},{"type":"Feature","properties":{"district":3,"street":"Kornela Ujejskiego","number":"7a","postal_code":"51-141","source_objectid":14056},"geometry":{"type":"Point","coordinates":[17.045431797424822,51.139323267000435]}},{"type":"Feature","properties":{"district":1,"street":"Adama Asnyka","number":"34","postal_code":"51-143","source_objectid":14101},"geometry":{"type":"Point","coordinates":[17.053556779499758,51.1409307808906]}},{"type":"Feature","properties":{"district":1,"street":"Ludwika Nabielaka","number":"8","postal_code":"51-140","source_objectid":14109},"geometry":{"type":"Point","coordinates":[17.045173602054696,51.13859209014666]}},{"type":"Feature","properties":{"district":2,"street":"Stanisława Przybyszewskiego","number":"101","postal_code":"51-148","source_objectid":14132},"geometry":{"type":"Point","coordinates":[17.063607005679984,51.141607521089504]}},{"type":"Feature","properties":{"district":5,"street":"Jugosłowiańska","number":"106","postal_code":"51-112","source_objectid":14135},"geometry":{"type":"Point","coordinates":[17.021798214454336,51.13694929282285]}},{"type":"Feature","properties":{"district":3,"street":"Maurycego Mochnackiego","number":"10","postal_code":"51-122","source_objectid":14155},"geometry":{"type":"Point","coordinates":[17.038479062920395,51.14154150181086]}},{"type":"Feature","properties":{"district":1,"street":"Juliana Klaczki","number":"1","postal_code":"51-151","source_objectid":14167},"geometry":{"type":"Point","coordinates":[17.06107481773377,51.13561656401495]}},{"type":"Feature","properties":{"district":5,"street":"Osobowicka","number":"27","postal_code":"51-110","source_objectid":14187},"geometry":{"type":"Point","coordinates":[17.02358746383074,51.133552326351]}},{"type":"Feature","properties":{"district":1,"street":"Franciszka Karpińskiego","number":"25","postal_code":"51-144","source_objectid":14206},"geometry":{"type":"Point","coordinates":[17.05494763849371,51.140031683402974]}},{"type":"Feature","properties":{"district":1,"street":"Bolesława Krzywoustego","number":"41","postal_code":"51-165","source_objectid":14223},"geometry":{"type":"Point","coordinates":[17.072530839273767,51.13731513433846]}},{"type":"Feature","properties":{"district":3,"street":"Roberta Kocha","number":"11a","postal_code":"51-112","source_objectid":14229},"geometry":{"type":"Point","coordinates":[17.03976178191487,51.14282324782132]}},{"type":"Feature","properties":{"district":1,"street":"Grudziądzka","number":"120","postal_code":"51-165","source_objectid":14264},"geometry":{"type":"Point","coordinates":[17.07706873113889,51.137735043362326]}},{"type":"Feature","properties":{"district":5,"street":"Słowacka","number":"9a","postal_code":"51-111","source_objectid":14296},"geometry":{"type":"Point","coordinates":[17.020886732157628,51.136108593421405]}},{"type":"Feature","properties":{"district":2,"street":"Jana Kasprowicza","number":"63","postal_code":"51-136","source_objectid":14303},"geometry":{"type":"Point","coordinates":[17.0471740132452,51.13692707146027]}},{"type":"Feature","properties":{"district":3,"street":"Torowa","number":"14","postal_code":"51-125","source_objectid":14307},"geometry":{"type":"Point","coordinates":[17.041634111742503,51.14960438485882]}},{"type":"Feature","properties":{"district":4,"street":"Zawalna","number":"8","postal_code":"51-118","source_objectid":14323},"geometry":{"type":"Point","coordinates":[17.038852844518694,51.13458294453624]}},{"type":"Feature","properties":{"district":5,"street":"Bułgarska","number":"6","postal_code":"51-112","source_objectid":14337},"geometry":{"type":"Point","coordinates":[17.026846793606932,51.13530909554643]}},{"type":"Feature","properties":{"district":3,"street":"Wacława Gąsiorowskiego","number":"21","postal_code":"51-142","source_objectid":14346},"geometry":{"type":"Point","coordinates":[17.044777068262743,51.1433653185601]}},{"type":"Feature","properties":{"district":3,"street":"Władysława Syrokomli","number":"46","postal_code":"51-141","source_objectid":14349},"geometry":{"type":"Point","coordinates":[17.047118190896875,51.1411213641614]}},{"type":"Feature","properties":{"district":3,"street":"Wincentego Pola","number":"7","postal_code":"51-140","source_objectid":14352},"geometry":{"type":"Point","coordinates":[17.043878938008042,51.13740413897636]}},{"type":"Feature","properties":{"district":1,"street":"Juliana Klaczki","number":"33","postal_code":"51-151","source_objectid":14358},"geometry":{"type":"Point","coordinates":[17.063808509972077,51.136893432865264]}},{"type":"Feature","properties":{"district":4,"street":"ks. Norberta Bonczyka","number":"21","postal_code":"51-138","source_objectid":14359},"geometry":{"type":"Point","coordinates":[17.03886871864969,51.137036351312155]}},{"type":"Feature","properties":{"district":3,"street":"Henryka Michała Kamieńskiego","number":"47a","postal_code":"51-124","source_objectid":14370},"geometry":{"type":"Point","coordinates":[17.03960418942935,51.14353079606872]}},{"type":"Feature","properties":{"district":1,"street":"Marcina Kromera","number":"27","postal_code":"51-163","source_objectid":14374},"geometry":{"type":"Point","coordinates":[17.066516138870863,51.13301359959057]}},{"type":"Feature","properties":{"district":5,"street":"Słowacka","number":"6","postal_code":"51-111","source_objectid":14385},"geometry":{"type":"Point","coordinates":[17.019652482431965,51.13585855325768]}},{"type":"Feature","properties":{"district":1,"street":"gen. Józefa Wybickiego","number":"3a","postal_code":"51-144","source_objectid":14393},"geometry":{"type":"Point","coordinates":[17.053677208986965,51.138818408188584]}},{"type":"Feature","properties":{"district":1,"street":"Marcina Kromera","number":"23i","postal_code":"51-163","source_objectid":14411},"geometry":{"type":"Point","coordinates":[17.06637270826703,51.13199097049683]}},{"type":"Feature","properties":{"district":3,"street":"Ignacego Chrzanowskiego","number":"8","postal_code":"51-147","source_objectid":14422},"geometry":{"type":"Point","coordinates":[17.05244801007429,51.14267422480043]}},{"type":"Feature","properties":{"district":1,"street":"Kętrzyńska","number":"44","postal_code":"51-413","source_objectid":14431},"geometry":{"type":"Point","coordinates":[17.078460495306583,51.13487917104809]}},{"type":"Feature","properties":{"district":5,"street":"Jugosłowiańska","number":"96a","postal_code":"51-112","source_objectid":14432},"geometry":{"type":"Point","coordinates":[17.02198474077047,51.13635366063896]}},{"type":"Feature","properties":{"district":2,"street":"Piotra Czajkowskiego","number":"126","postal_code":"51-147","source_objectid":14461},"geometry":{"type":"Point","coordinates":[17.052336377661447,51.14342826984973]}},{"type":"Feature","properties":{"district":3,"street":"Marii Konopnickiej","number":"14","postal_code":"51-141","source_objectid":14471},"geometry":{"type":"Point","coordinates":[17.04150195433675,51.14081414236518]}},{"type":"Feature","properties":{"district":2,"street":"Piotra Czajkowskiego","number":"93","postal_code":"51-147","source_objectid":14494},"geometry":{"type":"Point","coordinates":[17.057942812263143,51.14167975333578]}},{"type":"Feature","properties":{"district":1,"street":"Ludwika Nabielaka","number":"25","postal_code":"51-140","source_objectid":14502},"geometry":{"type":"Point","coordinates":[17.047546626582673,51.13855848199644]}},{"type":"Feature","properties":{"district":1,"street":"Wacława Potockiego","number":"5c","postal_code":"51-153","source_objectid":14519},"geometry":{"type":"Point","coordinates":[17.049326214446758,51.13653298620429]}},{"type":"Feature","properties":{"district":1,"street":"Bolesława Krzywoustego","number":"6-12","postal_code":"51-165","source_objectid":14533},"geometry":{"type":"Point","coordinates":[17.070171463277333,51.1369900960587]}},{"type":"Feature","properties":{"district":5,"street":"Łużycka","number":"9","postal_code":"51-111","source_objectid":14535},"geometry":{"type":"Point","coordinates":[17.017558369416605,51.13681748252791]}},{"type":"Feature","properties":{"district":2,"street":"Piotra Czajkowskiego","number":"76","postal_code":"51-147","source_objectid":14549},"geometry":{"type":"Point","coordinates":[17.06059146775691,51.14071937192959]}},{"type":"Feature","properties":{"district":1,"street":"Jana Długosza","number":"23","postal_code":"51-162","source_objectid":14578},"geometry":{"type":"Point","coordinates":[17.061477129460997,51.13265154794262]}},{"type":"Feature","properties":{"district":4,"street":"Obornicka","number":"113c","postal_code":"51-114","source_objectid":14584},"geometry":{"type":"Point","coordinates":[17.025831649190096,51.14379768358196]}},{"type":"Feature","properties":{"district":3,"street":"Ignacego Chrzanowskiego","number":"60","postal_code":"51-141","source_objectid":14596},"geometry":{"type":"Point","coordinates":[17.04705446907157,51.14271631717039]}},{"type":"Feature","properties":{"district":5,"street":"Bezpieczna","number":"85","postal_code":"51-114","source_objectid":14609},"geometry":{"type":"Point","coordinates":[17.01995861320648,51.138949876770404]}},{"type":"Feature","properties":{"district":2,"street":"Piotra Czajkowskiego","number":"47","postal_code":"51-171","source_objectid":14613},"geometry":{"type":"Point","coordinates":[17.065944560352236,51.140270855537814]}},{"type":"Feature","properties":{"district":2,"street":"Piotra Czajkowskiego","number":"76a","postal_code":"51-147","source_objectid":14617},"geometry":{"type":"Point","coordinates":[17.0603549590003,51.14052253178119]}},{"type":"Feature","properties":{"district":5,"street":"Jugosłowiańska","number":"142","postal_code":"51-112","source_objectid":14633},"geometry":{"type":"Point","coordinates":[17.018336539521506,51.1388509069712]}},{"type":"Feature","properties":{"district":1,"street":"Marcina Kromera","number":"9","postal_code":"51-163","source_objectid":14651},"geometry":{"type":"Point","coordinates":[17.063156866073545,51.13128905192894]}},{"type":"Feature","properties":{"district":2,"street":"Jana Kasprowicza","number":"93a","postal_code":"51-146","source_objectid":14664},"geometry":{"type":"Point","coordinates":[17.054959950697096,51.137862349165914]}},{"type":"Feature","properties":{"district":1,"street":"Leopolda Staffa","number":"22","postal_code":"51-144","source_objectid":14667},"geometry":{"type":"Point","coordinates":[17.058458897216312,51.139810712002884]}},{"type":"Feature","properties":{"district":5,"street":"Bezpieczna","number":"46","postal_code":"51-114","source_objectid":14684},"geometry":{"type":"Point","coordinates":[17.02073814579752,51.1388155475782]}},{"type":"Feature","properties":{"district":1,"street":"Zenona Miriama Przesmyckiego","number":"21a","postal_code":"51-151","source_objectid":14685},"geometry":{"type":"Point","coordinates":[17.065614242756983,51.137291551442026]}},{"type":"Feature","properties":{"district":1,"street":"Marcina Kromera","number":"6","postal_code":"51-163","source_objectid":14701},"geometry":{"type":"Point","coordinates":[17.06062153762332,51.13098818324467]}},{"type":"Feature","properties":{"district":2,"street":"Piotra Czajkowskiego","number":"35","postal_code":"51-171","source_objectid":14705},"geometry":{"type":"Point","coordinates":[17.067510266363385,51.13961002618952]}},{"type":"Feature","properties":{"district":5,"street":"Słowacka","number":"7a","postal_code":"51-111","source_objectid":14737},"geometry":{"type":"Point","coordinates":[17.020758568369466,51.13576268047325]}},{"type":"Feature","properties":{"district":3,"street":"Marii Konopnickiej","number":"12","postal_code":"51-141","source_objectid":14741},"geometry":{"type":"Point","coordinates":[17.04119862286918,51.1407833656106]}},{"type":"Feature","properties":{"district":3,"street":"Bohdana Zaleskiego","number":"10a","postal_code":"51-138","source_objectid":14765},"geometry":{"type":"Point","coordinates":[17.039236236111403,51.13970603359115]}},{"type":"Feature","properties":{"district":1,"street":"Juliana Klaczki","number":"16","postal_code":"51-151","source_objectid":14785},"geometry":{"type":"Point","coordinates":[17.06202840801388,51.136769208388834]}},{"type":"Feature","properties":{"district":4,"street":"Obornicka","number":"20","postal_code":"51-113","source_objectid":14817},"geometry":{"type":"Point","coordinates":[17.033913003974046,51.13502265817317]}},{"type":"Feature","properties":{"district":2,"street":"Stanisława Przybyszewskiego","number":"82d","postal_code":"51-148","source_objectid":14834},"geometry":{"type":"Point","coordinates":[17.06055901095851,51.13961210065785]}},{"type":"Feature","properties":{"district":1,"street":"Wacława Berenta","number":"31","postal_code":"51-152","source_objectid":14851},"geometry":{"type":"Point","coordinates":[17.058274319646443,51.13600296772852]}},{"type":"Feature","properties":{"district":4,"street":"Macedońska","number":"19","postal_code":"51-113","source_objectid":14855},"geometry":{"type":"Point","coordinates":[17.030462554610477,51.1347981832893]}},{"type":"Feature","properties":{"district":3,"street":"Bohdana Zaleskiego","number":"11","postal_code":"51-138","source_objectid":14865},"geometry":{"type":"Point","coordinates":[17.039071603402487,51.1399592318688]}},{"type":"Feature","properties":{"district":2,"street":"Sportowa","number":"6","postal_code":"51-149","source_objectid":14890},"geometry":{"type":"Point","coordinates":[17.062427217091635,51.14286060892901]}},{"type":"Feature","properties":{"district":1,"street":"Giżycka","number":"54","postal_code":"51-163","source_objectid":14900},"geometry":{"type":"Point","coordinates":[17.074663948282346,51.13247702606805]}},{"type":"Feature","properties":{"district":5,"street":"Serbska","number":"17","postal_code":"51-111","source_objectid":14931},"geometry":{"type":"Point","coordinates":[17.019263010497212,51.1359969199493]}},{"type":"Feature","properties":{"district":5,"street":"Jugosłowiańska","number":"90a","postal_code":"51-112","source_objectid":14951},"geometry":{"type":"Point","coordinates":[17.022378617999937,51.136091030666805]}},{"type":"Feature","properties":{"district":1,"street":"Grudziądzka","number":"99","postal_code":"51-165","source_objectid":15030},"geometry":{"type":"Point","coordinates":[17.077903118514065,51.13743422460207]}},{"type":"Feature","properties":{"district":1,"street":"Teofila Lenartowicza","number":"11","postal_code":"51-140","source_objectid":15099},"geometry":{"type":"Point","coordinates":[17.044927135526734,51.13802417946607]}},{"type":"Feature","properties":{"district":1,"street":"Zenona Miriama Przesmyckiego","number":"5","postal_code":"51-151","source_objectid":15143},"geometry":{"type":"Point","coordinates":[17.062171757574877,51.13796384928639]}},{"type":"Feature","properties":{"district":4,"street":"Obornicka","number":"79","postal_code":"51-114","source_objectid":15146},"geometry":{"type":"Point","coordinates":[17.027765624693007,51.14091181945405]}},{"type":"Feature","properties":{"district":5,"street":"Czeska","number":"21b","postal_code":"51-112","source_objectid":15150},"geometry":{"type":"Point","coordinates":[17.02580199764161,51.13530900005269]}},{"type":"Feature","properties":{"district":5,"street":"Bezpieczna","number":"43","postal_code":"51-114","source_objectid":15187},"geometry":{"type":"Point","coordinates":[17.022078324856142,51.14055282050136]}},{"type":"Feature","properties":{"district":2,"street":"Jana Kasprowicza","number":"74","postal_code":"51-145","source_objectid":15194},"geometry":{"type":"Point","coordinates":[17.053710560788897,51.13815371431896]}},{"type":"Feature","properties":{"district":1,"street":"Leopolda Staffa","number":"10","postal_code":"51-144","source_objectid":15227},"geometry":{"type":"Point","coordinates":[17.058665565058973,51.13938250917332]}},{"type":"Feature","properties":{"district":5,"street":"Chorwacka","number":"42","postal_code":"51-107","source_objectid":15234},"geometry":{"type":"Point","coordinates":[17.02389966727296,51.138137448424]}},{"type":"Feature","properties":{"district":3,"street":"Tadeusza Gajcego","number":"36","postal_code":"51-143","source_objectid":15253},"geometry":{"type":"Point","coordinates":[17.04934577618288,51.14104106001144]}},{"type":"Feature","properties":{"district":3,"street":"Władysława Syrokomli","number":"42","postal_code":"51-141","source_objectid":15260},"geometry":{"type":"Point","coordinates":[17.047221987531664,51.14083232085084]}},{"type":"Feature","properties":{"district":1,"street":"Wacława Berenta","number":"61","postal_code":"51-152","source_objectid":15273},"geometry":{"type":"Point","coordinates":[17.059490650155716,51.137300692517876]}},{"type":"Feature","properties":{"district":5,"street":"Jugosłowiańska","number":"86","postal_code":"51-112","source_objectid":15293},"geometry":{"type":"Point","coordinates":[17.02287284039459,51.136195989038605]}},{"type":"Feature","properties":{"district":5,"street":"Chorwacka","number":"94","postal_code":"51-107","source_objectid":15299},"geometry":{"type":"Point","coordinates":[17.024551858510765,51.14043922559244]}},{"type":"Feature","properties":{"district":3,"street":"Mieczysława Romanowskiego","number":"18","postal_code":"51-122","source_objectid":15349},"geometry":{"type":"Point","coordinates":[17.036911348085535,51.140931024923184]}},{"type":"Feature","properties":{"district":5,"street":"Osobowicka","number":"41a","postal_code":"51-110","source_objectid":15350},"geometry":{"type":"Point","coordinates":[17.019978302858558,51.1340142944516]}},{"type":"Feature","properties":{"district":1,"street":"Adama Asnyka","number":"26a","postal_code":"51-143","source_objectid":15354},"geometry":{"type":"Point","coordinates":[17.052337427736184,51.140297107062565]}},{"type":"Feature","properties":{"district":3,"street":"Wincentego Pola","number":"2","postal_code":"51-140","source_objectid":15357},"geometry":{"type":"Point","coordinates":[17.043573793199176,51.136922019192845]}},{"type":"Feature","properties":{"district":3,"street":"Ignacego Chrzanowskiego","number":"15","postal_code":"51-147","source_objectid":15385},"geometry":{"type":"Point","coordinates":[17.050594872954818,51.14311644527281]}},{"type":"Feature","properties":{"district":5,"street":"Lutycka","number":"6","postal_code":"51-112","source_objectid":15386},"geometry":{"type":"Point","coordinates":[17.02568203734778,51.13414234718718]}},{"type":"Feature","properties":{"district":1,"street":"Adama Asnyka","number":"17","postal_code":"51-143","source_objectid":15412},"geometry":{"type":"Point","coordinates":[17.05294297314433,51.13988920793018]}},{"type":"Feature","properties":{"district":5,"street":"Łużycka","number":"26","postal_code":"51-111","source_objectid":15413},"geometry":{"type":"Point","coordinates":[17.018854920001957,51.1381319758709]}},{"type":"Feature","properties":{"district":1,"street":"Władysława Orkana","number":"1","postal_code":"51-153","source_objectid":15414},"geometry":{"type":"Point","coordinates":[17.050659159314943,51.13527478149411]}},{"type":"Feature","properties":{"district":3,"street":"Krzysztofa Kamila Baczyńskiego","number":"24","postal_code":"51-122","source_objectid":15424},"geometry":{"type":"Point","coordinates":[17.038574597591687,51.14242673330855]}},{"type":"Feature","properties":{"district":3,"street":"Henryka Michała Kamieńskiego","number":"116","postal_code":"51-124","source_objectid":15429},"geometry":{"type":"Point","coordinates":[17.04159792698657,51.1477686751617]}},{"type":"Feature","properties":{"district":1,"street":"Adama Asnyka","number":"38","postal_code":"51-143","source_objectid":15456},"geometry":{"type":"Point","coordinates":[17.05404297189746,51.14110593995222]}},{"type":"Feature","properties":{"district":3,"street":"Kornela Ujejskiego","number":"23","postal_code":"51-141","source_objectid":15480},"geometry":{"type":"Point","coordinates":[17.044832811520916,51.14184368401584]}},{"type":"Feature","properties":{"district":5,"street":"Morawska","number":"15","postal_code":"51-111","source_objectid":15516},"geometry":{"type":"Point","coordinates":[17.021419151694328,51.1361057950198]}},{"type":"Feature","properties":{"district":3,"street":"Maurycego Mochnackiego","number":"26","postal_code":"51-122","source_objectid":15520},"geometry":{"type":"Point","coordinates":[17.037598495137832,51.14227474509987]}},{"type":"Feature","properties":{"district":3,"street":"Ignacego Chrzanowskiego","number":"30","postal_code":"51-141","source_objectid":15532},"geometry":{"type":"Point","coordinates":[17.048841576878168,51.14272856691624]}},{"type":"Feature","properties":{"district":3,"street":"Ignacego Chrzanowskiego","number":"17a","postal_code":"51-147","source_objectid":15533},"geometry":{"type":"Point","coordinates":[17.05082900901208,51.143089998640505]}},{"type":"Feature","properties":{"district":3,"street":"Ignacego Chrzanowskiego","number":"15a","postal_code":"51-147","source_objectid":15534},"geometry":{"type":"Point","coordinates":[17.050615812195844,51.143049774609445]}},{"type":"Feature","properties":{"district":3,"street":"Ignacego Chrzanowskiego","number":"15b","postal_code":"51-147","source_objectid":15535},"geometry":{"type":"Point","coordinates":[17.050742198353362,51.14307362515423]}},{"type":"Feature","properties":{"district":4,"street":"Obornicka","number":"61","postal_code":"51-114","source_objectid":15542},"geometry":{"type":"Point","coordinates":[17.02942852572951,51.138363404977234]}},{"type":"Feature","properties":{"district":4,"street":"Obornicka","number":"59","postal_code":"51-114","source_objectid":15543},"geometry":{"type":"Point","coordinates":[17.029509087375082,51.13825531578317]}},{"type":"Feature","properties":{"district":3,"street":"Jana Brzechwy","number":"3a","postal_code":"51-141","source_objectid":15572},"geometry":{"type":"Point","coordinates":[17.047001175665272,51.13886883796395]}},{"type":"Feature","properties":{"district":2,"street":"Stanisława Przybyszewskiego","number":"78-80","postal_code":"51-148","source_objectid":15604},"geometry":{"type":"Point","coordinates":[17.060762844366796,51.139387360791495]}},{"type":"Feature","properties":{"district":3,"street":"Torowa","number":"79","postal_code":"51-125","source_objectid":15631},"geometry":{"type":"Point","coordinates":[17.042208195079027,51.14986309836957]}},{"type":"Feature","properties":{"district":3,"street":"Wincentego Pola","number":"18","postal_code":"51-140","source_objectid":15637},"geometry":{"type":"Point","coordinates":[17.04333311690733,51.13800704297624]}},{"type":"Feature","properties":{"district":3,"street":"Wacława Gąsiorowskiego","number":"18","postal_code":"51-142","source_objectid":15642},"geometry":{"type":"Point","coordinates":[17.043494308811034,51.143532227359565]}},{"type":"Feature","properties":{"district":1,"street":"Juliana Klaczki","number":"44","postal_code":"51-151","source_objectid":15653},"geometry":{"type":"Point","coordinates":[17.06350270348187,51.13732103077407]}},{"type":"Feature","properties":{"district":2,"street":"Piotra Czajkowskiego","number":"128","postal_code":"51-147","source_objectid":15675},"geometry":{"type":"Point","coordinates":[17.05227562244017,51.143533828267564]}},{"type":"Feature","properties":{"district":1,"street":"Adama Asnyka","number":"16","postal_code":"51-143","source_objectid":15709},"geometry":{"type":"Point","coordinates":[17.052505630363267,51.1393229411564]}},{"type":"Feature","properties":{"district":3,"street":"Kornela Ujejskiego","number":"28","postal_code":"51-141","source_objectid":15734},"geometry":{"type":"Point","coordinates":[17.04435839565236,51.142055955449045]}},{"type":"Feature","properties":{"district":2,"street":"Piotra Czajkowskiego","number":"54a","postal_code":"51-171","source_objectid":15743},"geometry":{"type":"Point","coordinates":[17.063137597448343,51.139590920234234]}},{"type":"Feature","properties":{"district":4,"street":"Obornicka","number":"77d","postal_code":"51-114","source_objectid":15752},"geometry":{"type":"Point","coordinates":[17.02847663924203,51.14045189227472]}},{"type":"Feature","properties":{"district":1,"street":"Władysława Orkana","number":"65a","postal_code":"51-153","source_objectid":15754},"geometry":{"type":"Point","coordinates":[17.058351922581128,51.133388460209396]}},{"type":"Feature","properties":{"district":5,"street":"Bezpieczna","number":"49","postal_code":"51-114","source_objectid":15774},"geometry":{"type":"Point","coordinates":[17.021697008152017,51.1402673292935]}},{"type":"Feature","properties":{"district":2,"street":"Stanisława Przybyszewskiego","number":"27","postal_code":"51-151","source_objectid":15812},"geometry":{"type":"Point","coordinates":[17.06058923401151,51.13638178224019]}},{"type":"Feature","properties":{"district":3,"street":"Ignacego Chrzanowskiego","number":"104","postal_code":"51-141","source_objectid":15818},"geometry":{"type":"Point","coordinates":[17.04282613423976,51.142314373110885]}},{"type":"Feature","properties":{"district":3,"street":"Ignacego Chrzanowskiego","number":"2","postal_code":"51-147","source_objectid":15826},"geometry":{"type":"Point","coordinates":[17.053276851710294,51.14263301320089]}},{"type":"Feature","properties":{"district":4,"street":"Zawalna","number":"23a","postal_code":"51-139","source_objectid":15827},"geometry":{"type":"Point","coordinates":[17.04037974284745,51.13530880345889]}},{"type":"Feature","properties":{"district":3,"street":"Henryka Michała Kamieńskiego","number":"162b","postal_code":"51-124","source_objectid":15885},"geometry":{"type":"Point","coordinates":[17.04137750110406,51.14886179702521]}},{"type":"Feature","properties":{"district":1,"street":"Aleksandra Brücknera","number":"52","postal_code":"51-411","source_objectid":15898},"geometry":{"type":"Point","coordinates":[17.080780048321593,51.13809291517082]}},{"type":"Feature","properties":{"district":1,"street":"gen. Józefa Wybickiego","number":"5","postal_code":"51-144","source_objectid":15964},"geometry":{"type":"Point","coordinates":[17.05391165879072,51.13893869856318]}},{"type":"Feature","properties":{"district":5,"street":"Jugosłowiańska","number":"69","postal_code":"51-112","source_objectid":15982},"geometry":{"type":"Point","coordinates":[17.023122390382806,51.13680563102745]}},{"type":"Feature","properties":{"district":5,"street":"Jugosłowiańska","number":"59a","postal_code":"51-112","source_objectid":16018},"geometry":{"type":"Point","coordinates":[17.02542994748553,51.135044453915086]}},{"type":"Feature","properties":{"district":2,"street":"Jana Kasprowicza","number":"69","postal_code":"51-136","source_objectid":16022},"geometry":{"type":"Point","coordinates":[17.049186825922288,51.13712148392071]}},{"type":"Feature","properties":{"district":3,"street":"Kornela Ujejskiego","number":"31","postal_code":"51-141","source_objectid":16027},"geometry":{"type":"Point","coordinates":[17.04523547387353,51.142425640362944]}},{"type":"Feature","properties":{"district":4,"street":"Wołowska","number":"2","postal_code":"51-116","source_objectid":16034},"geometry":{"type":"Point","coordinates":[17.025656253756264,51.14608019870291]}},{"type":"Feature","properties":{"district":4,"street":"Obornicka","number":"127","postal_code":"51-114","source_objectid":16035},"geometry":{"type":"Point","coordinates":[17.02311493878813,51.14559648291012]}},{"type":"Feature","properties":{"district":1,"street":"Bolesława Krzywoustego","number":"3","postal_code":"51-165","source_objectid":16065},"geometry":{"type":"Point","coordinates":[17.071899369226472,51.135983236941186]}},{"type":"Feature","properties":{"district":1,"street":"gen. Józefa Wybickiego","number":"9","postal_code":"51-144","source_objectid":16068},"geometry":{"type":"Point","coordinates":[17.054385397132066,51.139116776086325]}},{"type":"Feature","properties":{"district":1,"street":"Adama Asnyka","number":"22","postal_code":"51-143","source_objectid":16079},"geometry":{"type":"Point","coordinates":[17.052435588537936,51.13986704698134]}},{"type":"Feature","properties":{"district":1,"street":"Bolesława Krzywoustego","number":"91","postal_code":"51-166","source_objectid":16120},"geometry":{"type":"Point","coordinates":[17.07798136325971,51.138382376204206]}},{"type":"Feature","properties":{"district":1,"street":"Bolesława Krzywoustego","number":"105","postal_code":"51-166","source_objectid":16123},"geometry":{"type":"Point","coordinates":[17.079457891429836,51.13869597430483]}},{"type":"Feature","properties":{"district":3,"street":"Bohdana Zaleskiego","number":"6","postal_code":"51-138","source_objectid":16162},"geometry":{"type":"Point","coordinates":[17.039735772456435,51.13982922203314]}},{"type":"Feature","properties":{"district":3,"street":"Henryka Michała Kamieńskiego","number":"24","postal_code":"51-124","source_objectid":16175},"geometry":{"type":"Point","coordinates":[17.03482409064258,51.141717474728495]}},{"type":"Feature","properties":{"district":2,"street":"Koszarowa","number":"6k","postal_code":"51-149","source_objectid":16197},"geometry":{"type":"Point","coordinates":[17.067232423593392,51.140566770479445]}},{"type":"Feature","properties":{"district":1,"street":"Leopolda Staffa","number":"45","postal_code":"51-144","source_objectid":16199},"geometry":{"type":"Point","coordinates":[17.05853557216638,51.140793087338814]}},{"type":"Feature","properties":{"district":1,"street":"Ludwika Nabielaka","number":"22","postal_code":"51-140","source_objectid":16329},"geometry":{"type":"Point","coordinates":[17.047027312179225,51.138680717893635]}},{"type":"Feature","properties":{"district":1,"street":"Tadeusza Boya-Żeleńskiego","number":"19","postal_code":"51-160","source_objectid":16332},"geometry":{"type":"Point","coordinates":[17.05437853063375,51.136413031939654]}},{"type":"Feature","properties":{"district":5,"street":"Bałkańska","number":"2","postal_code":"51-111","source_objectid":16335},"geometry":{"type":"Point","coordinates":[17.018924506063374,51.1351502155521]}},{"type":"Feature","properties":{"district":1,"street":"Tadeusza Boya-Żeleńskiego","number":"19a","postal_code":"51-160","source_objectid":16336},"geometry":{"type":"Point","coordinates":[17.0542392320297,51.136481783834824]}},{"type":"Feature","properties":{"district":2,"street":"Piotra Czajkowskiego","number":"77","postal_code":"51-147","source_objectid":16373},"geometry":{"type":"Point","coordinates":[17.060242223532597,51.141059882997425]}},{"type":"Feature","properties":{"district":3,"street":"Skwer Obrońców Helu","number":"4a","postal_code":"51-138","source_objectid":16416},"geometry":{"type":"Point","coordinates":[17.04028631085247,51.139797431838886]}},{"type":"Feature","properties":{"district":5,"street":"Bezpieczna","number":"48","postal_code":"51-114","source_objectid":16432},"geometry":{"type":"Point","coordinates":[17.020600194739355,51.13873645206356]}},{"type":"Feature","properties":{"district":3,"street":"Tadeusza Gajcego","number":"18","postal_code":"51-143","source_objectid":16487},"geometry":{"type":"Point","coordinates":[17.049032008946345,51.1401215119234]}},{"type":"Feature","properties":{"district":1,"street":"Tadeusza Boya-Żeleńskiego","number":"7","postal_code":"51-160","source_objectid":16502},"geometry":{"type":"Point","coordinates":[17.053215609901574,51.13701670790401]}},{"type":"Feature","properties":{"district":2,"street":"Piotra Czajkowskiego","number":"91","postal_code":"51-147","source_objectid":16554},"geometry":{"type":"Point","coordinates":[17.05815240709566,51.14214998288173]}},{"type":"Feature","properties":{"district":1,"street":"Władysława Orkana","number":"45","postal_code":"51-153","source_objectid":16575},"geometry":{"type":"Point","coordinates":[17.055935232131382,51.13356453717916]}},{"type":"Feature","properties":{"district":3,"street":"Marii Konopnickiej","number":"15b","postal_code":"51-141","source_objectid":16586},"geometry":{"type":"Point","coordinates":[17.045888467630625,51.14099550706669]}},{"type":"Feature","properties":{"district":5,"street":"Serbska","number":"26","postal_code":"51-111","source_objectid":16596},"geometry":{"type":"Point","coordinates":[17.01757638152559,51.13681711243706]}},{"type":"Feature","properties":{"district":3,"street":"Kornela Ujejskiego","number":"30","postal_code":"51-141","source_objectid":16636},"geometry":{"type":"Point","coordinates":[17.044339601437965,51.142132870068764]}},{"type":"Feature","properties":{"district":4,"street":"Żmigrodzka","number":"56","postal_code":"51-120","source_objectid":16638},"geometry":{"type":"Point","coordinates":[17.032564100392033,51.138486728310305]}},{"type":"Feature","properties":{"district":1,"street":"Bolesława Krzywoustego","number":"66","postal_code":"51-166","source_objectid":16649},"geometry":{"type":"Point","coordinates":[17.076717997820534,51.13864136021938]}},{"type":"Feature","properties":{"district":3,"street":"Maurycego Mochnackiego","number":"4","postal_code":"51-122","source_objectid":16660},"geometry":{"type":"Point","coordinates":[17.03876926678781,51.14124259037112]}},{"type":"Feature","properties":{"district":1,"street":"Łąka Mazurska","number":"9","postal_code":"51-164","source_objectid":16707},"geometry":{"type":"Point","coordinates":[17.064826765302396,51.13084652546979]}},{"type":"Feature","properties":{"district":1,"street":"Franciszka Karpińskiego","number":"22","postal_code":"51-144","source_objectid":16752},"geometry":{"type":"Point","coordinates":[17.054499591556954,51.14004621215601]}},{"type":"Feature","properties":{"district":3,"street":"Henryka Michała Kamieńskiego","number":"23","postal_code":"51-124","source_objectid":16753},"geometry":{"type":"Point","coordinates":[17.036793763241555,51.14198590845121]}},{"type":"Feature","properties":{"district":3,"street":"Kornela Ujejskiego","number":"26","postal_code":"51-141","source_objectid":16770},"geometry":{"type":"Point","coordinates":[17.044486879658105,51.14189000466499]}},{"type":"Feature","properties":{"district":3,"street":"Krzysztofa Kamila Baczyńskiego","number":"17","postal_code":"51-122","source_objectid":16779},"geometry":{"type":"Point","coordinates":[17.03927339914611,51.14219013286862]}},{"type":"Feature","properties":{"district":2,"street":"Stanisława Przybyszewskiego","number":"14","postal_code":"51-151","source_objectid":16805},"geometry":{"type":"Point","coordinates":[17.059757474815914,51.13570017386645]}},{"type":"Feature","properties":{"district":3,"street":"Wincentego Pola","number":"24a","postal_code":"51-140","source_objectid":16873},"geometry":{"type":"Point","coordinates":[17.043153086054488,51.13864014036734]}},{"type":"Feature","properties":{"district":2,"street":"Piotra Czajkowskiego","number":"65b","postal_code":"51-171","source_objectid":16903},"geometry":{"type":"Point","coordinates":[17.063720171414484,51.140053472490045]}},{"type":"Feature","properties":{"district":1,"street":"gen. Józefa Wybickiego","number":"12","postal_code":"51-144","source_objectid":16905},"geometry":{"type":"Point","coordinates":[17.054001542095644,51.1395329396187]}},{"type":"Feature","properties":{"district":2,"street":"Jana Kasprowicza","number":"65","postal_code":"51-136","source_objectid":16920},"geometry":{"type":"Point","coordinates":[17.047674720490388,51.136974156233485]}},{"type":"Feature","properties":{"district":5,"street":"Jugosłowiańska","number":"38-36","postal_code":"51-112","source_objectid":17002},"geometry":{"type":"Point","coordinates":[17.027817234374854,51.13422726025339]}},{"type":"Feature","properties":{"district":4,"street":"Macedońska","number":"7","postal_code":"51-113","source_objectid":17028},"geometry":{"type":"Point","coordinates":[17.031287291877327,51.134030333791515]}},{"type":"Feature","properties":{"district":1,"street":"Franciszka Karpińskiego","number":"26","postal_code":"51-144","source_objectid":17040},"geometry":{"type":"Point","coordinates":[17.05441078575763,51.14016688126378]}},{"type":"Feature","properties":{"district":1,"street":"Leopolda Staffa","number":"28","postal_code":"51-144","source_objectid":17045},"geometry":{"type":"Point","coordinates":[17.05793409608282,51.14071085224688]}},{"type":"Feature","properties":{"district":5,"street":"Serbska","number":"7b","postal_code":"51-111","source_objectid":17046},"geometry":{"type":"Point","coordinates":[17.020640917393166,51.13490927378109]}},{"type":"Feature","properties":{"district":2,"street":"Sportowa","number":"26a","postal_code":"51-149","source_objectid":17071},"geometry":{"type":"Point","coordinates":[17.063560661518892,51.14445659260608]}},{"type":"Feature","properties":{"district":3,"street":"Kornela Ujejskiego","number":"34","postal_code":"51-141","source_objectid":17081},"geometry":{"type":"Point","coordinates":[17.044270188535002,51.14239597800628]}},{"type":"Feature","properties":{"district":1,"street":"Bolesława Krzywoustego","number":"19a","postal_code":"51-165","source_objectid":17088},"geometry":{"type":"Point","coordinates":[17.070630998493165,51.13628561723253]}},{"type":"Feature","properties":{"district":1,"street":"Juliana Klaczki","number":"37","postal_code":"51-151","source_objectid":17114},"geometry":{"type":"Point","coordinates":[17.064441759808084,51.1369548922918]}},{"type":"Feature","properties":{"district":4,"street":"Rowerowa","number":"19","postal_code":"51-138","source_objectid":17120},"geometry":{"type":"Point","coordinates":[17.038718919498727,51.140084040491736]}},{"type":"Feature","properties":{"district":1,"street":"Władysława Orkana","number":"23","postal_code":"51-153","source_objectid":17124},"geometry":{"type":"Point","coordinates":[17.053168563028954,51.134488178088375]}},{"type":"Feature","properties":{"district":3,"street":"Jutrosińska","number":"7","postal_code":"51-124","source_objectid":17136},"geometry":{"type":"Point","coordinates":[17.043291323786605,51.14664129602977]}},{"type":"Feature","properties":{"district":2,"street":"Jana Kasprowicza","number":"68","postal_code":"51-137","source_objectid":17175},"geometry":{"type":"Point","coordinates":[17.052057304609438,51.13826709765322]}},{"type":"Feature","properties":{"district":1,"street":"Tadeusza Boya-Żeleńskiego","number":"25","postal_code":"51-160","source_objectid":17222},"geometry":{"type":"Point","coordinates":[17.055494091987935,51.135799073354946]}},{"type":"Feature","properties":{"district":4,"street":"Żmigrodzka","number":"101","postal_code":"51-130","source_objectid":17230},"geometry":{"type":"Point","coordinates":[17.031837183574638,51.14349985882358]}},{"type":"Feature","properties":{"district":5,"street":"Teodora Parnickiego","number":"13","postal_code":"51-116","source_objectid":17245},"geometry":{"type":"Point","coordinates":[17.03004716568566,51.13915607956677]}},{"type":"Feature","properties":{"district":1,"street":"Ludwika Nabielaka","number":"14","postal_code":"51-140","source_objectid":17256},"geometry":{"type":"Point","coordinates":[17.046175178607893,51.13859539956281]}},{"type":"Feature","properties":{"district":2,"street":"Stanisława Przybyszewskiego","number":"99","postal_code":"51-148","source_objectid":17287},"geometry":{"type":"Point","coordinates":[17.063502712864047,51.141517149309514]}},{"type":"Feature","properties":{"district":3,"street":"Ignacego Chrzanowskiego","number":"37","postal_code":"51-141","source_objectid":17356},"geometry":{"type":"Point","coordinates":[17.05005972970517,51.14347858944048]}},{"type":"Feature","properties":{"district":3,"street":"Jana Brzechwy","number":"60","postal_code":"51-141","source_objectid":17365},"geometry":{"type":"Point","coordinates":[17.045616794631037,51.14175900918752]}},{"type":"Feature","properties":{"district":3,"street":"Kornela Ujejskiego","number":"22a","postal_code":"51-141","source_objectid":17366},"geometry":{"type":"Point","coordinates":[17.044567358510953,51.141566951462345]}},{"type":"Feature","properties":{"district":3,"street":"Jutrosińska","number":"18","postal_code":"51-124","source_objectid":17379},"geometry":{"type":"Point","coordinates":[17.045093288964125,51.14663007781741]}},{"type":"Feature","properties":{"district":1,"street":"Giżycka","number":"64a","postal_code":"51-412","source_objectid":17385},"geometry":{"type":"Point","coordinates":[17.07674925002087,51.1332315743814]}},{"type":"Feature","properties":{"district":3,"street":"Kornela Ujejskiego","number":"24","postal_code":"51-141","source_objectid":17388},"geometry":{"type":"Point","coordinates":[17.044515584191235,51.14180512345726]}},{"type":"Feature","properties":{"district":3,"street":"Henryka Michała Kamieńskiego","number":"52","postal_code":"51-124","source_objectid":17404},"geometry":{"type":"Point","coordinates":[17.037771920040633,51.143242405868136]}},{"type":"Feature","properties":{"district":3,"street":"Władysława Syrokomli","number":"49","postal_code":"51-141","source_objectid":17439},"geometry":{"type":"Point","coordinates":[17.047295512036865,51.14185625547518]}},{"type":"Feature","properties":{"district":2,"street":"Koszarowa","number":"4","postal_code":"51-149","source_objectid":17475},"geometry":{"type":"Point","coordinates":[17.069058898824807,51.1401311854754]}},{"type":"Feature","properties":{"district":1,"street":"Tadeusza Boya-Żeleńskiego","number":"26","postal_code":"51-160","source_objectid":17493},"geometry":{"type":"Point","coordinates":[17.056741231956916,51.13596365277179]}},{"type":"Feature","properties":{"district":5,"street":"Chorwacka","number":"38","postal_code":"51-107","source_objectid":17509},"geometry":{"type":"Point","coordinates":[17.024585334120765,51.13806896849166]}},{"type":"Feature","properties":{"district":1,"street":"Wacława Berenta","number":"59","postal_code":"51-152","source_objectid":17542},"geometry":{"type":"Point","coordinates":[17.059451460751408,51.137257505764396]}},{"type":"Feature","properties":{"district":1,"street":"Leopolda Staffa","number":"14","postal_code":"51-144","source_objectid":17543},"geometry":{"type":"Point","coordinates":[17.05827769793779,51.13957835429702]}},{"type":"Feature","properties":{"district":4,"street":"Macedońska","number":"35","postal_code":"51-113","source_objectid":17550},"geometry":{"type":"Point","coordinates":[17.030129621462894,51.135729681979996]}},{"type":"Feature","properties":{"district":3,"street":"Marii Konopnickiej","number":"8a","postal_code":"51-141","source_objectid":17559},"geometry":{"type":"Point","coordinates":[17.04071451820959,51.140825054280185]}},{"type":"Feature","properties":{"district":3,"street":"Jana Brzechwy","number":"2d","postal_code":"51-141","source_objectid":17560},"geometry":{"type":"Point","coordinates":[17.04596552855543,51.13877114512694]}},{"type":"Feature","properties":{"district":1,"street":"Juliana Klaczki","number":"41","postal_code":"51-151","source_objectid":17562},"geometry":{"type":"Point","coordinates":[17.064490050469335,51.13730094810639]}},{"type":"Feature","properties":{"district":4,"street":"Żmigrodzka","number":"116","postal_code":"51-131","source_objectid":17578},"geometry":{"type":"Point","coordinates":[17.02936828928787,51.145871665718616]}},{"type":"Feature","properties":{"district":5,"street":"Bezpieczna","number":"33","postal_code":"51-114","source_objectid":17585},"geometry":{"type":"Point","coordinates":[17.02257169821582,51.14074621305582]}},{"type":"Feature","properties":{"district":2,"street":"Piotra Czajkowskiego","number":"96","postal_code":"51-147","source_objectid":17589},"geometry":{"type":"Point","coordinates":[17.057299395873923,51.14141236828885]}},{"type":"Feature","properties":{"district":5,"street":"Obodrzycka","number":"5","postal_code":"51-112","source_objectid":17608},"geometry":{"type":"Point","coordinates":[17.025197362309278,51.1339178906953]}},{"type":"Feature","properties":{"district":1,"street":"Wacława Berenta","number":"58","postal_code":"51-152","source_objectid":17619},"geometry":{"type":"Point","coordinates":[17.059287657591703,51.137714129524056]}},{"type":"Feature","properties":{"district":5,"street":"Bezpieczna","number":"6","postal_code":"51-114","source_objectid":17638},"geometry":{"type":"Point","coordinates":[17.02544705553196,51.14107912860971]}},{"type":"Feature","properties":{"district":5,"street":"Bezpieczna","number":"24","postal_code":"51-114","source_objectid":17659},"geometry":{"type":"Point","coordinates":[17.02296636010619,51.139634352970276]}},{"type":"Feature","properties":{"district":4,"street":"Macedońska","number":"13","postal_code":"51-113","source_objectid":17740},"geometry":{"type":"Point","coordinates":[17.030882346860967,51.13440994731822]}},{"type":"Feature","properties":{"district":4,"street":"Obornicka","number":"70","postal_code":"51-114","source_objectid":17751},"geometry":{"type":"Point","coordinates":[17.02783273229485,51.139244517122286]}},{"type":"Feature","properties":{"district":5,"street":"Morawska","number":"25b","postal_code":"51-111","source_objectid":17776},"geometry":{"type":"Point","coordinates":[17.02020908003022,51.13723054805892]}},{"type":"Feature","properties":{"district":5,"street":"Jugosłowiańska","number":"74","postal_code":"51-112","source_objectid":17792},"geometry":{"type":"Point","coordinates":[17.023525066385734,51.13574237957656]}},{"type":"Feature","properties":{"district":1,"street":"Franciszka Karpińskiego","number":"28","postal_code":"51-144","source_objectid":17806},"geometry":{"type":"Point","coordinates":[17.054367909547487,51.1402308194963]}},{"type":"Feature","properties":{"district":2,"street":"Sołtysowicka","number":"23","postal_code":"51-168","source_objectid":17826},"geometry":{"type":"Point","coordinates":[17.07102721265374,51.14229768566443]}},{"type":"Feature","properties":{"district":1,"street":"Bolesława Krzywoustego","number":"111","postal_code":"51-421","source_objectid":17827},"geometry":{"type":"Point","coordinates":[17.079539850055625,51.13814271721847]}},{"type":"Feature","properties":{"district":1,"street":"Marcina Kromera","number":"17","postal_code":"51-163","source_objectid":17868},"geometry":{"type":"Point","coordinates":[17.06405622391573,51.13155276367953]}},{"type":"Feature","properties":{"district":3,"street":"Władysława Syrokomli","number":"56a","postal_code":"51-141","source_objectid":17892},"geometry":{"type":"Point","coordinates":[17.04688811942367,51.14202119527419]}},{"type":"Feature","properties":{"district":4,"street":"Zawalna","number":"19","postal_code":"51-139","source_objectid":17907},"geometry":{"type":"Point","coordinates":[17.039992297011462,51.13531136804267]}},{"type":"Feature","properties":{"district":3,"street":"Bohdana Zaleskiego","number":"8","postal_code":"51-138","source_objectid":17917},"geometry":{"type":"Point","coordinates":[17.039485775809524,51.13977793283373]}},{"type":"Feature","properties":{"district":1,"street":"bp. Ignacego Krasickiego","number":"20","postal_code":"51-144","source_objectid":17919},"geometry":{"type":"Point","coordinates":[17.055907094051395,51.140273019129815]}},{"type":"Feature","properties":{"district":2,"street":"Sołtysowicka","number":"1","postal_code":"51-168","source_objectid":17926},"geometry":{"type":"Point","coordinates":[17.068680826345773,51.138357856309966]}},{"type":"Feature","properties":{"district":5,"street":"Zaułek Rogoziński","number":"11a","postal_code":"51-116","source_objectid":17943},"geometry":{"type":"Point","coordinates":[17.029842761201184,51.14087286396078]}},{"type":"Feature","properties":{"district":1,"street":"Tadeusza Boya-Żeleńskiego","number":"28","postal_code":"51-160","source_objectid":18023},"geometry":{"type":"Point","coordinates":[17.056791547838436,51.13568570327238]}},{"type":"Feature","properties":{"district":1,"street":"Łąka Mazurska","number":"7","postal_code":"51-164","source_objectid":18034},"geometry":{"type":"Point","coordinates":[17.06479714877827,51.130723409157504]}},{"type":"Feature","properties":{"district":1,"street":"Bolesława Krzywoustego","number":"77","postal_code":"51-166","source_objectid":18036},"geometry":{"type":"Point","coordinates":[17.076275500868906,51.138145405255905]}},{"type":"Feature","properties":{"district":4,"street":"Zawalna","number":"2","postal_code":"51-118","source_objectid":18067},"geometry":{"type":"Point","coordinates":[17.03721950374919,51.134000005734485]}},{"type":"Feature","properties":{"district":1,"street":"Kazimierza Przerwy-Tetmajera","number":"11","postal_code":"51-153","source_objectid":18104},"geometry":{"type":"Point","coordinates":[17.050446836664804,51.13550925175853]}},{"type":"Feature","properties":{"district":1,"street":"Franciszka Karpińskiego","number":"15","postal_code":"51-144","source_objectid":18107},"geometry":{"type":"Point","coordinates":[17.05541370134696,51.1394382578787]}},{"type":"Feature","properties":{"district":1,"street":"Kętrzyńska","number":"54","postal_code":"51-413","source_objectid":18110},"geometry":{"type":"Point","coordinates":[17.078671650400498,51.134701095995474]}},{"type":"Feature","properties":{"district":3,"street":"Kazimierza Brodzińskiego","number":"3","postal_code":"51-112","source_objectid":18136},"geometry":{"type":"Point","coordinates":[17.03747953413665,51.14107866474947]}},{"type":"Feature","properties":{"district":4,"street":"Obornicka","number":"8","postal_code":"51-113","source_objectid":18141},"geometry":{"type":"Point","coordinates":[17.03494609787881,51.134565244852375]}},{"type":"Feature","properties":{"district":5,"street":"Morawska","number":"8","postal_code":"51-111","source_objectid":18151},"geometry":{"type":"Point","coordinates":[17.02190456297664,51.13510677114941]}},{"type":"Feature","properties":{"district":2,"street":"Jana Kasprowicza","number":"111a","postal_code":"51-146","source_objectid":18157},"geometry":{"type":"Point","coordinates":[17.059246369878217,51.138385853795704]}},{"type":"Feature","properties":{"district":5,"street":"Jugosłowiańska","number":"46","postal_code":"51-112","source_objectid":18202},"geometry":{"type":"Point","coordinates":[17.027154772967005,51.13405317722679]}},{"type":"Feature","properties":{"district":1,"street":"Leopolda Staffa","number":"8","postal_code":"51-144","source_objectid":18238},"geometry":{"type":"Point","coordinates":[17.05837033826621,51.139312197892785]}},{"type":"Feature","properties":{"district":4,"street":"Zawalna","number":"13b","postal_code":"51-118","source_objectid":18245},"geometry":{"type":"Point","coordinates":[17.038851358168944,51.13489608694063]}},{"type":"Feature","properties":{"district":5,"street":"Obodrzycka","number":"4","postal_code":"51-112","source_objectid":18247},"geometry":{"type":"Point","coordinates":[17.02390068923694,51.13383344990136]}},{"type":"Feature","properties":{"district":3,"street":"Jana Brzechwy","number":"57","postal_code":"51-141","source_objectid":18309},"geometry":{"type":"Point","coordinates":[17.04615263614453,51.14154897853656]}},{"type":"Feature","properties":{"district":1,"street":"Stanisława Piętaka","number":"13","postal_code":"51-141","source_objectid":18320},"geometry":{"type":"Point","coordinates":[17.049185996504644,51.13820740825814]}},{"type":"Feature","properties":{"district":3,"street":"Jana Brzechwy","number":"85","postal_code":"51-141","source_objectid":18322},"geometry":{"type":"Point","coordinates":[17.045141097168912,51.142704927716444]}},{"type":"Feature","properties":{"district":1,"street":"Tadeusza Boya-Żeleńskiego","number":"47b","postal_code":"51-160","source_objectid":18347},"geometry":{"type":"Point","coordinates":[17.057475455993035,51.13424876571615]}},{"type":"Feature","properties":{"district":3,"street":"Kornela Ujejskiego","number":"6a","postal_code":"51-141","source_objectid":18370},"geometry":{"type":"Point","coordinates":[17.04505067022137,51.13948132196872]}},{"type":"Feature","properties":{"district":3,"street":"Henryka Michała Kamieńskiego","number":"37","postal_code":"51-124","source_objectid":18374},"geometry":{"type":"Point","coordinates":[17.03801061881989,51.14269242336957]}},{"type":"Feature","properties":{"district":1,"street":"Ludwika Nabielaka","number":"12","postal_code":"51-140","source_objectid":18401},"geometry":{"type":"Point","coordinates":[17.046020279176656,51.13858084046728]}},{"type":"Feature","properties":{"district":3,"street":"Roberta Kocha","number":"6","postal_code":"51-112","source_objectid":18405},"geometry":{"type":"Point","coordinates":[17.04003457578542,51.142091842491794]}},{"type":"Feature","properties":{"district":4,"street":"Żmigrodzka","number":"79","postal_code":"51-130","source_objectid":18443},"geometry":{"type":"Point","coordinates":[17.032591452161892,51.141219340845886]}},{"type":"Feature","properties":{"district":3,"street":"Kornela Makuszyńskiego","number":"14","postal_code":"51-142","source_objectid":18449},"geometry":{"type":"Point","coordinates":[17.05141590491526,51.1421640658696]}},{"type":"Feature","properties":{"district":2,"street":"Sołtysowicka","number":"21g","postal_code":"51-168","source_objectid":18450},"geometry":{"type":"Point","coordinates":[17.073800958673818,51.14039890702759]}},{"type":"Feature","properties":{"district":3,"street":"Filomatów","number":"11","postal_code":"51-142","source_objectid":18454},"geometry":{"type":"Point","coordinates":[17.050317828820177,51.142410909802486]}},{"type":"Feature","properties":{"district":3,"street":"Kazimierza Brodzińskiego","number":"5","postal_code":"51-112","source_objectid":18457},"geometry":{"type":"Point","coordinates":[17.037374323369555,51.141177152396985]}},{"type":"Feature","properties":{"district":5,"street":"Zaułek Rogoziński","number":"11b","postal_code":"51-116","source_objectid":18460},"geometry":{"type":"Point","coordinates":[17.03017185259836,51.14080810807066]}},{"type":"Feature","properties":{"district":2,"street":"Sołtysowicka","number":"6","postal_code":"51-168","source_objectid":18471},"geometry":{"type":"Point","coordinates":[17.06842483566383,51.139257828238684]}},{"type":"Feature","properties":{"district":5,"street":"Chorwacka","number":"4","postal_code":"51-107","source_objectid":18523},"geometry":{"type":"Point","coordinates":[17.023836516296086,51.13701769083308]}},{"type":"Feature","properties":{"district":5,"street":"Bezpieczna","number":"71","postal_code":"51-114","source_objectid":18541},"geometry":{"type":"Point","coordinates":[17.020606255728374,51.13949338710523]}},{"type":"Feature","properties":{"district":5,"street":"Serbska","number":"11","postal_code":"51-111","source_objectid":18582},"geometry":{"type":"Point","coordinates":[17.020227550366254,51.13537310315237]}},{"type":"Feature","properties":{"district":1,"street":"Kętrzyńska","number":"48a","postal_code":"51-413","source_objectid":18588},"geometry":{"type":"Point","coordinates":[17.078738328248612,51.13485576649849]}},{"type":"Feature","properties":{"district":5,"street":"Obodrzycka","number":"7a","postal_code":"51-112","source_objectid":18592},"geometry":{"type":"Point","coordinates":[17.02523394847961,51.134119707943206]}},{"type":"Feature","properties":{"district":2,"street":"Sołtysowicka","number":"10","postal_code":"51-168","source_objectid":18602},"geometry":{"type":"Point","coordinates":[17.06865141609107,51.13949850529457]}},{"type":"Feature","properties":{"district":2,"street":"Sołtysowicka","number":"21d","postal_code":"51-168","source_objectid":18616},"geometry":{"type":"Point","coordinates":[17.072657129298744,51.14153478444638]}},{"type":"Feature","properties":{"district":1,"street":"Tadeusza Micińskiego","number":"4","postal_code":"51-152","source_objectid":18621},"geometry":{"type":"Point","coordinates":[17.057100097307433,51.13682005921821]}},{"type":"Feature","properties":{"district":5,"street":"Jugosłowiańska","number":"104","postal_code":"51-112","source_objectid":18622},"geometry":{"type":"Point","coordinates":[17.021860683367326,51.136908193181576]}},{"type":"Feature","properties":{"district":5,"street":"Osobowicka","number":"43","postal_code":"51-110","source_objectid":18645},"geometry":{"type":"Point","coordinates":[17.01973910564963,51.13408235519416]}},{"type":"Feature","properties":{"district":1,"street":"Bolesława Leśmiana","number":"13","postal_code":"51-141","source_objectid":18647},"geometry":{"type":"Point","coordinates":[17.048533272483553,51.1408465918336]}},{"type":"Feature","properties":{"district":5,"street":"Bezpieczna","number":"29","postal_code":"51-114","source_objectid":18654},"geometry":{"type":"Point","coordinates":[17.02277623373225,51.14059332716629]}},{"type":"Feature","properties":{"district":3,"street":"Henryka Michała Kamieńskiego","number":"88","postal_code":"51-124","source_objectid":18658},"geometry":{"type":"Point","coordinates":[17.040660143342148,51.146842111466256]}},{"type":"Feature","properties":{"district":5,"street":"Jugosłowiańska","number":"84","postal_code":"51-112","source_objectid":18685},"geometry":{"type":"Point","coordinates":[17.022948367173104,51.136152867366256]}},{"type":"Feature","properties":{"district":1,"street":"Wacława Berenta","number":"64","postal_code":"51-152","source_objectid":18690},"geometry":{"type":"Point","coordinates":[17.05956064403942,51.13802132545089]}},{"type":"Feature","properties":{"district":5,"street":"Jugosłowiańska","number":"134","postal_code":"51-112","source_objectid":18694},"geometry":{"type":"Point","coordinates":[17.019187694966565,51.13873613946791]}},{"type":"Feature","properties":{"district":5,"street":"Jugosłowiańska","number":"92","postal_code":"51-112","source_objectid":18715},"geometry":{"type":"Point","coordinates":[17.022502242858444,51.13645180330953]}},{"type":"Feature","properties":{"district":3,"street":"Ignacego Chrzanowskiego","number":"4","postal_code":"51-147","source_objectid":18721},"geometry":{"type":"Point","coordinates":[17.05298008626427,51.14266591289927]}},{"type":"Feature","properties":{"district":5,"street":"Bałtycka","number":"19","postal_code":"51-109","source_objectid":18729},"geometry":{"type":"Point","coordinates":[17.03249917037921,51.139098485381815]}},{"type":"Feature","properties":{"district":3,"street":"Samuela Bogumiła Lindego","number":"9","postal_code":"51-138","source_objectid":18732},"geometry":{"type":"Point","coordinates":[17.040070002137423,51.13740450909027]}},{"type":"Feature","properties":{"district":2,"street":"Piotra Czajkowskiego","number":"38","postal_code":"51-171","source_objectid":18795},"geometry":{"type":"Point","coordinates":[17.065419732813474,51.13894788370446]}},{"type":"Feature","properties":{"district":3,"street":"Henryka Michała Kamieńskiego","number":"84","postal_code":"51-124","source_objectid":18830},"geometry":{"type":"Point","coordinates":[17.040871922757727,51.14659949208188]}},{"type":"Feature","properties":{"district":3,"street":"Filomatów","number":"13","postal_code":"51-142","source_objectid":18839},"geometry":{"type":"Point","coordinates":[17.050254508309248,51.14254660659824]}},{"type":"Feature","properties":{"district":2,"street":"Koszarowa","number":"32","postal_code":"51-149","source_objectid":18842},"geometry":{"type":"Point","coordinates":[17.06199623082226,51.14158160548478]}},{"type":"Feature","properties":{"district":3,"street":"Krzysztofa Kamila Baczyńskiego","number":"25","postal_code":"51-122","source_objectid":18847},"geometry":{"type":"Point","coordinates":[17.038995874340177,51.142502526290684]}},{"type":"Feature","properties":{"district":4,"street":"Na Polance","number":"14","postal_code":"51-109","source_objectid":18872},"geometry":{"type":"Point","coordinates":[17.03188587709252,51.133046032324906]}},{"type":"Feature","properties":{"district":3,"street":"Kornela Ujejskiego","number":"9a","postal_code":"51-141","source_objectid":18878},"geometry":{"type":"Point","coordinates":[17.0456131682154,51.13962937926315]}},{"type":"Feature","properties":{"district":3,"street":"Jana Brzechwy","number":"54","postal_code":"51-141","source_objectid":18916},"geometry":{"type":"Point","coordinates":[17.045022327982505,51.14166112379086]}},{"type":"Feature","properties":{"district":1,"street":"Kazimierza Przerwy-Tetmajera","number":"3","postal_code":"51-153","source_objectid":18945},"geometry":{"type":"Point","coordinates":[17.050887263525702,51.13615351899481]}},{"type":"Feature","properties":{"district":1,"street":"bp. Ignacego Krasickiego","number":"9","postal_code":"51-144","source_objectid":18971},"geometry":{"type":"Point","coordinates":[17.05746338570557,51.139556691943966]}},{"type":"Feature","properties":{"district":3,"street":"Marii Konopnickiej","number":"27","postal_code":"51-142","source_objectid":18991},"geometry":{"type":"Point","coordinates":[17.04959794240888,51.141332373556295]}},{"type":"Feature","properties":{"district":3,"street":"Stanisława Grochowiaka","number":"14","postal_code":"51-142","source_objectid":19002},"geometry":{"type":"Point","coordinates":[17.04588506457084,51.14391460392144]}},{"type":"Feature","properties":{"district":5,"street":"Osobowicka","number":"45a","postal_code":"51-110","source_objectid":19037},"geometry":{"type":"Point","coordinates":[17.017950966802303,51.134090133080434]}},{"type":"Feature","properties":{"district":4,"street":"Paprotna","number":"3","postal_code":"51-117","source_objectid":19070},"geometry":{"type":"Point","coordinates":[17.02310546569688,51.150262834339614]}},{"type":"Feature","properties":{"district":1,"street":"Marcina Kromera","number":"44a","postal_code":"51-163","source_objectid":19100},"geometry":{"type":"Point","coordinates":[17.065360211827986,51.1330820107484]}},{"type":"Feature","properties":{"district":3,"street":"Władysława Syrokomli","number":"24","postal_code":"51-141","source_objectid":19102},"geometry":{"type":"Point","coordinates":[17.04752733447283,51.13954460562362]}},{"type":"Feature","properties":{"district":2,"street":"Koszarowa","number":"6b","postal_code":"51-149","source_objectid":19111},"geometry":{"type":"Point","coordinates":[17.068646404546655,51.14026029162941]}},{"type":"Feature","properties":{"district":4,"street":"Obornicka","number":"56","postal_code":"51-113","source_objectid":19114},"geometry":{"type":"Point","coordinates":[17.028625873698033,51.13804687127425]}},{"type":"Feature","properties":{"district":5,"street":"Serbska","number":"10","postal_code":"51-111","source_objectid":19120},"geometry":{"type":"Point","coordinates":[17.01974161874946,51.135225493139004]}},{"type":"Feature","properties":{"district":1,"street":"Leopolda Staffa","number":"44","postal_code":"51-144","source_objectid":19174},"geometry":{"type":"Point","coordinates":[17.057907766058914,51.1409478047066]}},{"type":"Feature","properties":{"district":3,"street":"Władysława Syrokomli","number":"6","postal_code":"51-141","source_objectid":19235},"geometry":{"type":"Point","coordinates":[17.047940840312798,51.1377884115586]}},{"type":"Feature","properties":{"district":3,"street":"Samuela Bogumiła Lindego","number":"13","postal_code":"51-138","source_objectid":19254},"geometry":{"type":"Point","coordinates":[17.039949723858708,51.13780437027185]}},{"type":"Feature","properties":{"district":3,"street":"Stanisława Grochowiaka","number":"8","postal_code":"51-142","source_objectid":19258},"geometry":{"type":"Point","coordinates":[17.04582547050541,51.14335383859689]}},{"type":"Feature","properties":{"district":1,"street":"Tadeusza Zelenaya","number":"24","postal_code":"51-140","source_objectid":19269},"geometry":{"type":"Point","coordinates":[17.045276128196402,51.13822916114084]}},{"type":"Feature","properties":{"district":3,"street":"Roberta Kocha","number":"3","postal_code":"51-112","source_objectid":19283},"geometry":{"type":"Point","coordinates":[17.040545236795296,51.14199064728011]}},{"type":"Feature","properties":{"district":1,"street":"Juliana Klaczki","number":"24","postal_code":"51-151","source_objectid":19284},"geometry":{"type":"Point","coordinates":[17.061783259209903,51.13720166627712]}},{"type":"Feature","properties":{"district":3,"street":"Henryka Michała Kamieńskiego","number":"124","postal_code":"51-124","source_objectid":19300},"geometry":{"type":"Point","coordinates":[17.041574169665466,51.14836983300375]}},{"type":"Feature","properties":{"district":2,"street":"Sołtysowicka","number":"19a","postal_code":"51-168","source_objectid":19311},"geometry":{"type":"Point","coordinates":[17.07105516637898,51.14075121543367]}},{"type":"Feature","properties":{"district":3,"street":"Stanisława Grochowiaka","number":"5","postal_code":"51-142","source_objectid":19333},"geometry":{"type":"Point","coordinates":[17.04624831356917,51.14350230836941]}},{"type":"Feature","properties":{"district":1,"street":"Grudziądzka","number":"98a","postal_code":"51-165","source_objectid":19336},"geometry":{"type":"Point","coordinates":[17.074535080181924,51.13739826292599]}},{"type":"Feature","properties":{"district":3,"street":"Mieczysława Romanowskiego","number":"36a","postal_code":"51-122","source_objectid":19341},"geometry":{"type":"Point","coordinates":[17.039424778487117,51.14110030318306]}},{"type":"Feature","properties":{"district":1,"street":"Kętrzyńska","number":"40","postal_code":"51-413","source_objectid":19381},"geometry":{"type":"Point","coordinates":[17.07841197145069,51.134755019413674]}},{"type":"Feature","properties":{"district":3,"street":"Torowa","number":"22","postal_code":"51-125","source_objectid":19386},"geometry":{"type":"Point","coordinates":[17.038459213524227,51.149636903702934]}},{"type":"Feature","properties":{"district":1,"street":"Władysława Orkana","number":"24","postal_code":"51-153","source_objectid":19411},"geometry":{"type":"Point","coordinates":[17.053832600417568,51.13455453808909]}},{"type":"Feature","properties":{"district":1,"street":"Marcina Kromera","number":"51","postal_code":"51-163","source_objectid":19418},"geometry":{"type":"Point","coordinates":[17.069482070624584,51.1352156216521]}},{"type":"Feature","properties":{"district":3,"street":"Mieczysława Romanowskiego","number":"23a","postal_code":"51-122","source_objectid":19425},"geometry":{"type":"Point","coordinates":[17.03931554725696,51.14070903963954]}},{"type":"Feature","properties":{"district":5,"street":"Serbska","number":"27","postal_code":"51-111","source_objectid":19435},"geometry":{"type":"Point","coordinates":[17.018240188332786,51.13675209993537]}},{"type":"Feature","properties":{"district":3,"street":"Marii Konopnickiej","number":"36a","postal_code":"51-141","source_objectid":19436},"geometry":{"type":"Point","coordinates":[17.04630919533906,51.1412421353488]}},{"type":"Feature","properties":{"district":1,"street":"Tadeusza Micińskiego","number":"6a","postal_code":"51-152","source_objectid":19461},"geometry":{"type":"Point","coordinates":[17.05771624064264,51.136888887566066]}},{"type":"Feature","properties":{"district":1,"street":"Juliana Klaczki","number":"8","postal_code":"51-151","source_objectid":19493},"geometry":{"type":"Point","coordinates":[17.061690047933833,51.13627414062217]}},{"type":"Feature","properties":{"district":5,"street":"Chorwacka","number":"90","postal_code":"51-107","source_objectid":19494},"geometry":{"type":"Point","coordinates":[17.02489708177352,51.14036730149745]}},{"type":"Feature","properties":{"district":1,"street":"Tadeusza Boya-Żeleńskiego","number":"69d","postal_code":"51-162","source_objectid":19495},"geometry":{"type":"Point","coordinates":[17.061763609331837,51.13263201079354]}},{"type":"Feature","properties":{"district":1,"street":"Jana Długosza","number":"44","postal_code":"51-162","source_objectid":19562},"geometry":{"type":"Point","coordinates":[17.063336117594446,51.13458121882553]}},{"type":"Feature","properties":{"district":3,"street":"Henryka Michała Kamieńskiego","number":"61","postal_code":"51-124","source_objectid":19573},"geometry":{"type":"Point","coordinates":[17.042790104722634,51.14618436918229]}},{"type":"Feature","properties":{"district":1,"street":"Bolesława Krzywoustego","number":"7a","postal_code":"51-165","source_objectid":19578},"geometry":{"type":"Point","coordinates":[17.071374882539338,51.13552892652694]}},{"type":"Feature","properties":{"district":5,"street":"Jugosłowiańska","number":"62a","postal_code":"51-112","source_objectid":19594},"geometry":{"type":"Point","coordinates":[17.02521848601565,51.134707467049964]}},{"type":"Feature","properties":{"district":5,"street":"Łużycka","number":"18a","postal_code":"51-111","source_objectid":19597},"geometry":{"type":"Point","coordinates":[17.018162746140096,51.13763640118476]}},{"type":"Feature","properties":{"district":2,"street":"Sportowa","number":"28a","postal_code":"51-149","source_objectid":19605},"geometry":{"type":"Point","coordinates":[17.06366695578785,51.144598823468556]}},{"type":"Feature","properties":{"district":3,"street":"Kazimierza Brodzińskiego","number":"8","postal_code":"51-112","source_objectid":19607},"geometry":{"type":"Point","coordinates":[17.036659172975465,51.14142365727451]}},{"type":"Feature","properties":{"district":4,"street":"Obornicka","number":"14","postal_code":"51-113","source_objectid":19613},"geometry":{"type":"Point","coordinates":[17.03458311708964,51.13493927520331]}},{"type":"Feature","properties":{"district":3,"street":"Marii Konopnickiej","number":"53","postal_code":"51-142","source_objectid":19630},"geometry":{"type":"Point","coordinates":[17.054023636977853,51.14126255383782]}},{"type":"Feature","properties":{"district":1,"street":"bp. Ignacego Krasickiego","number":"6","postal_code":"51-144","source_objectid":19641},"geometry":{"type":"Point","coordinates":[17.057420601812463,51.13909847793024]}},{"type":"Feature","properties":{"district":3,"street":"Jana Brzechwy","number":"6a","postal_code":"51-141","source_objectid":19642},"geometry":{"type":"Point","coordinates":[17.04609995905924,51.13898294993504]}},{"type":"Feature","properties":{"district":5,"street":"Bułgarska","number":"15","postal_code":"51-112","source_objectid":19647},"geometry":{"type":"Point","coordinates":[17.027323857430645,51.13602605219703]}},{"type":"Feature","properties":{"district":2,"street":"Sołtysowicka","number":"15a","postal_code":"51-168","source_objectid":19649},"geometry":{"type":"Point","coordinates":[17.070594036933034,51.14022161366101]}},{"type":"Feature","properties":{"district":5,"street":"Osobowicka","number":"27b","postal_code":"51-110","source_objectid":19688},"geometry":{"type":"Point","coordinates":[17.0233825153672,51.13356453102462]}},{"type":"Feature","properties":{"district":5,"street":"Serbska","number":"8d","postal_code":"51-111","source_objectid":19699},"geometry":{"type":"Point","coordinates":[17.0195966622596,51.13503045186633]}},{"type":"Feature","properties":{"district":1,"street":"Juliana Klaczki","number":"25","postal_code":"51-151","source_objectid":19713},"geometry":{"type":"Point","coordinates":[17.06301003626567,51.13649319333051]}},{"type":"Feature","properties":{"district":5,"street":"Bałtycka","number":"1","postal_code":"51-109","source_objectid":19719},"geometry":{"type":"Point","coordinates":[17.032520015710812,51.13843825100938]}},{"type":"Feature","properties":{"district":5,"street":"Bezpieczna","number":"67","postal_code":"51-114","source_objectid":19720},"geometry":{"type":"Point","coordinates":[17.020703355907305,51.139920220073215]}},{"type":"Feature","properties":{"district":3,"street":"Wincentego Pola","number":"35","postal_code":"51-140","source_objectid":19747},"geometry":{"type":"Point","coordinates":[17.043070810960803,51.139792802773975]}},{"type":"Feature","properties":{"district":3,"street":"Władysława Syrokomli","number":"49a","postal_code":"51-141","source_objectid":19752},"geometry":{"type":"Point","coordinates":[17.047836093478068,51.14197648473966]}},{"type":"Feature","properties":{"district":5,"street":"Teodora Parnickiego","number":"9","postal_code":"51-116","source_objectid":19772},"geometry":{"type":"Point","coordinates":[17.029653694439865,51.13887259914178]}},{"type":"Feature","properties":{"district":5,"street":"Chorwacka","number":"44","postal_code":"51-107","source_objectid":19775},"geometry":{"type":"Point","coordinates":[17.023755022093734,51.1380564758608]}},{"type":"Feature","properties":{"district":3,"street":"Jutrosińska","number":"19","postal_code":"51-124","source_objectid":19787},"geometry":{"type":"Point","coordinates":[17.04561516480805,51.14623509885709]}},{"type":"Feature","properties":{"district":4,"street":"ks. Norberta Bonczyka","number":"35","postal_code":"51-138","source_objectid":19802},"geometry":{"type":"Point","coordinates":[17.038628749457786,51.13830351980029]}},{"type":"Feature","properties":{"district":5,"street":"Łużycka","number":"6","postal_code":"51-111","source_objectid":19812},"geometry":{"type":"Point","coordinates":[17.016874464839983,51.13670782384951]}},{"type":"Feature","properties":{"district":4,"street":"Obornicka","number":"113d","postal_code":"51-114","source_objectid":19838},"geometry":{"type":"Point","coordinates":[17.026029815211064,51.143772383035284]}},{"type":"Feature","properties":{"district":3,"street":"Władysława Syrokomli","number":"18","postal_code":"51-141","source_objectid":19839},"geometry":{"type":"Point","coordinates":[17.047622550035207,51.139066709507404]}},{"type":"Feature","properties":{"district":1,"street":"Wacława Berenta","number":"3","postal_code":"51-152","source_objectid":19874},"geometry":{"type":"Point","coordinates":[17.056390087493117,51.1341451905883]}},{"type":"Feature","properties":{"district":1,"street":"Władysława Orkana","number":"65","postal_code":"51-153","source_objectid":19878},"geometry":{"type":"Point","coordinates":[17.058048522274145,51.133529347796646]}},{"type":"Feature","properties":{"district":3,"street":"Mieczysława Romanowskiego","number":"38","postal_code":"51-122","source_objectid":19882},"geometry":{"type":"Point","coordinates":[17.039716834838668,51.141207574739795]}},{"type":"Feature","properties":{"district":5,"street":"Chorwacka","number":"3","postal_code":"51-107","source_objectid":19897},"geometry":{"type":"Point","coordinates":[17.024585564867458,51.13594234965238]}},{"type":"Feature","properties":{"district":4,"street":"Jana Kasprowicza","number":"13a","postal_code":"51-136","source_objectid":19912},"geometry":{"type":"Point","coordinates":[17.038533764671445,51.13585388602852]}},{"type":"Feature","properties":{"district":4,"street":"Macedońska","number":"31","postal_code":"51-113","source_objectid":19914},"geometry":{"type":"Point","coordinates":[17.029905311563493,51.13548856178915]}},{"type":"Feature","properties":{"district":5,"street":"Czeska","number":"29","postal_code":"51-112","source_objectid":19931},"geometry":{"type":"Point","coordinates":[17.026523674099877,51.13607537290436]}},{"type":"Feature","properties":{"district":3,"street":"Wincentego Pola","number":"3","postal_code":"51-140","source_objectid":19946},"geometry":{"type":"Point","coordinates":[17.043895247555962,51.13727450674383]}},{"type":"Feature","properties":{"district":5,"street":"Czeska","number":"15","postal_code":"51-112","source_objectid":19954},"geometry":{"type":"Point","coordinates":[17.024339567865653,51.134798017288404]}},{"type":"Feature","properties":{"district":3,"street":"Wincentego Pola","number":"32","postal_code":"51-140","source_objectid":19959},"geometry":{"type":"Point","coordinates":[17.04265678004942,51.13984565360066]}},{"type":"Feature","properties":{"district":3,"street":"Ignacego Chrzanowskiego","number":"9","postal_code":"51-147","source_objectid":19969},"geometry":{"type":"Point","coordinates":[17.05200159508649,51.14287848352513]}},{"type":"Feature","properties":{"district":1,"street":"Jana Długosza","number":"4","postal_code":"51-162","source_objectid":19971},"geometry":{"type":"Point","coordinates":[17.059640909589994,51.13191289723715]}},{"type":"Feature","properties":{"district":1,"street":"Wacława Potockiego","number":"20","postal_code":"51-153","source_objectid":19992},"geometry":{"type":"Point","coordinates":[17.05284752156336,51.13609841985331]}},{"type":"Feature","properties":{"district":5,"street":"Czeska","number":"36a","postal_code":"51-112","source_objectid":20007},"geometry":{"type":"Point","coordinates":[17.026494517111576,51.136867280971586]}},{"type":"Feature","properties":{"district":1,"street":"Bolesława Krzywoustego","number":"31a","postal_code":"51-165","source_objectid":20024},"geometry":{"type":"Point","coordinates":[17.071325607904058,51.13594667016904]}},{"type":"Feature","properties":{"district":3,"street":"Wincentego Pola","number":"36a","postal_code":"51-140","source_objectid":20044},"geometry":{"type":"Point","coordinates":[17.04218666453445,51.14023663863262]}},{"type":"Feature","properties":{"district":4,"street":"Obornicka","number":"107","postal_code":"51-114","source_objectid":20045},"geometry":{"type":"Point","coordinates":[17.02636210565077,51.14356700343594]}},{"type":"Feature","properties":{"district":5,"street":"Jugosłowiańska","number":"59","postal_code":"51-112","source_objectid":20051},"geometry":{"type":"Point","coordinates":[17.025517858184756,51.135015583513216]}},{"type":"Feature","properties":{"district":3,"street":"Marii Konopnickiej","number":"9b","postal_code":"51-141","source_objectid":20053},"geometry":{"type":"Point","coordinates":[17.04325912212206,51.14075313387984]}},{"type":"Feature","properties":{"district":5,"street":"Obodrzycka","number":"9","postal_code":"51-112","source_objectid":20059},"geometry":{"type":"Point","coordinates":[17.025462278901443,51.13420163684521]}},{"type":"Feature","properties":{"district":3,"street":"Jana Brzechwy","number":"8b","postal_code":"51-141","source_objectid":20061},"geometry":{"type":"Point","coordinates":[17.04593349972767,51.13926501762708]}},{"type":"Feature","properties":{"district":5,"street":"Morawska","number":"4a","postal_code":"51-111","source_objectid":20070},"geometry":{"type":"Point","coordinates":[17.02263917122175,51.13481688308951]}},{"type":"Feature","properties":{"district":1,"street":"Wacława Berenta","number":"29","postal_code":"51-152","source_objectid":20102},"geometry":{"type":"Point","coordinates":[17.05813649197562,51.135833616655184]}},{"type":"Feature","properties":{"district":2,"street":"Piotra Czajkowskiego","number":"62a","postal_code":"51-171","source_objectid":20108},"geometry":{"type":"Point","coordinates":[17.061839884052507,51.13996970588855]}},{"type":"Feature","properties":{"district":5,"street":"Czeska","number":"11","postal_code":"51-112","source_objectid":20129},"geometry":{"type":"Point","coordinates":[17.023912881716125,51.13453392738792]}},{"type":"Feature","properties":{"district":5,"street":"Osobowicka","number":"27c","postal_code":"51-110","source_objectid":20130},"geometry":{"type":"Point","coordinates":[17.023262399243805,51.1335731558146]}},{"type":"Feature","properties":{"district":5,"street":"Bezpieczna","number":"36","postal_code":"51-114","source_objectid":20161},"geometry":{"type":"Point","coordinates":[17.021845328401163,51.138928373850256]}},{"type":"Feature","properties":{"district":5,"street":"Morawska","number":"14","postal_code":"51-111","source_objectid":20192},"geometry":{"type":"Point","coordinates":[17.02130913520701,51.13573506664384]}},{"type":"Feature","properties":{"district":2,"street":"Stanisława Przybyszewskiego","number":"37","postal_code":"51-151","source_objectid":20227},"geometry":{"type":"Point","coordinates":[17.06068871955075,51.13684552978995]}},{"type":"Feature","properties":{"district":4,"street":"Jana Kasprowicza","number":"9","postal_code":"51-136","source_objectid":20241},"geometry":{"type":"Point","coordinates":[17.03820235336132,51.13570315530875]}},{"type":"Feature","properties":{"district":3,"street":"Władysława Syrokomli","number":"22","postal_code":"51-141","source_objectid":20242},"geometry":{"type":"Point","coordinates":[17.047569746189364,51.13936755839871]}},{"type":"Feature","properties":{"district":5,"street":"Morawska","number":"21","postal_code":"51-111","source_objectid":20243},"geometry":{"type":"Point","coordinates":[17.020452420159643,51.13663807047093]}},{"type":"Feature","properties":{"district":3,"street":"Mieczysława Romanowskiego","number":"21b","postal_code":"51-122","source_objectid":20262},"geometry":{"type":"Point","coordinates":[17.038857940134157,51.14042434444497]}},{"type":"Feature","properties":{"district":2,"street":"Koszarowa","number":"8b","postal_code":"51-149","source_objectid":20270},"geometry":{"type":"Point","coordinates":[17.066194591375726,51.14071722758084]}},{"type":"Feature","properties":{"district":1,"street":"Wacława Potockiego","number":"5","postal_code":"51-153","source_objectid":20272},"geometry":{"type":"Point","coordinates":[17.049813239164,51.13654833402119]}},{"type":"Feature","properties":{"district":5,"street":"Bułgarska","number":"1a","postal_code":"51-112","source_objectid":20305},"geometry":{"type":"Point","coordinates":[17.027210848534658,51.13512138352702]}},{"type":"Feature","properties":{"district":1,"street":"Zenona Miriama Przesmyckiego","number":"31-33","postal_code":"51-151","source_objectid":20323},"geometry":{"type":"Point","coordinates":[17.066704830928817,51.13769793410711]}},{"type":"Feature","properties":{"district":4,"street":"Paprotna","number":"3a","postal_code":"51-117","source_objectid":20334},"geometry":{"type":"Point","coordinates":[17.02477053321862,51.14929614404453]}},{"type":"Feature","properties":{"district":1,"street":"Wacława Berenta","number":"68","postal_code":"51-152","source_objectid":20340},"geometry":{"type":"Point","coordinates":[17.059636275278564,51.138349929527436]}},{"type":"Feature","properties":{"district":4,"street":"Obornicka","number":"77b","postal_code":"51-114","source_objectid":20349},"geometry":{"type":"Point","coordinates":[17.028138372505975,51.14030369218994]}},{"type":"Feature","properties":{"district":4,"street":"Obornicka","number":"106","postal_code":"51-114","source_objectid":20362},"geometry":{"type":"Point","coordinates":[17.02433125573528,51.141542375672316]}},{"type":"Feature","properties":{"district":3,"street":"Ignacego Chrzanowskiego","number":"20","postal_code":"51-141","source_objectid":20436},"geometry":{"type":"Point","coordinates":[17.05111254169272,51.1426889101083]}},{"type":"Feature","properties":{"district":2,"street":"Koszarowa","number":"70","postal_code":"51-149","source_objectid":20439},"geometry":{"type":"Point","coordinates":[17.05903440209596,51.14205340304617]}},{"type":"Feature","properties":{"district":1,"street":"Kętrzyńska","number":"23","postal_code":"51-413","source_objectid":20469},"geometry":{"type":"Point","coordinates":[17.076804376098146,51.13403388505835]}},{"type":"Feature","properties":{"district":1,"street":"Kętrzyńska","number":"52a","postal_code":"51-413","source_objectid":20494},"geometry":{"type":"Point","coordinates":[17.078685146717223,51.13473227947977]}},{"type":"Feature","properties":{"district":4,"street":"Obornicka","number":"207","postal_code":"51-114","source_objectid":20496},"geometry":{"type":"Point","coordinates":[17.016241473252403,51.153280659865175]}},{"type":"Feature","properties":{"district":1,"street":"Wacława Potockiego","number":"38a","postal_code":"51-153","source_objectid":20521},"geometry":{"type":"Point","coordinates":[17.055536223146092,51.13495547476999]}},{"type":"Feature","properties":{"district":5,"street":"Łużycka","number":"2b","postal_code":"51-111","source_objectid":20536},"geometry":{"type":"Point","coordinates":[17.01645556895958,51.13644746698869]}},{"type":"Feature","properties":{"district":3,"street":"Roberta Kocha","number":"7","postal_code":"51-112","source_objectid":20544},"geometry":{"type":"Point","coordinates":[17.040383823073817,51.1426344017564]}},{"type":"Feature","properties":{"district":5,"street":"Chorwacka","number":"32","postal_code":"51-107","source_objectid":20556},"geometry":{"type":"Point","coordinates":[17.02516554511098,51.13786196493]}},{"type":"Feature","properties":{"district":5,"street":"Serbska","number":"21","postal_code":"51-111","source_objectid":20589},"geometry":{"type":"Point","coordinates":[17.018877183101804,51.136309742366706]}},{"type":"Feature","properties":{"district":3,"street":"Tadeusza Gajcego","number":"13","postal_code":"51-143","source_objectid":20592},"geometry":{"type":"Point","coordinates":[17.049015659154882,51.13914965175462]}},{"type":"Feature","properties":{"district":3,"street":"Marii Konopnickiej","number":"1a","postal_code":"51-141","source_objectid":20600},"geometry":{"type":"Point","coordinates":[17.04099549482637,51.14030501527036]}},{"type":"Feature","properties":{"district":5,"street":"Jugosłowiańska","number":"61a","postal_code":"51-112","source_objectid":20616},"geometry":{"type":"Point","coordinates":[17.025077915108525,51.1352095905071]}},{"type":"Feature","properties":{"district":3,"street":"Władysława Syrokomli","number":"51","postal_code":"51-141","source_objectid":20620},"geometry":{"type":"Point","coordinates":[17.047232679088218,51.14204562278719]}},{"type":"Feature","properties":{"district":3,"street":"Jana Brzechwy","number":"37","postal_code":"51-141","source_objectid":20636},"geometry":{"type":"Point","coordinates":[17.04641824621746,51.140446560299054]}},{"type":"Feature","properties":{"district":2,"street":"Sportowa","number":"36","postal_code":"51-149","source_objectid":20638},"geometry":{"type":"Point","coordinates":[17.063608541361386,51.145094187608045]}},{"type":"Feature","properties":{"district":2,"street":"Sportowa","number":"30","postal_code":"51-149","source_objectid":20664},"geometry":{"type":"Point","coordinates":[17.063353269507576,51.1447571451707]}},{"type":"Feature","properties":{"district":1,"street":"Wacława Potockiego","number":"5b","postal_code":"51-153","source_objectid":20684},"geometry":{"type":"Point","coordinates":[17.049457988326633,51.13654894415375]}},{"type":"Feature","properties":{"district":4,"street":"Paprotna","number":"4","postal_code":"51-117","source_objectid":20701},"geometry":{"type":"Point","coordinates":[17.022939063004337,51.15072216703434]}},{"type":"Feature","properties":{"district":4,"street":"Macedońska","number":"2","postal_code":"51-113","source_objectid":20718},"geometry":{"type":"Point","coordinates":[17.029602538871718,51.13404467481286]}},{"type":"Feature","properties":{"district":5,"street":"Lutycka","number":"7a","postal_code":"51-112","source_objectid":20759},"geometry":{"type":"Point","coordinates":[17.026070432419235,51.13408678095983]}},{"type":"Feature","properties":{"district":5,"street":"Jugosłowiańska","number":"120","postal_code":"51-112","source_objectid":20760},"geometry":{"type":"Point","coordinates":[17.02096419383212,51.13757049341993]}},{"type":"Feature","properties":{"district":4,"street":"Obornicka","number":"92","postal_code":"51-114","source_objectid":20832},"geometry":{"type":"Point","coordinates":[17.025748381710336,51.141679981354955]}},{"type":"Feature","properties":{"district":3,"street":"Kornela Ujejskiego","number":"27","postal_code":"51-141","source_objectid":20861},"geometry":{"type":"Point","coordinates":[17.044866138197374,51.14210538392187]}},{"type":"Feature","properties":{"district":1,"street":"Leopolda Staffa","number":"36","postal_code":"51-144","source_objectid":20878},"geometry":{"type":"Point","coordinates":[17.05683033019306,51.140672317404174]}},{"type":"Feature","properties":{"district":3,"street":"Tadeusza Gajcego","number":"37","postal_code":"51-143","source_objectid":20942},"geometry":{"type":"Point","coordinates":[17.049508120705795,51.14057657233262]}},{"type":"Feature","properties":{"district":1,"street":"Tadeusza Boya-Żeleńskiego","number":"68","postal_code":"51-162","source_objectid":20946},"geometry":{"type":"Point","coordinates":[17.062598400813975,51.132731478247024]}},{"type":"Feature","properties":{"district":3,"street":"Włodzimierza Perzyńskiego","number":"4","postal_code":"51-141","source_objectid":20972},"geometry":{"type":"Point","coordinates":[17.043266651344542,51.14120602176061]}},{"type":"Feature","properties":{"district":1,"street":"Franciszka Karpińskiego","number":"9","postal_code":"51-144","source_objectid":20975},"geometry":{"type":"Point","coordinates":[17.055875695795546,51.13901637387791]}},{"type":"Feature","properties":{"district":1,"street":"Franciszka Karpińskiego","number":"7a","postal_code":"51-144","source_objectid":20977},"geometry":{"type":"Point","coordinates":[17.056520571293998,51.13904330593]}},{"type":"Feature","properties":{"district":3,"street":"Władysława Syrokomli","number":"26","postal_code":"51-141","source_objectid":21018},"geometry":{"type":"Point","coordinates":[17.04747568538008,51.139767065185914]}},{"type":"Feature","properties":{"district":4,"street":"Obornicka","number":"41","postal_code":"51-113","source_objectid":21065},"geometry":{"type":"Point","coordinates":[17.03168573372824,51.13767523568905]}},{"type":"Feature","properties":{"district":5,"street":"Młynarska","number":"2","postal_code":"51-116","source_objectid":21068},"geometry":{"type":"Point","coordinates":[17.030536440333183,51.14384446814607]}},{"type":"Feature","properties":{"district":5,"street":"Jugosłowiańska","number":"65d","postal_code":"51-112","source_objectid":21070},"geometry":{"type":"Point","coordinates":[17.023624332929515,51.13639327773733]}},{"type":"Feature","properties":{"district":1,"street":"Bolesława Krzywoustego","number":"33a","postal_code":"51-165","source_objectid":21080},"geometry":{"type":"Point","coordinates":[17.07177123953895,51.13706788915753]}},{"type":"Feature","properties":{"district":1,"street":"Tadeusza Boya-Żeleńskiego","number":"23","postal_code":"51-160","source_objectid":21082},"geometry":{"type":"Point","coordinates":[17.05530294392076,51.1358967661383]}},{"type":"Feature","properties":{"district":3,"street":"Wincentego Pola","number":"28a","postal_code":"51-140","source_objectid":21118},"geometry":{"type":"Point","coordinates":[17.042907451322336,51.13920108905562]}},{"type":"Feature","properties":{"district":1,"street":"Tadeusza Boya-Żeleńskiego","number":"8a","postal_code":"51-160","source_objectid":21139},"geometry":{"type":"Point","coordinates":[17.05437386647757,51.136896655010375]}},{"type":"Feature","properties":{"district":1,"street":"Ludwika Nabielaka","number":"17a","postal_code":"51-140","source_objectid":21163},"geometry":{"type":"Point","coordinates":[17.046538719065595,51.13829996164237]}},{"type":"Feature","properties":{"district":5,"street":"Jugosłowiańska","number":"86a","postal_code":"51-112","source_objectid":21177},"geometry":{"type":"Point","coordinates":[17.022614711816008,51.13592663234453]}},{"type":"Feature","properties":{"district":3,"street":"Ignacego Chrzanowskiego","number":"22","postal_code":"51-141","source_objectid":21204},"geometry":{"type":"Point","coordinates":[17.05086734886843,51.142707237133735]}},{"type":"Feature","properties":{"district":4,"street":"Obornicka","number":"124","postal_code":"51-114","source_objectid":21218},"geometry":{"type":"Point","coordinates":[17.022408056755065,51.14529400451318]}},{"type":"Feature","properties":{"district":3,"street":"Marii Konopnickiej","number":"5a","postal_code":"51-141","source_objectid":21226},"geometry":{"type":"Point","coordinates":[17.041785299725845,51.14061065526594]}},{"type":"Feature","properties":{"district":1,"street":"Adama Asnyka","number":"30","postal_code":"51-143","source_objectid":21227},"geometry":{"type":"Point","coordinates":[17.052843511658647,51.14054087045386]}},{"type":"Feature","properties":{"district":1,"street":"Władysława Orkana","number":"39","postal_code":"51-153","source_objectid":21236},"geometry":{"type":"Point","coordinates":[17.055241974389766,51.13381245583345]}},{"type":"Feature","properties":{"district":5,"street":"Bezpieczna","number":"11","postal_code":"51-114","source_objectid":21244},"geometry":{"type":"Point","coordinates":[17.023791238934948,51.141012837737634]}},{"type":"Feature","properties":{"district":1,"street":"Tadeusza Micińskiego","number":"3","postal_code":"51-152","source_objectid":21259},"geometry":{"type":"Point","coordinates":[17.05689277827771,51.13668255407076]}},{"type":"Feature","properties":{"district":3,"street":"Jutrosińska","number":"3","postal_code":"51-124","source_objectid":21292},"geometry":{"type":"Point","coordinates":[17.04281470976222,51.14673945576111]}},{"type":"Feature","properties":{"district":5,"street":"Chorwacka","number":"39a","postal_code":"51-107","source_objectid":21307},"geometry":{"type":"Point","coordinates":[17.025543696110272,51.13806441705674]}},{"type":"Feature","properties":{"district":3,"street":"Tadeusza Gajcego","number":"25","postal_code":"51-143","source_objectid":21358},"geometry":{"type":"Point","coordinates":[17.0492340678242,51.1397885746607]}},{"type":"Feature","properties":{"district":3,"street":"Roberta Kocha","number":"16","postal_code":"51-112","source_objectid":21382},"geometry":{"type":"Point","coordinates":[17.039422288153002,51.14274468630631]}},{"type":"Feature","properties":{"district":3,"street":"Henryka Michała Kamieńskiego","number":"86","postal_code":"51-124","source_objectid":21412},"geometry":{"type":"Point","coordinates":[17.040754281277295,51.14671823329093]}},{"type":"Feature","properties":{"district":3,"street":"Władysława Syrokomli","number":"8","postal_code":"51-141","source_objectid":21427},"geometry":{"type":"Point","coordinates":[17.047917567344243,51.13793200248114]}},{"type":"Feature","properties":{"district":1,"street":"Kętrzyńska","number":"36","postal_code":"51-413","source_objectid":21430},"geometry":{"type":"Point","coordinates":[17.078362863789298,51.134629343907065]}},{"type":"Feature","properties":{"district":3,"street":"Jana Brzechwy","number":"5","postal_code":"51-141","source_objectid":21463},"geometry":{"type":"Point","coordinates":[17.046748775552622,51.13908815096883]}},{"type":"Feature","properties":{"district":3,"street":"Filomatów","number":"2","postal_code":"51-142","source_objectid":21478},"geometry":{"type":"Point","coordinates":[17.050178301875786,51.14184230590718]}},{"type":"Feature","properties":{"district":1,"street":"Bolesława Krzywoustego","number":"9b","postal_code":"51-165","source_objectid":21491},"geometry":{"type":"Point","coordinates":[17.0703658739803,51.135975830819355]}},{"type":"Feature","properties":{"district":2,"street":"Piotra Czajkowskiego","number":"50","postal_code":"51-171","source_objectid":21492},"geometry":{"type":"Point","coordinates":[17.063929252655214,51.139504288350544]}},{"type":"Feature","properties":{"district":3,"street":"Kornela Ujejskiego","number":"18a","postal_code":"51-141","source_objectid":21545},"geometry":{"type":"Point","coordinates":[17.0440671562347,51.14054674058747]}},{"type":"Feature","properties":{"district":4,"street":"Kępińska","number":"7","postal_code":"51-132","source_objectid":21589},"geometry":{"type":"Point","coordinates":[17.035553685369464,51.14523727536756]}},{"type":"Feature","properties":{"district":3,"street":"Włodzimierza Perzyńskiego","number":"17","postal_code":"51-141","source_objectid":21599},"geometry":{"type":"Point","coordinates":[17.04380030350358,51.14195971759532]}},{"type":"Feature","properties":{"district":3,"street":"Torowa","number":"16","postal_code":"51-125","source_objectid":21653},"geometry":{"type":"Point","coordinates":[17.03981418410302,51.14970068727564]}},{"type":"Feature","properties":{"district":2,"street":"Stanisława Przybyszewskiego","number":"76","postal_code":"51-148","source_objectid":21723},"geometry":{"type":"Point","coordinates":[17.060560571896293,51.13913670530026]}},{"type":"Feature","properties":{"district":3,"street":"Jana Brzechwy","number":"17","postal_code":"51-141","source_objectid":21729},"geometry":{"type":"Point","coordinates":[17.046591414051218,51.1397473193682]}},{"type":"Feature","properties":{"district":3,"street":"Henryka Michała Kamieńskiego","number":"112","postal_code":"51-124","source_objectid":21734},"geometry":{"type":"Point","coordinates":[17.04134588073309,51.14755683645872]}},{"type":"Feature","properties":{"district":1,"street":"Leopolda Staffa","number":"2a","postal_code":"51-144","source_objectid":21749},"geometry":{"type":"Point","coordinates":[17.058932988951202,51.139030208916694]}},{"type":"Feature","properties":{"district":3,"street":"Wincentego Pola","number":"57","postal_code":"51-140","source_objectid":21755},"geometry":{"type":"Point","coordinates":[17.042532302723675,51.14135900302909]}},{"type":"Feature","properties":{"district":2,"street":"Sołtysowicka","number":"12","postal_code":"51-168","source_objectid":21767},"geometry":{"type":"Point","coordinates":[17.06874554645976,51.139598500380465]}},{"type":"Feature","properties":{"district":3,"street":"Henryka Michała Kamieńskiego","number":"55a","postal_code":"51-124","source_objectid":21787},"geometry":{"type":"Point","coordinates":[17.042390261282645,51.14578505772034]}},{"type":"Feature","properties":{"district":1,"street":"Ludwika Nabielaka","number":"6a","postal_code":"51-140","source_objectid":21801},"geometry":{"type":"Point","coordinates":[17.044978685655806,51.13857991782871]}},{"type":"Feature","properties":{"district":3,"street":"Henryka Michała Kamieńskiego","number":"43","postal_code":"51-124","source_objectid":21809},"geometry":{"type":"Point","coordinates":[17.038623663756155,51.143039412222706]}},{"type":"Feature","properties":{"district":3,"street":"Tadeusza Gajcego","number":"33","postal_code":"51-143","source_objectid":21819},"geometry":{"type":"Point","coordinates":[17.049475203456936,51.140220157735]}},{"type":"Feature","properties":{"district":5,"street":"Obodrzycka","number":"8","postal_code":"51-112","source_objectid":21838},"geometry":{"type":"Point","coordinates":[17.024644732246944,51.134123650132594]}},{"type":"Feature","properties":{"district":3,"street":"Samuela Bogumiła Lindego","number":"12","postal_code":"51-138","source_objectid":21844},"geometry":{"type":"Point","coordinates":[17.039636764900468,51.1376841981888]}},{"type":"Feature","properties":{"district":5,"street":"Łużycka","number":"8","postal_code":"51-111","source_objectid":21846},"geometry":{"type":"Point","coordinates":[17.017186373168585,51.13693295760802]}},{"type":"Feature","properties":{"district":3,"street":"Wacława Gąsiorowskiego","number":"23","postal_code":"51-142","source_objectid":21876},"geometry":{"type":"Point","coordinates":[17.045076142215933,51.143367185474325]}},{"type":"Feature","properties":{"district":1,"street":"Zenona Miriama Przesmyckiego","number":"11","postal_code":"51-151","source_objectid":21912},"geometry":{"type":"Point","coordinates":[17.06304205479995,51.137452707154345]}},{"type":"Feature","properties":{"district":2,"street":"Jana Kasprowicza","number":"92","postal_code":"51-145","source_objectid":21914},"geometry":{"type":"Point","coordinates":[17.05705283289152,51.13853139553705]}},{"type":"Feature","properties":{"district":2,"street":"Stanisława Przybyszewskiego","number":"44","postal_code":"51-148","source_objectid":21921},"geometry":{"type":"Point","coordinates":[17.060317479978032,51.13768433733211]}},{"type":"Feature","properties":{"district":3,"street":"Seweryna Goszczyńskiego","number":"4","postal_code":"51-138","source_objectid":21925},"geometry":{"type":"Point","coordinates":[17.042020054940092,51.13964845697407]}},{"type":"Feature","properties":{"district":1,"street":"Adama Asnyka","number":"12","postal_code":"51-143","source_objectid":21938},"geometry":{"type":"Point","coordinates":[17.05262189869714,51.138960297037606]}},{"type":"Feature","properties":{"district":1,"street":"Kazimierza Przerwy-Tetmajera","number":"7","postal_code":"51-153","source_objectid":21948},"geometry":{"type":"Point","coordinates":[17.050667723012083,51.13585214815306]}},{"type":"Feature","properties":{"district":3,"street":"Wincentego Pola","number":"29","postal_code":"51-140","source_objectid":21954},"geometry":{"type":"Point","coordinates":[17.043300035502686,51.139320672097924]}},{"type":"Feature","properties":{"district":3,"street":"Mieczysława Romanowskiego","number":"34","postal_code":"51-122","source_objectid":21967},"geometry":{"type":"Point","coordinates":[17.038971673757704,51.1409791401242]}},{"type":"Feature","properties":{"district":3,"street":"Marii Konopnickiej","number":"31a","postal_code":"51-142","source_objectid":21981},"geometry":{"type":"Point","coordinates":[17.0503016029495,51.14144178501978]}},{"type":"Feature","properties":{"district":3,"street":"Kornela Ujejskiego","number":"13","postal_code":"51-141","source_objectid":21982},"geometry":{"type":"Point","coordinates":[17.045238130379715,51.14010937668827]}},{"type":"Feature","properties":{"district":3,"street":"Wincentego Pola","number":"48b","postal_code":"51-140","source_objectid":21998},"geometry":{"type":"Point","coordinates":[17.041864047322644,51.14162911683965]}},{"type":"Feature","properties":{"district":5,"street":"Jugosłowiańska","number":"54b","postal_code":"51-112","source_objectid":22016},"geometry":{"type":"Point","coordinates":[17.02675818785937,51.13408313027371]}},{"type":"Feature","properties":{"district":5,"street":"Jugosłowiańska","number":"94a","postal_code":"51-112","source_objectid":22018},"geometry":{"type":"Point","coordinates":[17.022152143200483,51.1362423750445]}},{"type":"Feature","properties":{"district":1,"street":"Bolesława Krzywoustego","number":"9a","postal_code":"51-165","source_objectid":22032},"geometry":{"type":"Point","coordinates":[17.070277196671633,51.13590687658068]}},{"type":"Feature","properties":{"district":4,"street":"Obornicka","number":"77c","postal_code":"51-114","source_objectid":22036},"geometry":{"type":"Point","coordinates":[17.02830149968583,51.140364711953424]}},{"type":"Feature","properties":{"district":1,"street":"Adama Asnyka","number":"11","postal_code":"51-143","source_objectid":22052},"geometry":{"type":"Point","coordinates":[17.052955082943562,51.139393050922436]}},{"type":"Feature","properties":{"district":1,"street":"Grudziądzka","number":"91a","postal_code":"51-165","source_objectid":22100},"geometry":{"type":"Point","coordinates":[17.077321815545073,51.13774333304886]}},{"type":"Feature","properties":{"district":3,"street":"Filomatów","number":"8","postal_code":"51-142","source_objectid":22108},"geometry":{"type":"Point","coordinates":[17.0499254890142,51.14255085634378]}},{"type":"Feature","properties":{"district":2,"street":"Sportowa","number":"26","postal_code":"51-149","source_objectid":22115},"geometry":{"type":"Point","coordinates":[17.063205551173418,51.144560950128856]}},{"type":"Feature","properties":{"district":1,"street":"Jana Długosza","number":"9a","postal_code":"51-162","source_objectid":22116},"geometry":{"type":"Point","coordinates":[17.060060645960036,51.13157172533181]}},{"type":"Feature","properties":{"district":5,"street":"Zaułek Rogoziński","number":"1","postal_code":"51-116","source_objectid":22122},"geometry":{"type":"Point","coordinates":[17.029830363719487,51.14224758417167]}},{"type":"Feature","properties":{"district":3,"street":"Jutrosińska","number":"9","postal_code":"51-124","source_objectid":22130},"geometry":{"type":"Point","coordinates":[17.043674230738198,51.1465614172317]}},{"type":"Feature","properties":{"district":4,"street":"Macedońska","number":"41","postal_code":"51-113","source_objectid":22139},"geometry":{"type":"Point","coordinates":[17.03091541836269,51.135784883996024]}},{"type":"Feature","properties":{"district":2,"street":"Sportowa","number":"12","postal_code":"51-149","source_objectid":22144},"geometry":{"type":"Point","coordinates":[17.06277416025365,51.143322696765615]}},{"type":"Feature","properties":{"district":1,"street":"Ludwika Nabielaka","number":"1a","postal_code":"51-140","source_objectid":22149},"geometry":{"type":"Point","coordinates":[17.043902550411797,51.13825611007682]}},{"type":"Feature","properties":{"district":3,"street":"Krzysztofa Kamila Baczyńskiego","number":"20","postal_code":"51-122","source_objectid":22151},"geometry":{"type":"Point","coordinates":[17.038728129021678,51.142268231360646]}},{"type":"Feature","properties":{"district":3,"street":"Wincentego Pola","number":"40","postal_code":"51-140","source_objectid":22157},"geometry":{"type":"Point","coordinates":[17.042392919033663,51.140649415043434]}},{"type":"Feature","properties":{"district":2,"street":"Piotra Czajkowskiego","number":"103","postal_code":"51-147","source_objectid":22176},"geometry":{"type":"Point","coordinates":[17.056969280289763,51.141884647331345]}},{"type":"Feature","properties":{"district":2,"street":"Sportowa","number":"27","postal_code":"51-149","source_objectid":22186},"geometry":{"type":"Point","coordinates":[17.064359308020116,51.14415195226213]}},{"type":"Feature","properties":{"district":3,"street":"Władysława Syrokomli","number":"22a","postal_code":"51-141","source_objectid":22187},"geometry":{"type":"Point","coordinates":[17.047553795291595,51.13943230675073]}},{"type":"Feature","properties":{"district":3,"street":"Krzysztofa Kamila Baczyńskiego","number":"4","postal_code":"51-122","source_objectid":22191},"geometry":{"type":"Point","coordinates":[17.039412340740597,51.14156117201593]}},{"type":"Feature","properties":{"district":3,"street":"Wincentego Pola","number":"33","postal_code":"51-140","source_objectid":22209},"geometry":{"type":"Point","coordinates":[17.043114237839248,51.139615873305075]}},{"type":"Feature","properties":{"district":3,"street":"Samuela Bogumiła Lindego","number":"15a","postal_code":"51-138","source_objectid":22221},"geometry":{"type":"Point","coordinates":[17.03985978063337,51.13810225006655]}},{"type":"Feature","properties":{"district":4,"street":"Na Polance","number":"22","postal_code":"51-109","source_objectid":22226},"geometry":{"type":"Point","coordinates":[17.029771966148516,51.132990454252244]}},{"type":"Feature","properties":{"district":3,"street":"Wincentego Pola","number":"26a","postal_code":"51-140","source_objectid":22231},"geometry":{"type":"Point","coordinates":[17.042943274311355,51.13885976667507]}},{"type":"Feature","properties":{"district":3,"street":"Ignacego Chrzanowskiego","number":"70","postal_code":"51-141","source_objectid":22232},"geometry":{"type":"Point","coordinates":[17.04596811198781,51.142819938966824]}},{"type":"Feature","properties":{"district":3,"street":"Wincentego Pola","number":"53","postal_code":"51-140","source_objectid":22245},"geometry":{"type":"Point","coordinates":[17.042793211857735,51.14112576289418]}},{"type":"Feature","properties":{"district":3,"street":"Wincentego Pola","number":"28b","postal_code":"51-140","source_objectid":22265},"geometry":{"type":"Point","coordinates":[17.042803697339906,51.1393915935277]}},{"type":"Feature","properties":{"district":3,"street":"Władysława Syrokomli","number":"27","postal_code":"51-141","source_objectid":22272},"geometry":{"type":"Point","coordinates":[17.047760629700846,51.1400225608462]}},{"type":"Feature","properties":{"district":3,"street":"Henryka Michała Kamieńskiego","number":"74","postal_code":"51-124","source_objectid":22277},"geometry":{"type":"Point","coordinates":[17.040431991849236,51.1459581318166]}},{"type":"Feature","properties":{"district":5,"street":"Teodora Parnickiego","number":"8","postal_code":"51-116","source_objectid":22308},"geometry":{"type":"Point","coordinates":[17.0300505657788,51.13994916590664]}},{"type":"Feature","properties":{"district":1,"street":"Gustawa Daniłowskiego","number":"4","postal_code":"51-151","source_objectid":22326},"geometry":{"type":"Point","coordinates":[17.060106996043245,51.138163681489026]}},{"type":"Feature","properties":{"district":3,"street":"Władysława Syrokomli","number":"10b","postal_code":"51-141","source_objectid":22331},"geometry":{"type":"Point","coordinates":[17.047831639929875,51.13843101030019]}},{"type":"Feature","properties":{"district":1,"street":"marsz. Józefa Piłsudskiego","number":"10","postal_code":"51-152","source_objectid":22341},"geometry":{"type":"Point","coordinates":[17.056827116748508,51.13723463578561]}},{"type":"Feature","properties":{"district":3,"street":"Jutrosińska","number":"15a","postal_code":"51-124","source_objectid":22342},"geometry":{"type":"Point","coordinates":[17.044542905015923,51.14636682534022]}},{"type":"Feature","properties":{"district":3,"street":"Maurycego Mochnackiego","number":"11","postal_code":"51-122","source_objectid":22344},"geometry":{"type":"Point","coordinates":[17.038785520214642,51.14163385440242]}},{"type":"Feature","properties":{"district":3,"street":"Seweryna Goszczyńskiego","number":"6","postal_code":"51-138","source_objectid":22352},"geometry":{"type":"Point","coordinates":[17.04216346687014,51.13966236093053]}},{"type":"Feature","properties":{"district":3,"street":"Jana Brzechwy","number":"13","postal_code":"51-141","source_objectid":22359},"geometry":{"type":"Point","coordinates":[17.046640353044893,51.13953939232422]}},{"type":"Feature","properties":{"district":3,"street":"Marii Konopnickiej","number":"22a","postal_code":"51-141","source_objectid":22385},"geometry":{"type":"Point","coordinates":[17.043663856598943,51.141030906879486]}},{"type":"Feature","properties":{"district":1,"street":"Tadeusza Boya-Żeleńskiego","number":"22","postal_code":"51-160","source_objectid":22391},"geometry":{"type":"Point","coordinates":[17.05626674029697,51.13628413517093]}},{"type":"Feature","properties":{"district":1,"street":"Tadeusza Boya-Żeleńskiego","number":"72","postal_code":"51-162","source_objectid":22393},"geometry":{"type":"Point","coordinates":[17.06298960873985,51.13253199575124]}},{"type":"Feature","properties":{"district":1,"street":"bp. Ignacego Krasickiego","number":"10a","postal_code":"51-144","source_objectid":22395},"geometry":{"type":"Point","coordinates":[17.056966922634565,51.1395077596515]}},{"type":"Feature","properties":{"district":3,"street":"Marii Konopnickiej","number":"34","postal_code":"51-141","source_objectid":22399},"geometry":{"type":"Point","coordinates":[17.045451619416504,51.1411724994058]}},{"type":"Feature","properties":{"district":1,"street":"Wacława Berenta","number":"36","postal_code":"51-152","source_objectid":22435},"geometry":{"type":"Point","coordinates":[17.058170161212484,51.13657007654344]}},{"type":"Feature","properties":{"district":1,"street":"Tadeusza Boya-Żeleńskiego","number":"29","postal_code":"51-160","source_objectid":22451},"geometry":{"type":"Point","coordinates":[17.05582995164455,51.13564341476892]}},{"type":"Feature","properties":{"district":5,"street":"Jugosłowiańska","number":"118","postal_code":"51-112","source_objectid":22456},"geometry":{"type":"Point","coordinates":[17.021104943283216,51.13746307649839]}},{"type":"Feature","properties":{"district":3,"street":"Henryka Michała Kamieńskiego","number":"142","postal_code":"51-124","source_objectid":22461},"geometry":{"type":"Point","coordinates":[17.04241492224136,51.1489180570877]}},{"type":"Feature","properties":{"district":1,"street":"Grudziądzka","number":"77a","postal_code":"51-165","source_objectid":22472},"geometry":{"type":"Point","coordinates":[17.07520964013479,51.136814202730385]}},{"type":"Feature","properties":{"district":3,"street":"Jutrosińska","number":"25","postal_code":"51-124","source_objectid":22473},"geometry":{"type":"Point","coordinates":[17.046297406724445,51.14618238415112]}},{"type":"Feature","properties":{"district":2,"street":"Sołtysowicka","number":"5","postal_code":"51-168","source_objectid":22526},"geometry":{"type":"Point","coordinates":[17.069148804841294,51.13900106845591]}},{"type":"Feature","properties":{"district":1,"street":"Franciszka Karpińskiego","number":"5a","postal_code":"51-144","source_objectid":22540},"geometry":{"type":"Point","coordinates":[17.056708283165886,51.13894365069128]}},{"type":"Feature","properties":{"district":5,"street":"Bałkańska","number":"5","postal_code":"51-111","source_objectid":22542},"geometry":{"type":"Point","coordinates":[17.018566487518857,51.13570237376632]}},{"type":"Feature","properties":{"district":2,"street":"Koszarowa","number":"8l","postal_code":"51-149","source_objectid":22549},"geometry":{"type":"Point","coordinates":[17.064951158498125,51.14089452903011]}},{"type":"Feature","properties":{"district":1,"street":"Stanisława Piętaka","number":"1","postal_code":"51-141","source_objectid":22568},"geometry":{"type":"Point","coordinates":[17.04822310031599,51.138405402894335]}},{"type":"Feature","properties":{"district":1,"street":"Toruńska","number":"73","postal_code":"51-414","source_objectid":22603},"geometry":{"type":"Point","coordinates":[17.077996131883104,51.13040903713507]}},{"type":"Feature","properties":{"district":1,"street":"Tadeusza Boya-Żeleńskiego","number":"35","postal_code":"51-160","source_objectid":22638},"geometry":{"type":"Point","coordinates":[17.05634967335792,51.13538130925458]}},{"type":"Feature","properties":{"district":4,"street":"Żmigrodzka","number":"93b","postal_code":"51-130","source_objectid":22647},"geometry":{"type":"Point","coordinates":[17.032154965030408,51.14306781264616]}},{"type":"Feature","properties":{"district":1,"street":"Tadeusza Boya-Żeleńskiego","number":"47","postal_code":"51-160","source_objectid":22652},"geometry":{"type":"Point","coordinates":[17.057867917714212,51.134558088351405]}},{"type":"Feature","properties":{"district":1,"street":"Jana Długosza","number":"15","postal_code":"51-162","source_objectid":22663},"geometry":{"type":"Point","coordinates":[17.060502136852048,51.13210003457611]}},{"type":"Feature","properties":{"district":3,"street":"Henryka Michała Kamieńskiego","number":"138","postal_code":"51-124","source_objectid":22681},"geometry":{"type":"Point","coordinates":[17.042315910424936,51.148660754249605]}},{"type":"Feature","properties":{"district":2,"street":"Koszarowa","number":"34","postal_code":"51-149","source_objectid":22682},"geometry":{"type":"Point","coordinates":[17.06200936173708,51.1417488190562]}},{"type":"Feature","properties":{"district":3,"street":"Wincentego Pola","number":"19","postal_code":"51-140","source_objectid":22691},"geometry":{"type":"Point","coordinates":[17.04367288423327,51.138690005409615]}},{"type":"Feature","properties":{"district":5,"street":"Bezpieczna","number":"29a","postal_code":"51-114","source_objectid":22696},"geometry":{"type":"Point","coordinates":[17.022915904841877,51.14048510800477]}},{"type":"Feature","properties":{"district":2,"street":"Piotra Czajkowskiego","number":"65","postal_code":"51-171","source_objectid":22713},"geometry":{"type":"Point","coordinates":[17.06423521862107,51.140161352922036]}},{"type":"Feature","properties":{"district":2,"street":"Koszarowa","number":"8e","postal_code":"51-149","source_objectid":22720},"geometry":{"type":"Point","coordinates":[17.065757340673724,51.14103355969928]}},{"type":"Feature","properties":{"district":2,"street":"Piotra Czajkowskiego","number":"101","postal_code":"51-147","source_objectid":22734},"geometry":{"type":"Point","coordinates":[17.057193762617825,51.14184580602651]}},{"type":"Feature","properties":{"district":3,"street":"Tadeusza Gajcego","number":"4","postal_code":"51-143","source_objectid":22757},"geometry":{"type":"Point","coordinates":[17.048351678918603,51.13927842573201]}},{"type":"Feature","properties":{"district":1,"street":"Łąka Mazurska","number":"5","postal_code":"51-164","source_objectid":22771},"geometry":{"type":"Point","coordinates":[17.064760557529677,51.13059689290801]}},{"type":"Feature","properties":{"district":1,"street":"Bolesława Krzywoustego","number":"17","postal_code":"51-165","source_objectid":22783},"geometry":{"type":"Point","coordinates":[17.07069134256983,51.13620081208413]}},{"type":"Feature","properties":{"district":1,"street":"Władysława Orkana","number":"6","postal_code":"51-153","source_objectid":22821},"geometry":{"type":"Point","coordinates":[17.051426811729673,51.13532786445278]}},{"type":"Feature","properties":{"district":3,"street":"Władysława Anczyca","number":"1","postal_code":"51-141","source_objectid":22873},"geometry":{"type":"Point","coordinates":[17.043729535812368,51.1391738059271]}},{"type":"Feature","properties":{"district":5,"street":"Bezpieczna","number":"16","postal_code":"51-114","source_objectid":22875},"geometry":{"type":"Point","coordinates":[17.02340932844806,51.140181180746566]}},{"type":"Feature","properties":{"district":2,"street":"Sportowa","number":"6c","postal_code":"51-149","source_objectid":22882},"geometry":{"type":"Point","coordinates":[17.062223051422563,51.14320082070839]}},{"type":"Feature","properties":{"district":2,"street":"Stanisława Przybyszewskiego","number":"40","postal_code":"51-151","source_objectid":22883},"geometry":{"type":"Point","coordinates":[17.060321929680846,51.137419394496966]}},{"type":"Feature","properties":{"district":1,"street":"Aleksandra Brücknera","number":"32-34","postal_code":"51-411","source_objectid":22907},"geometry":{"type":"Point","coordinates":[17.079770224162417,51.13564500869368]}},{"type":"Feature","properties":{"district":4,"street":"Obornicka","number":"217","postal_code":"51-114","source_objectid":22913},"geometry":{"type":"Point","coordinates":[17.01563976797234,51.1540447600811]}},{"type":"Feature","properties":{"district":3,"street":"Samuela Bogumiła Lindego","number":"19-21","postal_code":"51-138","source_objectid":22946},"geometry":{"type":"Point","coordinates":[17.039934391833714,51.13851670105637]}},{"type":"Feature","properties":{"district":3,"street":"Marii Konopnickiej","number":"33a","postal_code":"51-142","source_objectid":22982},"geometry":{"type":"Point","coordinates":[17.05120548265957,51.141476332842565]}},{"type":"Feature","properties":{"district":1,"street":"Zenona Miriama Przesmyckiego","number":"19a","postal_code":"51-151","source_objectid":23004},"geometry":{"type":"Point","coordinates":[17.065258138700642,51.137262689797545]}},{"type":"Feature","properties":{"district":1,"street":"Władysława Orkana","number":"8","postal_code":"51-153","source_objectid":23073},"geometry":{"type":"Point","coordinates":[17.051698896972802,51.13524826522319]}},{"type":"Feature","properties":{"district":1,"street":"Zenona Miriama Przesmyckiego","number":"29","postal_code":"51-151","source_objectid":23075},"geometry":{"type":"Point","coordinates":[17.066322969560414,51.13771107650469]}},{"type":"Feature","properties":{"district":4,"street":"Na Polance","number":"12","postal_code":"51-109","source_objectid":23078},"geometry":{"type":"Point","coordinates":[17.03247727300096,51.133092287966214]}},{"type":"Feature","properties":{"district":5,"street":"Jugosłowiańska","number":"122","postal_code":"51-112","source_objectid":23089},"geometry":{"type":"Point","coordinates":[17.02088242466415,51.137612644605994]}},{"type":"Feature","properties":{"district":1,"street":"Giżycka","number":"66","postal_code":"51-412","source_objectid":23091},"geometry":{"type":"Point","coordinates":[17.07724020998223,51.13338292422191]}},{"type":"Feature","properties":{"district":1,"street":"Tadeusza Zelenaya","number":"11a","postal_code":"51-140","source_objectid":23092},"geometry":{"type":"Point","coordinates":[17.046558080891224,51.13822159493965]}},{"type":"Feature","properties":{"district":5,"street":"Teodora Parnickiego","number":"2","postal_code":"51-116","source_objectid":23098},"geometry":{"type":"Point","coordinates":[17.0290975882546,51.13954261237859]}},{"type":"Feature","properties":{"district":3,"street":"Henryka Michała Kamieńskiego","number":"82","postal_code":"51-124","source_objectid":23107},"geometry":{"type":"Point","coordinates":[17.040910964197586,51.146416981021765]}},{"type":"Feature","properties":{"district":2,"street":"Piotra Czajkowskiego","number":"73","postal_code":"51-147","source_objectid":23109},"geometry":{"type":"Point","coordinates":[17.060825568089307,51.14090189873047]}},{"type":"Feature","properties":{"district":4,"street":"Obornicka","number":"125","postal_code":"51-114","source_objectid":23140},"geometry":{"type":"Point","coordinates":[17.02346638328554,51.14527855571243]}},{"type":"Feature","properties":{"district":5,"street":"Bezpieczna","number":"14","postal_code":"51-114","source_objectid":23152},"geometry":{"type":"Point","coordinates":[17.023591515065522,51.14026576632257]}},{"type":"Feature","properties":{"district":2,"street":"Piotra Czajkowskiego","number":"124","postal_code":"51-147","source_objectid":23188},"geometry":{"type":"Point","coordinates":[17.05275221877885,51.14356797532134]}},{"type":"Feature","properties":{"district":1,"street":"Władysława Orkana","number":"61","postal_code":"51-153","source_objectid":23241},"geometry":{"type":"Point","coordinates":[17.0576767233711,51.133298186361586]}},{"type":"Feature","properties":{"district":3,"street":"Władysława Syrokomli","number":"29","postal_code":"51-141","source_objectid":23267},"geometry":{"type":"Point","coordinates":[17.04775898530654,51.1400934577514]}},{"type":"Feature","properties":{"district":1,"street":"Wacława Berenta","number":"71","postal_code":"51-152","source_objectid":23285},"geometry":{"type":"Point","coordinates":[17.059837054147458,51.13765853252236]}},{"type":"Feature","properties":{"district":3,"street":"Władysława Syrokomli","number":"60a","postal_code":"51-141","source_objectid":23318},"geometry":{"type":"Point","coordinates":[17.04636915384657,51.14223687843644]}},{"type":"Feature","properties":{"district":1,"street":"Franciszka Karpińskiego","number":"23","postal_code":"51-144","source_objectid":23320},"geometry":{"type":"Point","coordinates":[17.05499053120231,51.13997038804536]}},{"type":"Feature","properties":{"district":1,"street":"Marcina Kromera","number":"18","postal_code":"51-163","source_objectid":23331},"geometry":{"type":"Point","coordinates":[17.062039489596163,51.13159824800198]}},{"type":"Feature","properties":{"district":3,"street":"Roberta Kocha","number":"18","postal_code":"51-112","source_objectid":23401},"geometry":{"type":"Point","coordinates":[17.039219083771126,51.14296231051402]}},{"type":"Feature","properties":{"district":5,"street":"Czeska","number":"27c","postal_code":"51-112","source_objectid":23410},"geometry":{"type":"Point","coordinates":[17.026405386722175,51.13569512347115]}},{"type":"Feature","properties":{"district":2,"street":"Piotra Czajkowskiego","number":"74","postal_code":"51-147","source_objectid":23425},"geometry":{"type":"Point","coordinates":[17.060771395394987,51.140675760970566]}},{"type":"Feature","properties":{"district":4,"street":"Obornicka","number":"77l","postal_code":"51-114","source_objectid":23443},"geometry":{"type":"Point","coordinates":[17.029014670338825,51.1401941772174]}},{"type":"Feature","properties":{"district":5,"street":"Chorwacka","number":"41B","postal_code":"51-107","source_objectid":23459},"geometry":{"type":"Point","coordinates":[17.02582029315603,51.138909222978235]}},{"type":"Feature","properties":{"district":2,"street":"Sołtysowicka","number":"3","postal_code":"51-168","source_objectid":23471},"geometry":{"type":"Point","coordinates":[17.068869556242138,51.13866076345322]}},{"type":"Feature","properties":{"district":1,"street":"Tadeusza Boya-Żeleńskiego","number":"69g","postal_code":"51-162","source_objectid":23472},"geometry":{"type":"Point","coordinates":[17.062025497344035,51.132500462500296]}},{"type":"Feature","properties":{"district":3,"street":"Jutrosińska","number":"15","postal_code":"51-124","source_objectid":23483},"geometry":{"type":"Point","coordinates":[17.044107791130045,51.14640802042534]}},{"type":"Feature","properties":{"district":3,"street":"Marii Konopnickiej","number":"1","postal_code":"51-141","source_objectid":23496},"geometry":{"type":"Point","coordinates":[17.04099089413029,51.14015394251592]}},{"type":"Feature","properties":{"district":1,"street":"Giżycka","number":"48","postal_code":"51-163","source_objectid":23537},"geometry":{"type":"Point","coordinates":[17.072620386542038,51.132338383649476]}},{"type":"Feature","properties":{"district":1,"street":"Marcina Kromera","number":"23","postal_code":"51-163","source_objectid":23565},"geometry":{"type":"Point","coordinates":[17.066327110064524,51.13234765712004]}},{"type":"Feature","properties":{"district":2,"street":"Koszarowa","number":"8r","postal_code":"51-149","source_objectid":23576},"geometry":{"type":"Point","coordinates":[17.064122996952893,51.14156213630056]}},{"type":"Feature","properties":{"district":1,"street":"Władysława Orkana","number":"48","postal_code":"51-153","source_objectid":23610},"geometry":{"type":"Point","coordinates":[17.05702765189441,51.133505002364714]}},{"type":"Feature","properties":{"district":5,"street":"Obodrzycka","number":"10","postal_code":"51-112","source_objectid":23621},"geometry":{"type":"Point","coordinates":[17.024813514307493,51.13423173800283]}},{"type":"Feature","properties":{"district":1,"street":"Tadeusza Boya-Żeleńskiego","number":"10b","postal_code":"51-160","source_objectid":23639},"geometry":{"type":"Point","coordinates":[17.055052180607916,51.1368904268509]}},{"type":"Feature","properties":{"district":5,"street":"Morawska","number":"3","postal_code":"51-111","source_objectid":23654},"geometry":{"type":"Point","coordinates":[17.023046931347153,51.13492676368109]}},{"type":"Feature","properties":{"district":3,"street":"Jana Brzechwy","number":"9","postal_code":"51-141","source_objectid":23657},"geometry":{"type":"Point","coordinates":[17.046692022552588,51.13932028641511]}},{"type":"Feature","properties":{"district":4,"street":"ks. Norberta Bonczyka","number":"13","postal_code":"51-138","source_objectid":23683},"geometry":{"type":"Point","coordinates":[17.03921227775514,51.13592015139061]}},{"type":"Feature","properties":{"district":3,"street":"Ignacego Chrzanowskiego","number":"21","postal_code":"51-141","source_objectid":23685},"geometry":{"type":"Point","coordinates":[17.050860682804,51.14344199584058]}},{"type":"Feature","properties":{"district":3,"street":"Jutrosińska","number":"11","postal_code":"51-124","source_objectid":23687},"geometry":{"type":"Point","coordinates":[17.043786307031798,51.1465373154238]}},{"type":"Feature","properties":{"district":1,"street":"Wacława Potockiego","number":"3","postal_code":"51-153","source_objectid":23692},"geometry":{"type":"Point","coordinates":[17.050300407464334,51.13676633455152]}},{"type":"Feature","properties":{"district":4,"street":"Obornicka","number":"77j","postal_code":"51-114","source_objectid":23709},"geometry":{"type":"Point","coordinates":[17.029393085329207,51.1403755201926]}},{"type":"Feature","properties":{"district":5,"street":"Jugosłowiańska","number":"132","postal_code":"51-112","source_objectid":23721},"geometry":{"type":"Point","coordinates":[17.02011288109139,51.13817653944479]}},{"type":"Feature","properties":{"district":3,"street":"Wincentego Pola","number":"56","postal_code":"51-123","source_objectid":23722},"geometry":{"type":"Point","coordinates":[17.04097157707674,51.1425951285728]}},{"type":"Feature","properties":{"district":3,"street":"Władysława Syrokomli","number":"19","postal_code":"51-141","source_objectid":23755},"geometry":{"type":"Point","coordinates":[17.048415871523506,51.13948458701866]}},{"type":"Feature","properties":{"district":5,"street":"Jugosłowiańska","number":"80","postal_code":"51-112","source_objectid":23758},"geometry":{"type":"Point","coordinates":[17.023166630888078,51.136002495670155]}},{"type":"Feature","properties":{"district":2,"street":"Piotra Czajkowskiego","number":"85","postal_code":"51-147","source_objectid":23770},"geometry":{"type":"Point","coordinates":[17.0590649217981,51.14142245049705]}},{"type":"Feature","properties":{"district":1,"street":"bp. Ignacego Krasickiego","number":"14a","postal_code":"51-144","source_objectid":23775},"geometry":{"type":"Point","coordinates":[17.056406882337512,51.13995522351947]}},{"type":"Feature","properties":{"district":4,"street":"Obornicka","number":"88","postal_code":"51-114","source_objectid":23804},"geometry":{"type":"Point","coordinates":[17.026410899304032,51.14104316077424]}},{"type":"Feature","properties":{"district":1,"street":"Jana Długosza","number":"64","postal_code":"51-162","source_objectid":23847},"geometry":{"type":"Point","coordinates":[17.066189746653585,51.13568829749911]}},{"type":"Feature","properties":{"district":3,"street":"Henryka Michała Kamieńskiego","number":"71","postal_code":"51-124","source_objectid":23872},"geometry":{"type":"Point","coordinates":[17.042621219409867,51.1473095139399]}},{"type":"Feature","properties":{"district":4,"street":"Jana Kasprowicza","number":"22","postal_code":"51-137","source_objectid":23876},"geometry":{"type":"Point","coordinates":[17.040007095132285,51.136474642645226]}},{"type":"Feature","properties":{"district":1,"street":"Adolfa Dygasińskiego","number":"11","postal_code":"51-153","source_objectid":23878},"geometry":{"type":"Point","coordinates":[17.05296140167927,51.13512419927476]}},{"type":"Feature","properties":{"district":1,"street":"Jana Długosza","number":"68","postal_code":"51-162","source_objectid":23888},"geometry":{"type":"Point","coordinates":[17.066382520711706,51.135915458512564]}},{"type":"Feature","properties":{"district":2,"street":"Jana Kasprowicza","number":"38","postal_code":"51-137","source_objectid":23918},"geometry":{"type":"Point","coordinates":[17.04456754863479,51.13703596805855]}},{"type":"Feature","properties":{"district":3,"street":"Wincentego Pola","number":"36b","postal_code":"51-140","source_objectid":23931},"geometry":{"type":"Point","coordinates":[17.041914817729953,51.14022587181769]}},{"type":"Feature","properties":{"district":1,"street":"Tadeusza Boya-Żeleńskiego","number":"41b","postal_code":"51-160","source_objectid":23932},"geometry":{"type":"Point","coordinates":[17.057305702842765,51.13490454053133]}},{"type":"Feature","properties":{"district":1,"street":"Władysława Orkana","number":"29a","postal_code":"51-153","source_objectid":23949},"geometry":{"type":"Point","coordinates":[17.053962138538868,51.134232920643136]}},{"type":"Feature","properties":{"district":1,"street":"Leopolda Staffa","number":"42","postal_code":"51-144","source_objectid":23956},"geometry":{"type":"Point","coordinates":[17.057607279651158,51.140846920374784]}},{"type":"Feature","properties":{"district":5,"street":"Morawska","number":"12","postal_code":"51-111","source_objectid":23960},"geometry":{"type":"Point","coordinates":[17.021666174056897,51.135561038528344]}},{"type":"Feature","properties":{"district":5,"street":"Morawska","number":"19","postal_code":"51-111","source_objectid":23982},"geometry":{"type":"Point","coordinates":[17.02097894599291,51.13657709753765]}},{"type":"Feature","properties":{"district":5,"street":"Łużycka","number":"6a","postal_code":"51-111","source_objectid":24010},"geometry":{"type":"Point","coordinates":[17.016404884405283,51.13691221090617]}},{"type":"Feature","properties":{"district":1,"street":"Wacława Potockiego","number":"40","postal_code":"51-153","source_objectid":24054},"geometry":{"type":"Point","coordinates":[17.05578493207326,51.13486913280671]}},{"type":"Feature","properties":{"district":2,"street":"Stanisława Przybyszewskiego","number":"85","postal_code":"51-148","source_objectid":24078},"geometry":{"type":"Point","coordinates":[17.062799432189355,51.14087576905563]}},{"type":"Feature","properties":{"district":3,"street":"Stanisława Grochowiaka","number":"6","postal_code":"51-142","source_objectid":24089},"geometry":{"type":"Point","coordinates":[17.045825352456127,51.143299261542246]}},{"type":"Feature","properties":{"district":3,"street":"Władysława Syrokomli","number":"28a","postal_code":"51-141","source_objectid":24113},"geometry":{"type":"Point","coordinates":[17.047421224984678,51.13999209083762]}},{"type":"Feature","properties":{"district":4,"street":"Obornicka","number":"23","postal_code":"51-113","source_objectid":24139},"geometry":{"type":"Point","coordinates":[17.031860369256968,51.136823032848305]}},{"type":"Feature","properties":{"district":5,"street":"Bezpieczna","number":"50","postal_code":"51-114","source_objectid":24140},"geometry":{"type":"Point","coordinates":[17.020472599022405,51.13866165027559]}},{"type":"Feature","properties":{"district":1,"street":"Tadeusza Zelenaya","number":"12","postal_code":"51-140","source_objectid":24148},"geometry":{"type":"Point","coordinates":[17.0471425956359,51.13792297614469]}},{"type":"Feature","properties":{"district":3,"street":"Ignacego Chrzanowskiego","number":"86","postal_code":"51-141","source_objectid":24169},"geometry":{"type":"Point","coordinates":[17.044298616829487,51.14291066042413]}},{"type":"Feature","properties":{"district":4,"street":"Rowerowa","number":"15","postal_code":"51-138","source_objectid":24170},"geometry":{"type":"Point","coordinates":[17.037486516979378,51.137757155012835]}},{"type":"Feature","properties":{"district":1,"street":"gen. Józefa Wybickiego","number":"26","postal_code":"51-144","source_objectid":24180},"geometry":{"type":"Point","coordinates":[17.057626515030694,51.14016540028718]}},{"type":"Feature","properties":{"district":5,"street":"Morawska","number":"27a","postal_code":"51-111","source_objectid":24181},"geometry":{"type":"Point","coordinates":[17.019634133635538,51.13721542499838]}},{"type":"Feature","properties":{"district":2,"street":"Stanisława Przybyszewskiego","number":"47","postal_code":"51-151","source_objectid":24201},"geometry":{"type":"Point","coordinates":[17.060776046748213,51.13724308774773]}},{"type":"Feature","properties":{"district":1,"street":"Ludwika Nabielaka","number":"20","postal_code":"51-140","source_objectid":24221},"geometry":{"type":"Point","coordinates":[17.04686262545749,51.13866677236738]}},{"type":"Feature","properties":{"district":2,"street":"Stanisława Przybyszewskiego","number":"26","postal_code":"51-151","source_objectid":24229},"geometry":{"type":"Point","coordinates":[17.06006905140561,51.13624077137875]}},{"type":"Feature","properties":{"district":3,"street":"Maurycego Mochnackiego","number":"21","postal_code":"51-122","source_objectid":24241},"geometry":{"type":"Point","coordinates":[17.03828565597281,51.142095058091314]}},{"type":"Feature","properties":{"district":1,"street":"Jana Długosza","number":"62","postal_code":"51-162","source_objectid":24244},"geometry":{"type":"Point","coordinates":[17.065664559424544,51.13546276897346]}},{"type":"Feature","properties":{"district":5,"street":"Serbska","number":"4","postal_code":"51-111","source_objectid":24246},"geometry":{"type":"Point","coordinates":[17.020306684809754,51.13437368385753]}},{"type":"Feature","properties":{"district":2,"street":"Sportowa","number":"28","postal_code":"51-149","source_objectid":24276},"geometry":{"type":"Point","coordinates":[17.06331317866749,51.14470364147279]}},{"type":"Feature","properties":{"district":2,"street":"Sportowa","number":"41a","postal_code":"51-149","source_objectid":24290},"geometry":{"type":"Point","coordinates":[17.064491027201207,51.144894443287534]}},{"type":"Feature","properties":{"district":1,"street":"bp. Ignacego Krasickiego","number":"6a","postal_code":"51-144","source_objectid":24293},"geometry":{"type":"Point","coordinates":[17.057379320828435,51.13914608695898]}},{"type":"Feature","properties":{"district":4,"street":"Obornicka","number":"113b","postal_code":"51-114","source_objectid":24330},"geometry":{"type":"Point","coordinates":[17.025545190277246,51.14363776262234]}},{"type":"Feature","properties":{"district":1,"street":"Tadeusza Boya-Żeleńskiego","number":"4","postal_code":"51-160","source_objectid":24333},"geometry":{"type":"Point","coordinates":[17.053718457301084,51.137229247469286]}},{"type":"Feature","properties":{"district":3,"street":"Maurycego Mochnackiego","number":"3","postal_code":"51-122","source_objectid":24342},"geometry":{"type":"Point","coordinates":[17.0390878275337,51.14132320229268]}},{"type":"Feature","properties":{"district":3,"street":"Skwer Obrońców Helu","number":"1","postal_code":"51-138","source_objectid":24358},"geometry":{"type":"Point","coordinates":[17.04083475940772,51.13939203019519]}},{"type":"Feature","properties":{"district":1,"street":"Bolesława Leśmiana","number":"3","postal_code":"51-141","source_objectid":24361},"geometry":{"type":"Point","coordinates":[17.048770997121693,51.14013224899014]}},{"type":"Feature","properties":{"district":5,"street":"Bezpieczna","number":"51","postal_code":"51-114","source_objectid":24381},"geometry":{"type":"Point","coordinates":[17.021590974057347,51.14034715141246]}},{"type":"Feature","properties":{"district":2,"street":"Piotra Czajkowskiego","number":"99","postal_code":"51-147","source_objectid":24385},"geometry":{"type":"Point","coordinates":[17.057422551858565,51.14180176703537]}},{"type":"Feature","properties":{"district":1,"street":"Leopolda Staffa","number":"20","postal_code":"51-144","source_objectid":24412},"geometry":{"type":"Point","coordinates":[17.058389898942902,51.13979556632948]}},{"type":"Feature","properties":{"district":1,"street":"Tadeusza Zelenaya","number":"17","postal_code":"51-140","source_objectid":24415},"geometry":{"type":"Point","coordinates":[17.045873376285538,51.13799118888894]}},{"type":"Feature","properties":{"district":5,"street":"Zaułek Rogoziński","number":"8","postal_code":"51-116","source_objectid":24432},"geometry":{"type":"Point","coordinates":[17.030824706087348,51.14196137230521]}},{"type":"Feature","properties":{"district":3,"street":"Marii Konopnickiej","number":"44","postal_code":"51-142","source_objectid":24456},"geometry":{"type":"Point","coordinates":[17.0478347915827,51.141383495061945]}},{"type":"Feature","properties":{"district":3,"street":"Wacława Gąsiorowskiego","number":"16a","postal_code":"51-142","source_objectid":24457},"geometry":{"type":"Point","coordinates":[17.04374728885354,51.14381380186861]}},{"type":"Feature","properties":{"district":3,"street":"Torowa","number":"4","postal_code":"51-125","source_objectid":24516},"geometry":{"type":"Point","coordinates":[17.042709479356663,51.14950472238916]}},{"type":"Feature","properties":{"district":5,"street":"Osobowicka","number":"19","postal_code":"51-110","source_objectid":24517},"geometry":{"type":"Point","coordinates":[17.025239221655404,51.13345533483916]}},{"type":"Feature","properties":{"district":1,"street":"Leopolda Staffa","number":"8a","postal_code":"51-144","source_objectid":24527},"geometry":{"type":"Point","coordinates":[17.05844020356338,51.139328941726916]}},{"type":"Feature","properties":{"district":1,"street":"Teofila Lenartowicza","number":"9a","postal_code":"51-140","source_objectid":24534},"geometry":{"type":"Point","coordinates":[17.044974180745484,51.13787714243371]}},{"type":"Feature","properties":{"district":1,"street":"Toruńska","number":"2d","postal_code":"51-164","source_objectid":24544},"geometry":{"type":"Point","coordinates":[17.066721116466393,51.13188222592175]}},{"type":"Feature","properties":{"district":1,"street":"Toruńska","number":"74","postal_code":"51-414","source_objectid":24561},"geometry":{"type":"Point","coordinates":[17.07658367604907,51.13151192487412]}},{"type":"Feature","properties":{"district":2,"street":"Jana Kasprowicza","number":"107","postal_code":"51-146","source_objectid":24583},"geometry":{"type":"Point","coordinates":[17.058625274283006,51.13831282253588]}},{"type":"Feature","properties":{"district":5,"street":"Chorwacka","number":"8","postal_code":"51-107","source_objectid":24584},"geometry":{"type":"Point","coordinates":[17.024121223587596,51.1369019787161]}},{"type":"Feature","properties":{"district":1,"street":"Kętrzyńska","number":"48","postal_code":"51-413","source_objectid":24594},"geometry":{"type":"Point","coordinates":[17.078750971704697,51.13488888501644]}},{"type":"Feature","properties":{"district":2,"street":"Sołtysowicka","number":"3a","postal_code":"51-168","source_objectid":24606},"geometry":{"type":"Point","coordinates":[17.068959335480727,51.13875181501712]}},{"type":"Feature","properties":{"district":5,"street":"Jugosłowiańska","number":"103","postal_code":"51-112","source_objectid":24625},"geometry":{"type":"Point","coordinates":[17.022200479316457,51.13816903864878]}},{"type":"Feature","properties":{"district":1,"street":"Leopolda Staffa","number":"49","postal_code":"51-144","source_objectid":24632},"geometry":{"type":"Point","coordinates":[17.058371902348355,51.141102298657636]}},{"type":"Feature","properties":{"district":2,"street":"Stanisława Przybyszewskiego","number":"84","postal_code":"51-148","source_objectid":24641},"geometry":{"type":"Point","coordinates":[17.060854567099472,51.139705170795295]}},{"type":"Feature","properties":{"district":2,"street":"Piotra Czajkowskiego","number":"28","postal_code":"51-171","source_objectid":24642},"geometry":{"type":"Point","coordinates":[17.066689928884806,51.13839873697959]}},{"type":"Feature","properties":{"district":1,"street":"Tadeusza Zelenaya","number":"7a","postal_code":"51-140","source_objectid":24647},"geometry":{"type":"Point","coordinates":[17.047058552710766,51.13825994244893]}},{"type":"Feature","properties":{"district":3,"street":"Marii Konopnickiej","number":"68","postal_code":"51-142","source_objectid":24664},"geometry":{"type":"Point","coordinates":[17.052563632784093,51.14181163505656]}},{"type":"Feature","properties":{"district":5,"street":"Czeska","number":"16a","postal_code":"51-112","source_objectid":24670},"geometry":{"type":"Point","coordinates":[17.024386254734047,51.13519771858496]}},{"type":"Feature","properties":{"district":1,"street":"Juliana Klaczki","number":"19","postal_code":"51-151","source_objectid":24732},"geometry":{"type":"Point","coordinates":[17.062238952054738,51.13629476057054]}},{"type":"Feature","properties":{"district":2,"street":"Piotra Czajkowskiego","number":"69","postal_code":"51-147","source_objectid":24737},"geometry":{"type":"Point","coordinates":[17.061497016516782,51.14077697496988]}},{"type":"Feature","properties":{"district":2,"street":"Jana Kasprowicza","number":"73","postal_code":"51-136","source_objectid":24741},"geometry":{"type":"Point","coordinates":[17.049837683231814,51.13708525940056]}},{"type":"Feature","properties":{"district":1,"street":"Grudziądzka","number":"116","postal_code":"51-165","source_objectid":24744},"geometry":{"type":"Point","coordinates":[17.076703588217413,51.13765377169084]}},{"type":"Feature","properties":{"district":4,"street":"ks. Norberta Bonczyka","number":"34","postal_code":"51-138","source_objectid":24752},"geometry":{"type":"Point","coordinates":[17.038649003308834,51.13973016368894]}},{"type":"Feature","properties":{"district":4,"street":"Żmigrodzka","number":"13","postal_code":"51-118","source_objectid":24778},"geometry":{"type":"Point","coordinates":[17.037027424673866,51.13507030590767]}},{"type":"Feature","properties":{"district":5,"street":"Zaułek Rogoziński","number":"5","postal_code":"51-116","source_objectid":24779},"geometry":{"type":"Point","coordinates":[17.030342846087475,51.14143651800705]}},{"type":"Feature","properties":{"district":1,"street":"Wacława Berenta","number":"71a","postal_code":"51-152","source_objectid":24794},"geometry":{"type":"Point","coordinates":[17.059877690472216,51.137700867767556]}},{"type":"Feature","properties":{"district":4,"street":"Zawalna","number":"17","postal_code":"51-139","source_objectid":24826},"geometry":{"type":"Point","coordinates":[17.03974755606939,51.135058844095234]}},{"type":"Feature","properties":{"district":3,"street":"Henryka Michała Kamieńskiego","number":"4","postal_code":"51-124","source_objectid":24827},"geometry":{"type":"Point","coordinates":[17.033416216138246,51.14067781853022]}},{"type":"Feature","properties":{"district":1,"street":"bp. Ignacego Krasickiego","number":"18","postal_code":"51-144","source_objectid":24850},"geometry":{"type":"Point","coordinates":[17.056145973856744,51.140135374101106]}},{"type":"Feature","properties":{"district":3,"street":"Wincentego Pola","number":"4","postal_code":"51-140","source_objectid":24881},"geometry":{"type":"Point","coordinates":[17.04366098286065,51.13710265102554]}},{"type":"Feature","properties":{"district":4,"street":"Na Polance","number":"6a","postal_code":"51-109","source_objectid":24890},"geometry":{"type":"Point","coordinates":[17.034169504379033,51.13352111264996]}},{"type":"Feature","properties":{"district":3,"street":"Henryka Michała Kamieńskiego","number":"59a","postal_code":"51-124","source_objectid":24899},"geometry":{"type":"Point","coordinates":[17.04293597238495,51.14615377554212]}},{"type":"Feature","properties":{"district":1,"street":"Ludwika Nabielaka","number":"23a","postal_code":"51-140","source_objectid":24901},"geometry":{"type":"Point","coordinates":[17.04732267128497,51.1383665898526]}},{"type":"Feature","properties":{"district":1,"street":"Franciszka Karpińskiego","number":"35","postal_code":"51-144","source_objectid":24918},"geometry":{"type":"Point","coordinates":[17.054716207391145,51.14033413029802]}},{"type":"Feature","properties":{"district":3,"street":"Kazimierza Brodzińskiego","number":"10","postal_code":"51-112","source_objectid":24936},"geometry":{"type":"Point","coordinates":[17.036536435151564,51.141516174510066]}},{"type":"Feature","properties":{"district":2,"street":"Koszarowa","number":"58","postal_code":"51-149","source_objectid":24940},"geometry":{"type":"Point","coordinates":[17.060112390413956,51.141554480410996]}},{"type":"Feature","properties":{"district":4,"street":"Żmigrodzka","number":"106a","postal_code":"51-131","source_objectid":24964},"geometry":{"type":"Point","coordinates":[17.029597198881977,51.143724338917266]}},{"type":"Feature","properties":{"district":2,"street":"Piotra Czajkowskiego","number":"95","postal_code":"51-147","source_objectid":24966},"geometry":{"type":"Point","coordinates":[17.05772358645244,51.141725803164015]}},{"type":"Feature","properties":{"district":1,"street":"Tadeusza Boya-Żeleńskiego","number":"43c","postal_code":"51-160","source_objectid":24978},"geometry":{"type":"Point","coordinates":[17.057279450130892,51.134669024970215]}},{"type":"Feature","properties":{"district":5,"street":"Chorwacka","number":"6","postal_code":"51-107","source_objectid":25028},"geometry":{"type":"Point","coordinates":[17.02398279038085,51.136958240450916]}},{"type":"Feature","properties":{"district":2,"street":"Stanisława Przybyszewskiego","number":"28","postal_code":"51-151","source_objectid":25030},"geometry":{"type":"Point","coordinates":[17.060129013096383,51.136485402921195]}},{"type":"Feature","properties":{"district":1,"street":"Stanisława Piętaka","number":"3","postal_code":"51-141","source_objectid":25031},"geometry":{"type":"Point","coordinates":[17.048467550427695,51.13842770860904]}},{"type":"Feature","properties":{"district":1,"street":"Giżycka","number":"64b","postal_code":"51-412","source_objectid":25043},"geometry":{"type":"Point","coordinates":[17.076962099867092,51.13323144761897]}},{"type":"Feature","properties":{"district":4,"street":"Obornicka","number":"58a","postal_code":"51-114","source_objectid":25099},"geometry":{"type":"Point","coordinates":[17.027376046768435,51.13768981568027]}},{"type":"Feature","properties":{"district":4,"street":"Paprotna","number":"6","postal_code":"51-117","source_objectid":25113},"geometry":{"type":"Point","coordinates":[17.02360744416382,51.1511548246838]}},{"type":"Feature","properties":{"district":2,"street":"Piotra Czajkowskiego","number":"56a","postal_code":"51-171","source_objectid":25117},"geometry":{"type":"Point","coordinates":[17.06284122327149,51.139687683425585]}},{"type":"Feature","properties":{"district":1,"street":"Franciszka Karpińskiego","number":"34","postal_code":"51-144","source_objectid":25129},"geometry":{"type":"Point","coordinates":[17.054228145947164,51.14040945514067]}},{"type":"Feature","properties":{"district":3,"street":"Jutrosińska","number":"6","postal_code":"51-124","source_objectid":25151},"geometry":{"type":"Point","coordinates":[17.04321204963486,51.146889930109786]}},{"type":"Feature","properties":{"district":2,"street":"Piotra Czajkowskiego","number":"48","postal_code":"51-171","source_objectid":25188},"geometry":{"type":"Point","coordinates":[17.063919722019534,51.139285215598285]}},{"type":"Feature","properties":{"district":1,"street":"Juliana Klaczki","number":"23","postal_code":"51-151","source_objectid":25189},"geometry":{"type":"Point","coordinates":[17.06280573458048,51.136400653094114]}},{"type":"Feature","properties":{"district":3,"street":"Wincentego Pola","number":"60a","postal_code":"51-123","source_objectid":25193},"geometry":{"type":"Point","coordinates":[17.04075920689368,51.14294163668577]}},{"type":"Feature","properties":{"district":1,"street":"Bydgoska","number":"6","postal_code":"51-164","source_objectid":25199},"geometry":{"type":"Point","coordinates":[17.06246012163601,51.13068336440304]}},{"type":"Feature","properties":{"district":3,"street":"Kornela Makuszyńskiego","number":"16","postal_code":"51-142","source_objectid":25219},"geometry":{"type":"Point","coordinates":[17.051063785089877,51.14211163158092]}},{"type":"Feature","properties":{"district":2,"street":"Koszarowa","number":"76","postal_code":"51-149","source_objectid":25256},"geometry":{"type":"Point","coordinates":[17.059500242810945,51.1423800216541]}},{"type":"Feature","properties":{"district":5,"street":"Bułgarska","number":"10","postal_code":"51-112","source_objectid":25342},"geometry":{"type":"Point","coordinates":[17.026933502586765,51.13565074090934]}},{"type":"Feature","properties":{"district":1,"street":"marsz. Józefa Piłsudskiego","number":"23","postal_code":"51-152","source_objectid":25356},"geometry":{"type":"Point","coordinates":[17.05633800379338,51.13670375339983]}},{"type":"Feature","properties":{"district":3,"street":"Maurycego Mochnackiego","number":"5","postal_code":"51-122","source_objectid":25368},"geometry":{"type":"Point","coordinates":[17.03901397836322,51.14140009524306]}},{"type":"Feature","properties":{"district":1,"street":"Jana Długosza","number":"42","postal_code":"51-162","source_objectid":25373},"geometry":{"type":"Point","coordinates":[17.06265963941776,51.13443140722246]}},{"type":"Feature","properties":{"district":1,"street":"Juliana Klaczki","number":"38","postal_code":"51-151","source_objectid":25393},"geometry":{"type":"Point","coordinates":[17.06262960749855,51.136889743210524]}},{"type":"Feature","properties":{"district":3,"street":"Marii Konopnickiej","number":"40","postal_code":"51-142","source_objectid":25405},"geometry":{"type":"Point","coordinates":[17.04743452983327,51.141475139354334]}},{"type":"Feature","properties":{"district":1,"street":"Franciszka Karpińskiego","number":"11a","postal_code":"51-144","source_objectid":25434},"geometry":{"type":"Point","coordinates":[17.055631970872824,51.139189326502716]}},{"type":"Feature","properties":{"district":3,"street":"Mieczysława Romanowskiego","number":"25","postal_code":"51-122","source_objectid":25477},"geometry":{"type":"Point","coordinates":[17.03960820329737,51.14079623354116]}},{"type":"Feature","properties":{"district":3,"street":"Kornela Ujejskiego","number":"22","postal_code":"51-141","source_objectid":25491},"geometry":{"type":"Point","coordinates":[17.044669359388283,51.141209334420815]}},{"type":"Feature","properties":{"district":3,"street":"Kornela Ujejskiego","number":"16b","postal_code":"51-141","source_objectid":25497},"geometry":{"type":"Point","coordinates":[17.044133089249893,51.14029428394895]}},{"type":"Feature","properties":{"district":5,"street":"Morawska","number":"24","postal_code":"51-111","source_objectid":25498},"geometry":{"type":"Point","coordinates":[17.019738870239063,51.13672976444116]}},{"type":"Feature","properties":{"district":3,"street":"Kornela Ujejskiego","number":"1a","postal_code":"51-141","source_objectid":25502},"geometry":{"type":"Point","coordinates":[17.045566030393775,51.13874906124234]}},{"type":"Feature","properties":{"district":5,"street":"Morawska","number":"23","postal_code":"51-111","source_objectid":25524},"geometry":{"type":"Point","coordinates":[17.020213139425813,51.13679452683903]}},{"type":"Feature","properties":{"district":5,"street":"Bałkańska","number":"17","postal_code":"51-111","source_objectid":25527},"geometry":{"type":"Point","coordinates":[17.01766977168936,51.136352672818845]}},{"type":"Feature","properties":{"district":1,"street":"Tadeusza Boya-Żeleńskiego","number":"71b","postal_code":"51-162","source_objectid":25530},"geometry":{"type":"Point","coordinates":[17.062276026419234,51.13237449500854]}},{"type":"Feature","properties":{"district":1,"street":"Tadeusza Zelenaya","number":"1","postal_code":"51-140","source_objectid":25568},"geometry":{"type":"Point","coordinates":[17.047832141706216,51.13818363735314]}},{"type":"Feature","properties":{"district":1,"street":"Grudziądzka","number":"103","postal_code":"51-165","source_objectid":25578},"geometry":{"type":"Point","coordinates":[17.07830752354412,51.13736792256067]}},{"type":"Feature","properties":{"district":5,"street":"Serbska","number":"18a","postal_code":"51-111","source_objectid":25594},"geometry":{"type":"Point","coordinates":[17.01842287682768,51.136241195616314]}},{"type":"Feature","properties":{"district":1,"street":"Wacława Berenta","number":"43","postal_code":"51-152","source_objectid":25622},"geometry":{"type":"Point","coordinates":[17.058859906752964,51.136645164046946]}},{"type":"Feature","properties":{"district":5,"street":"Jugosłowiańska","number":"93","postal_code":"51-112","source_objectid":25628},"geometry":{"type":"Point","coordinates":[17.02242582687125,51.13799032025473]}},{"type":"Feature","properties":{"district":5,"street":"Czeska","number":"12","postal_code":"51-112","source_objectid":25691},"geometry":{"type":"Point","coordinates":[17.023756223032596,51.13481989343787]}},{"type":"Feature","properties":{"district":1,"street":"Tadeusza Micińskiego","number":"11","postal_code":"51-152","source_objectid":25698},"geometry":{"type":"Point","coordinates":[17.057735456521335,51.13624392773525]}},{"type":"Feature","properties":{"district":3,"street":"Jutrosińska","number":"23","postal_code":"51-124","source_objectid":25715},"geometry":{"type":"Point","coordinates":[17.0461153303637,51.146209962817316]}},{"type":"Feature","properties":{"district":3,"street":"Jana Brzechwy","number":"35","postal_code":"51-141","source_objectid":25724},"geometry":{"type":"Point","coordinates":[17.046433948961354,51.140391177291065]}},{"type":"Feature","properties":{"district":1,"street":"Bolesława Krzywoustego","number":"30","postal_code":"51-165","source_objectid":25725},"geometry":{"type":"Point","coordinates":[17.073181732965804,51.13790935163611]}},{"type":"Feature","properties":{"district":2,"street":"Sportowa","number":"12c","postal_code":"51-149","source_objectid":25737},"geometry":{"type":"Point","coordinates":[17.062569525777178,51.14366491005251]}},{"type":"Feature","properties":{"district":3,"street":"Władysława Syrokomli","number":"38","postal_code":"51-141","source_objectid":25748},"geometry":{"type":"Point","coordinates":[17.04727392702348,51.140630584921844]}},{"type":"Feature","properties":{"district":1,"street":"bp. Ignacego Krasickiego","number":"17","postal_code":"51-144","source_objectid":25755},"geometry":{"type":"Point","coordinates":[17.056629398785372,51.14024446222441]}},{"type":"Feature","properties":{"district":3,"street":"Marii Konopnickiej","number":"25","postal_code":"51-142","source_objectid":25760},"geometry":{"type":"Point","coordinates":[17.04927637344511,51.141304795745384]}},{"type":"Feature","properties":{"district":1,"street":"Bydgoska","number":"4","postal_code":"51-164","source_objectid":25773},"geometry":{"type":"Point","coordinates":[17.062354890631745,51.13081488430391]}},{"type":"Feature","properties":{"district":1,"street":"Bolesława Leśmiana","number":"9","postal_code":"51-141","source_objectid":25784},"geometry":{"type":"Point","coordinates":[17.04861675289311,51.140586067959475]}},{"type":"Feature","properties":{"district":5,"street":"Chorwacka","number":"34","postal_code":"51-107","source_objectid":25798},"geometry":{"type":"Point","coordinates":[17.024970659108707,51.13793149345736]}},{"type":"Feature","properties":{"district":1,"street":"Zenona Miriama Przesmyckiego","number":"17","postal_code":"51-151","source_objectid":25874},"geometry":{"type":"Point","coordinates":[17.064104706589454,51.137588230326244]}},{"type":"Feature","properties":{"district":1,"street":"Jana Długosza","number":"2","postal_code":"51-162","source_objectid":25915},"geometry":{"type":"Point","coordinates":[17.058877945640326,51.13150218069809]}},{"type":"Feature","properties":{"district":1,"street":"Ludwika Nabielaka","number":"7","postal_code":"51-140","source_objectid":25916},"geometry":{"type":"Point","coordinates":[17.045253567979657,51.13823109852752]}},{"type":"Feature","properties":{"district":2,"street":"Stanisława Przybyszewskiego","number":"34","postal_code":"51-151","source_objectid":25917},"geometry":{"type":"Point","coordinates":[17.06020637281583,51.13688590175922]}},{"type":"Feature","properties":{"district":1,"street":"Tadeusza Boya-Żeleńskiego","number":"6","postal_code":"51-160","source_objectid":25923},"geometry":{"type":"Point","coordinates":[17.053962915598458,51.1371055499805]}},{"type":"Feature","properties":{"district":1,"street":"Jana Długosza","number":"48","postal_code":"51-162","source_objectid":25945},"geometry":{"type":"Point","coordinates":[17.06453221099404,51.13510400737698]}},{"type":"Feature","properties":{"district":2,"street":"Piotra Czajkowskiego","number":"20","postal_code":"51-171","source_objectid":25962},"geometry":{"type":"Point","coordinates":[17.067505373676447,51.137836350579356]}},{"type":"Feature","properties":{"district":1,"street":"Tadeusza Boya-Żeleńskiego","number":"69","postal_code":"51-162","source_objectid":25968},"geometry":{"type":"Point","coordinates":[17.061861274898956,51.13258292873454]}},{"type":"Feature","properties":{"district":1,"street":"Władysława Orkana","number":"43","postal_code":"51-153","source_objectid":25990},"geometry":{"type":"Point","coordinates":[17.05572344366913,51.13364563096161]}},{"type":"Feature","properties":{"district":4,"street":"Obornicka","number":"97","postal_code":"51-114","source_objectid":25998},"geometry":{"type":"Point","coordinates":[17.026306445556152,51.14225791679779]}},{"type":"Feature","properties":{"district":2,"street":"Piotra Czajkowskiego","number":"52","postal_code":"51-171","source_objectid":25999},"geometry":{"type":"Point","coordinates":[17.063577780561907,51.139639106011344]}},{"type":"Feature","properties":{"district":1,"street":"Wacława Potockiego","number":"10a","postal_code":"51-153","source_objectid":26005},"geometry":{"type":"Point","coordinates":[17.051966271858987,51.13685959747367]}},{"type":"Feature","properties":{"district":3,"street":"Maurycego Mochnackiego","number":"29","postal_code":"51-122","source_objectid":26083},"geometry":{"type":"Point","coordinates":[17.03776247906106,51.14247969182532]}},{"type":"Feature","properties":{"district":4,"street":"ks. Norberta Bonczyka","number":"20","postal_code":"51-138","source_objectid":26085},"geometry":{"type":"Point","coordinates":[17.038253831063667,51.136820273310654]}},{"type":"Feature","properties":{"district":3,"street":"Henryka Michała Kamieńskiego","number":"72","postal_code":"51-124","source_objectid":26086},"geometry":{"type":"Point","coordinates":[17.040315447233326,51.14585792999639]}},{"type":"Feature","properties":{"district":1,"street":"Teofila Lenartowicza","number":"10","postal_code":"51-140","source_objectid":26098},"geometry":{"type":"Point","coordinates":[17.04450560513014,51.1381241622136]}},{"type":"Feature","properties":{"district":5,"street":"Czeska","number":"27","postal_code":"51-112","source_objectid":26112},"geometry":{"type":"Point","coordinates":[17.026157976505775,51.13584458426069]}},{"type":"Feature","properties":{"district":1,"street":"Ludwika Nabielaka","number":"16","postal_code":"51-140","source_objectid":26114},"geometry":{"type":"Point","coordinates":[17.046335067924733,51.138610520541334]}},{"type":"Feature","properties":{"district":5,"street":"Łużycka","number":"14b","postal_code":"51-111","source_objectid":26136},"geometry":{"type":"Point","coordinates":[17.017209554481262,51.137561341081046]}},{"type":"Feature","properties":{"district":4,"street":"ks. Norberta Bonczyka","number":"12","postal_code":"51-138","source_objectid":26142},"geometry":{"type":"Point","coordinates":[17.0387155127647,51.13570894761252]}},{"type":"Feature","properties":{"district":1,"street":"Marcina Kromera","number":"10","postal_code":"51-163","source_objectid":26162},"geometry":{"type":"Point","coordinates":[17.06104715742208,51.131149387601006]}},{"type":"Feature","properties":{"district":5,"street":"Jugosłowiańska","number":"70b","postal_code":"51-112","source_objectid":26175},"geometry":{"type":"Point","coordinates":[17.023584900007954,51.13530242166353]}},{"type":"Feature","properties":{"district":1,"street":"Wacława Berenta","number":"30","postal_code":"51-152","source_objectid":26177},"geometry":{"type":"Point","coordinates":[17.05802660400525,51.13643013827437]}},{"type":"Feature","properties":{"district":3,"street":"Filomatów","number":"1","postal_code":"51-142","source_objectid":26180},"geometry":{"type":"Point","coordinates":[17.050600679460487,51.141647738600575]}},{"type":"Feature","properties":{"district":1,"street":"Łąka Mazurska","number":"4-6","postal_code":"51-164","source_objectid":26181},"geometry":{"type":"Point","coordinates":[17.064204525678594,51.130568883013765]}},{"type":"Feature","properties":{"district":5,"street":"Chorwacka","number":"96","postal_code":"51-107","source_objectid":26196},"geometry":{"type":"Point","coordinates":[17.02436287100035,51.14047038951503]}},{"type":"Feature","properties":{"district":1,"street":"Stanisława Piętaka","number":"11","postal_code":"51-141","source_objectid":26208},"geometry":{"type":"Point","coordinates":[17.049168231816406,51.13827432657274]}},{"type":"Feature","properties":{"district":2,"street":"Piotra Czajkowskiego","number":"72","postal_code":"51-147","source_objectid":26213},"geometry":{"type":"Point","coordinates":[17.060868634289754,51.14065916486576]}},{"type":"Feature","properties":{"district":2,"street":"Koszarowa","number":"8h","postal_code":"51-149","source_objectid":26215},"geometry":{"type":"Point","coordinates":[17.065514149140604,51.141109916501954]}},{"type":"Feature","properties":{"district":4,"street":"ks. Norberta Bonczyka","number":"29","postal_code":"51-138","source_objectid":26218},"geometry":{"type":"Point","coordinates":[17.038701001064027,51.1376854729685]}},{"type":"Feature","properties":{"district":1,"street":"Tadeusza Boya-Żeleńskiego","number":"71","postal_code":"51-162","source_objectid":26234},"geometry":{"type":"Point","coordinates":[17.062221702576196,51.13240210710145]}},{"type":"Feature","properties":{"district":1,"street":"Władysława Orkana","number":"63","postal_code":"51-153","source_objectid":26244},"geometry":{"type":"Point","coordinates":[17.058136187666914,51.1332522378378]}},{"type":"Feature","properties":{"district":5,"street":"Bałtycka","number":"17","postal_code":"51-109","source_objectid":26257},"geometry":{"type":"Point","coordinates":[17.032404513972995,51.139207897439285]}},{"type":"Feature","properties":{"district":2,"street":"Sołtysowicka","number":"4a","postal_code":"51-168","source_objectid":26262},"geometry":{"type":"Point","coordinates":[17.068193914224484,51.13901498559847]}},{"type":"Feature","properties":{"district":3,"street":"Ignacego Chrzanowskiego","number":"19","postal_code":"51-141","source_objectid":26322},"geometry":{"type":"Point","coordinates":[17.05093769041902,51.143283459266826]}},{"type":"Feature","properties":{"district":1,"street":"marsz. Józefa Piłsudskiego","number":"2","postal_code":"51-152","source_objectid":26339},"geometry":{"type":"Point","coordinates":[17.056066854067076,51.13776399699299]}},{"type":"Feature","properties":{"district":3,"street":"Bohdana Zaleskiego","number":"7","postal_code":"51-138","source_objectid":26361},"geometry":{"type":"Point","coordinates":[17.039437916364655,51.14011750122581]}},{"type":"Feature","properties":{"district":1,"street":"marsz. Józefa Piłsudskiego","number":"6","postal_code":"51-152","source_objectid":26363},"geometry":{"type":"Point","coordinates":[17.056750684560885,51.13745268338576]}},{"type":"Feature","properties":{"district":4,"street":"Na Polance","number":"14a","postal_code":"51-109","source_objectid":26365},"geometry":{"type":"Point","coordinates":[17.0319580318904,51.13310748962126]}},{"type":"Feature","properties":{"district":1,"street":"Juliana Klaczki","number":"40","postal_code":"51-151","source_objectid":26375},"geometry":{"type":"Point","coordinates":[17.06282868302036,51.13673517064455]}},{"type":"Feature","properties":{"district":1,"street":"Ludwika Nabielaka","number":"6","postal_code":"51-140","source_objectid":26410},"geometry":{"type":"Point","coordinates":[17.044794785064553,51.13858028581648]}},{"type":"Feature","properties":{"district":1,"street":"Władysława Orkana","number":"7","postal_code":"51-153","source_objectid":26414},"geometry":{"type":"Point","coordinates":[17.05129930434641,51.13508642903427]}},{"type":"Feature","properties":{"district":5,"street":"Zaułek Rogoziński","number":"7a","postal_code":"51-116","source_objectid":26425},"geometry":{"type":"Point","coordinates":[17.029830955448425,51.141335166663836]}},{"type":"Feature","properties":{"district":3,"street":"Henryka Michała Kamieńskiego","number":"156","postal_code":"51-124","source_objectid":26455},"geometry":{"type":"Point","coordinates":[17.041536699820423,51.14927551005778]}},{"type":"Feature","properties":{"district":5,"street":"Chorwacka","number":"17","postal_code":"51-107","source_objectid":26499},"geometry":{"type":"Point","coordinates":[17.025446196354412,51.136442463575605]}},{"type":"Feature","properties":{"district":1,"street":"Tadeusza Zelenaya","number":"21","postal_code":"51-140","source_objectid":26516},"geometry":{"type":"Point","coordinates":[17.045578437582897,51.138114088997604]}},{"type":"Feature","properties":{"district":5,"street":"Jugosłowiańska","number":"98a","postal_code":"51-112","source_objectid":26549},"geometry":{"type":"Point","coordinates":[17.02193441563647,51.13639218298913]}},{"type":"Feature","properties":{"district":1,"street":"gen. Józefa Wybickiego","number":"25","postal_code":"51-144","source_objectid":26651},"geometry":{"type":"Point","coordinates":[17.05825927084934,51.14008228179496]}},{"type":"Feature","properties":{"district":2,"street":"Sołtysowicka","number":"4","postal_code":"51-168","source_objectid":26655},"geometry":{"type":"Point","coordinates":[17.067408006568655,51.13895122367655]}},{"type":"Feature","properties":{"district":1,"street":"Franciszka Karpińskiego","number":"17","postal_code":"51-144","source_objectid":26662},"geometry":{"type":"Point","coordinates":[17.055250432879035,51.13962341117892]}},{"type":"Feature","properties":{"district":5,"street":"Czeska","number":"13","postal_code":"51-112","source_objectid":26670},"geometry":{"type":"Point","coordinates":[17.024108522554446,51.13467131300792]}},{"type":"Feature","properties":{"district":5,"street":"Bezpieczna","number":"30","postal_code":"51-114","source_objectid":26681},"geometry":{"type":"Point","coordinates":[17.02251856358611,51.13916845292475]}},{"type":"Feature","properties":{"district":1,"street":"Franciszka Karpińskiego","number":"32","postal_code":"51-144","source_objectid":26683},"geometry":{"type":"Point","coordinates":[17.05427620938234,51.14035183367285]}},{"type":"Feature","properties":{"district":3,"street":"Mieczysława Romanowskiego","number":"21","postal_code":"51-122","source_objectid":26684},"geometry":{"type":"Point","coordinates":[17.038717207823794,51.14023801007926]}},{"type":"Feature","properties":{"district":1,"street":"Bolesława Krzywoustego","number":"15","postal_code":"51-165","source_objectid":26707},"geometry":{"type":"Point","coordinates":[17.0707271929346,51.135951706491696]}},{"type":"Feature","properties":{"district":2,"street":"Piotra Czajkowskiego","number":"90","postal_code":"51-147","source_objectid":26735},"geometry":{"type":"Point","coordinates":[17.05846782597859,51.1412017231647]}},{"type":"Feature","properties":{"district":5,"street":"Morawska","number":"31","postal_code":"51-111","source_objectid":26780},"geometry":{"type":"Point","coordinates":[17.01925873283873,51.137509889250836]}},{"type":"Feature","properties":{"district":1,"street":"Tadeusza Boya-Żeleńskiego","number":"21","postal_code":"51-160","source_objectid":26841},"geometry":{"type":"Point","coordinates":[17.055081051203025,51.136019381210055]}},{"type":"Feature","properties":{"district":1,"street":"Marcina Kromera","number":"65","postal_code":"51-163","source_objectid":26854},"geometry":{"type":"Point","coordinates":[17.07072568275329,51.13498523399706]}},{"type":"Feature","properties":{"district":3,"street":"Wincentego Pola","number":"10","postal_code":"51-140","source_objectid":26868},"geometry":{"type":"Point","coordinates":[17.043509390461193,51.137411005813846]}},{"type":"Feature","properties":{"district":3,"street":"Kornela Ujejskiego","number":"12a","postal_code":"51-141","source_objectid":26899},"geometry":{"type":"Point","coordinates":[17.044352709333516,51.13992771906962]}},{"type":"Feature","properties":{"district":2,"street":"Sołtysowicka","number":"15c","postal_code":"51-168","source_objectid":26902},"geometry":{"type":"Point","coordinates":[17.07108131051189,51.139797470661144]}},{"type":"Feature","properties":{"district":3,"street":"Wacława Gąsiorowskiego","number":"20","postal_code":"51-142","source_objectid":26916},"geometry":{"type":"Point","coordinates":[17.043785564584056,51.14356116436138]}},{"type":"Feature","properties":{"district":3,"street":"Jutrosińska","number":"13","postal_code":"51-124","source_objectid":26942},"geometry":{"type":"Point","coordinates":[17.04397291048841,51.14624025016588]}},{"type":"Feature","properties":{"district":2,"street":"Piotra Czajkowskiego","number":"98a","postal_code":"51-147","source_objectid":27002},"geometry":{"type":"Point","coordinates":[17.056960390676632,51.1412899562875]}},{"type":"Feature","properties":{"district":1,"street":"Ludwika Nabielaka","number":"25a","postal_code":"51-140","source_objectid":27031},"geometry":{"type":"Point","coordinates":[17.04757004664297,51.13845295451031]}},{"type":"Feature","properties":{"district":1,"street":"Wacława Berenta","number":"60","postal_code":"51-152","source_objectid":27056},"geometry":{"type":"Point","coordinates":[17.05933715578062,51.13776264919318]}},{"type":"Feature","properties":{"district":2,"street":"Piotra Czajkowskiego","number":"89","postal_code":"51-147","source_objectid":27057},"geometry":{"type":"Point","coordinates":[17.058455001283974,51.141591185702694]}},{"type":"Feature","properties":{"district":1,"street":"Wacława Berenta","number":"10","postal_code":"51-152","source_objectid":27064},"geometry":{"type":"Point","coordinates":[17.056420945632922,51.13477140655316]}},{"type":"Feature","properties":{"district":3,"street":"Marii Konopnickiej","number":"35","postal_code":"51-142","source_objectid":27067},"geometry":{"type":"Point","coordinates":[17.051415712504937,51.14149643992431]}},{"type":"Feature","properties":{"district":4,"street":"ks. Norberta Bonczyka","number":"5a","postal_code":"51-138","source_objectid":27102},"geometry":{"type":"Point","coordinates":[17.040183984580285,51.13559018229485]}},{"type":"Feature","properties":{"district":4,"street":"Obornicka","number":"43","postal_code":"51-113","source_objectid":27103},"geometry":{"type":"Point","coordinates":[17.031651574364663,51.13778626275499]}},{"type":"Feature","properties":{"district":5,"street":"Chorwacka","number":"26","postal_code":"51-107","source_objectid":27125},"geometry":{"type":"Point","coordinates":[17.02555071736364,51.137391518777996]}},{"type":"Feature","properties":{"district":1,"street":"Wacława Potockiego","number":"17","postal_code":"51-153","source_objectid":27134},"geometry":{"type":"Point","coordinates":[17.052510645180362,51.13593938812614]}},{"type":"Feature","properties":{"district":2,"street":"Koszarowa","number":"8d","postal_code":"51-149","source_objectid":27157},"geometry":{"type":"Point","coordinates":[17.06599628941605,51.14095850796415]}},{"type":"Feature","properties":{"district":2,"street":"Stanisława Przybyszewskiego","number":"23","postal_code":"51-151","source_objectid":27165},"geometry":{"type":"Point","coordinates":[17.06054296888711,51.13615636394676]}},{"type":"Feature","properties":{"district":3,"street":"Marii Konopnickiej","number":"6a","postal_code":"51-141","source_objectid":27168},"geometry":{"type":"Point","coordinates":[17.04031556432988,51.14044862112654]}},{"type":"Feature","properties":{"district":3,"street":"Mieczysława Romanowskiego","number":"28","postal_code":"51-122","source_objectid":27169},"geometry":{"type":"Point","coordinates":[17.038245316872434,51.14104341439651]}},{"type":"Feature","properties":{"district":1,"street":"Bolesława Leśmiana","number":"12","postal_code":"51-141","source_objectid":27188},"geometry":{"type":"Point","coordinates":[17.048275071645882,51.140429798872596]}},{"type":"Feature","properties":{"district":2,"street":"Piotra Czajkowskiego","number":"43","postal_code":"51-171","source_objectid":27199},"geometry":{"type":"Point","coordinates":[17.06608293350905,51.13978847120842]}},{"type":"Feature","properties":{"district":2,"street":"Sportowa","number":"41","postal_code":"51-149","source_objectid":27205},"geometry":{"type":"Point","coordinates":[17.06484292159283,51.144790793303756]}},{"type":"Feature","properties":{"district":3,"street":"Marii Konopnickiej","number":"18","postal_code":"51-141","source_objectid":27220},"geometry":{"type":"Point","coordinates":[17.041975385618574,51.14085587679898]}},{"type":"Feature","properties":{"district":3,"street":"Samuela Bogumiła Lindego","number":"18","postal_code":"51-138","source_objectid":27240},"geometry":{"type":"Point","coordinates":[17.039441332542772,51.138172259415434]}},{"type":"Feature","properties":{"district":4,"street":"Kępińska","number":"8","postal_code":"51-132","source_objectid":27267},"geometry":{"type":"Point","coordinates":[17.034517983595247,51.14566716767756]}},{"type":"Feature","properties":{"district":5,"street":"Jugosłowiańska","number":"76","postal_code":"51-112","source_objectid":27270},"geometry":{"type":"Point","coordinates":[17.02337518982725,51.135846765593044]}},{"type":"Feature","properties":{"district":3,"street":"Władysława Syrokomli","number":"56","postal_code":"51-141","source_objectid":27271},"geometry":{"type":"Point","coordinates":[17.046912261608654,51.14194252590933]}},{"type":"Feature","properties":{"district":3,"street":"Mieczysława Romanowskiego","number":"21c","postal_code":"51-122","source_objectid":27293},"geometry":{"type":"Point","coordinates":[17.039004376239777,51.14051565999511]}},{"type":"Feature","properties":{"district":1,"street":"Władysława Orkana","number":"53","postal_code":"51-153","source_objectid":27313},"geometry":{"type":"Point","coordinates":[17.056717376948903,51.133279008542914]}},{"type":"Feature","properties":{"district":3,"street":"Samuela Bogumiła Lindego","number":"20","postal_code":"51-138","source_objectid":27356},"geometry":{"type":"Point","coordinates":[17.039393725346613,51.1383269218618]}},{"type":"Feature","properties":{"district":5,"street":"Bezpieczna","number":"18","postal_code":"51-114","source_objectid":27359},"geometry":{"type":"Point","coordinates":[17.023232873201152,51.14009928570954]}},{"type":"Feature","properties":{"district":1,"street":"Kętrzyńska","number":"56a","postal_code":"51-413","source_objectid":27363},"geometry":{"type":"Point","coordinates":[17.078636531577313,51.134606230405]}},{"type":"Feature","properties":{"district":1,"street":"Leopolda Staffa","number":"37","postal_code":"51-144","source_objectid":27376},"geometry":{"type":"Point","coordinates":[17.059240895406322,51.140606888181445]}},{"type":"Feature","properties":{"district":1,"street":"Juliana Klaczki","number":"35","postal_code":"51-151","source_objectid":27404},"geometry":{"type":"Point","coordinates":[17.06403192517875,51.137001280827214]}},{"type":"Feature","properties":{"district":5,"street":"Lutycka","number":"8","postal_code":"51-112","source_objectid":27406},"geometry":{"type":"Point","coordinates":[17.025447789197113,51.13443925672286]}},{"type":"Feature","properties":{"district":3,"street":"Mieczysława Romanowskiego","number":"24","postal_code":"51-122","source_objectid":27408},"geometry":{"type":"Point","coordinates":[17.03794475347074,51.140917999982875]}},{"type":"Feature","properties":{"district":3,"street":"Roberta Kocha","number":"9b","postal_code":"51-112","source_objectid":27412},"geometry":{"type":"Point","coordinates":[17.039868122139403,51.142707453278156]}},{"type":"Feature","properties":{"district":5,"street":"Jugosłowiańska","number":"55","postal_code":"51-112","source_objectid":27419},"geometry":{"type":"Point","coordinates":[17.026138476936623,51.1348697179069]}},{"type":"Feature","properties":{"district":5,"street":"Czeska","number":"24","postal_code":"51-112","source_objectid":27423},"geometry":{"type":"Point","coordinates":[17.025556973378105,51.13586507282029]}},{"type":"Feature","properties":{"district":1,"street":"Władysława Orkana","number":"32","postal_code":"51-153","source_objectid":27424},"geometry":{"type":"Point","coordinates":[17.054804203241265,51.13423990016534]}},{"type":"Feature","properties":{"district":3,"street":"Jana Brzechwy","number":"8c","postal_code":"51-141","source_objectid":27479},"geometry":{"type":"Point","coordinates":[17.04582851592822,51.13925652894678]}},{"type":"Feature","properties":{"district":1,"street":"Juliana Klaczki","number":"32","postal_code":"51-151","source_objectid":27487},"geometry":{"type":"Point","coordinates":[17.062366294381654,51.13721112457764]}},{"type":"Feature","properties":{"district":1,"street":"Grudziądzka","number":"108","postal_code":"51-165","source_objectid":27504},"geometry":{"type":"Point","coordinates":[17.075990251266926,51.13746341006324]}},{"type":"Feature","properties":{"district":5,"street":"Serbska","number":"10a","postal_code":"51-111","source_objectid":27513},"geometry":{"type":"Point","coordinates":[17.019574309287925,51.13529046133477]}},{"type":"Feature","properties":{"district":4,"street":"Na Polance","number":"4a","postal_code":"51-109","source_objectid":27544},"geometry":{"type":"Point","coordinates":[17.03466376439152,51.13362559004118]}},{"type":"Feature","properties":{"district":4,"street":"Rowerowa","number":"13","postal_code":"51-138","source_objectid":27552},"geometry":{"type":"Point","coordinates":[17.037413379729415,51.13762818085187]}},{"type":"Feature","properties":{"district":1,"street":"Władysława Orkana","number":"16","postal_code":"51-153","source_objectid":27566},"geometry":{"type":"Point","coordinates":[17.052427078475837,51.13501826121005]}},{"type":"Feature","properties":{"district":1,"street":"Zenona Miriama Przesmyckiego","number":"26","postal_code":"51-151","source_objectid":27595},"geometry":{"type":"Point","coordinates":[17.065245189233178,51.13823438388856]}},{"type":"Feature","properties":{"district":2,"street":"Jana Kasprowicza","number":"75","postal_code":"51-136","source_objectid":27604},"geometry":{"type":"Point","coordinates":[17.050235738178493,51.13727527054378]}},{"type":"Feature","properties":{"district":1,"street":"Kazimierza Przerwy-Tetmajera","number":"8","postal_code":"51-153","source_objectid":27620},"geometry":{"type":"Point","coordinates":[17.050444154532894,51.135008902162404]}},{"type":"Feature","properties":{"district":5,"street":"Serbska","number":"8b","postal_code":"51-111","source_objectid":27622},"geometry":{"type":"Point","coordinates":[17.01958682473145,51.13480814487155]}},{"type":"Feature","properties":{"district":1,"street":"Juliana Klaczki","number":"27","postal_code":"51-151","source_objectid":27628},"geometry":{"type":"Point","coordinates":[17.06319342851891,51.13659941875126]}},{"type":"Feature","properties":{"district":3,"street":"Marii Konopnickiej","number":"21","postal_code":"51-142","source_objectid":27637},"geometry":{"type":"Point","coordinates":[17.04882917319025,51.141250314210524]}},{"type":"Feature","properties":{"district":1,"street":"Stanisława Piętaka","number":"9","postal_code":"51-141","source_objectid":27665},"geometry":{"type":"Point","coordinates":[17.04902141848089,51.13847964296669]}},{"type":"Feature","properties":{"district":1,"street":"Władysława Orkana","number":"41","postal_code":"51-153","source_objectid":27667},"geometry":{"type":"Point","coordinates":[17.055483106814208,51.1337323280785]}},{"type":"Feature","properties":{"district":5,"street":"Łużycka","number":"6b","postal_code":"51-111","source_objectid":27679},"geometry":{"type":"Point","coordinates":[17.01653121095764,51.13705092302486]}},{"type":"Feature","properties":{"district":1,"street":"Jana Długosza","number":"38","postal_code":"51-162","source_objectid":27684},"geometry":{"type":"Point","coordinates":[17.062842871181232,51.133862599730065]}},{"type":"Feature","properties":{"district":3,"street":"Tadeusza Gajcego","number":"45","postal_code":"51-143","source_objectid":27685},"geometry":{"type":"Point","coordinates":[17.049747816989584,51.14103459058985]}},{"type":"Feature","properties":{"district":1,"street":"Ludwika Nabielaka","number":"13","postal_code":"51-140","source_objectid":27687},"geometry":{"type":"Point","coordinates":[17.04606343770468,51.13840869919459]}},{"type":"Feature","properties":{"district":5,"street":"Chorwacka","number":"56","postal_code":"51-107","source_objectid":27697},"geometry":{"type":"Point","coordinates":[17.024092015905357,51.138790219475936]}},{"type":"Feature","properties":{"district":1,"street":"Toruńska","number":"4","postal_code":"51-164","source_objectid":27705},"geometry":{"type":"Point","coordinates":[17.06684404602688,51.13187018987658]}},{"type":"Feature","properties":{"district":2,"street":"Piotra Czajkowskiego","number":"39","postal_code":"51-171","source_objectid":27747},"geometry":{"type":"Point","coordinates":[17.066991744286977,51.14000338532755]}},{"type":"Feature","properties":{"district":3,"street":"Marii Konopnickiej","number":"50","postal_code":"51-142","source_objectid":27752},"geometry":{"type":"Point","coordinates":[17.048696001349843,51.141468587261734]}},{"type":"Feature","properties":{"district":3,"street":"Samuela Bogumiła Lindego","number":"3","postal_code":"51-138","source_objectid":27757},"geometry":{"type":"Point","coordinates":[17.04024463552498,51.13684538370876]}},{"type":"Feature","properties":{"district":1,"street":"Wacława Berenta","number":"69","postal_code":"51-152","source_objectid":27762},"geometry":{"type":"Point","coordinates":[17.059771124510302,51.137591640989235]}},{"type":"Feature","properties":{"district":4,"street":"Obornicka","number":"189","postal_code":"51-114","source_objectid":27774},"geometry":{"type":"Point","coordinates":[17.01987004465323,51.14975088332988]}},{"type":"Feature","properties":{"district":4,"street":"Żmigrodzka","number":"28","postal_code":"51-120","source_objectid":27775},"geometry":{"type":"Point","coordinates":[17.03523947611011,51.13684579688544]}},{"type":"Feature","properties":{"district":1,"street":"Tadeusza Boya-Żeleńskiego","number":"37","postal_code":"51-160","source_objectid":27777},"geometry":{"type":"Point","coordinates":[17.056575815656778,51.13526860568056]}},{"type":"Feature","properties":{"district":1,"street":"Bydgoska","number":"8","postal_code":"51-164","source_objectid":27809},"geometry":{"type":"Point","coordinates":[17.063056920576074,51.13062426691392]}},{"type":"Feature","properties":{"district":5,"street":"Morawska","number":"33","postal_code":"51-111","source_objectid":27831},"geometry":{"type":"Point","coordinates":[17.01900647360289,51.13765263295682]}},{"type":"Feature","properties":{"district":3,"street":"Władysława Syrokomli","number":"10a","postal_code":"51-141","source_objectid":27835},"geometry":{"type":"Point","coordinates":[17.04784779769289,51.13833810801995]}},{"type":"Feature","properties":{"district":2,"street":"Stanisława Przybyszewskiego","number":"25","postal_code":"51-151","source_objectid":27846},"geometry":{"type":"Point","coordinates":[17.060566135863606,51.136269486896886]}},{"type":"Feature","properties":{"district":3,"street":"Kornela Ujejskiego","number":"20","postal_code":"51-141","source_objectid":27849},"geometry":{"type":"Point","coordinates":[17.04473360693356,51.14076771264946]}},{"type":"Feature","properties":{"district":1,"street":"Juliana Klaczki","number":"11","postal_code":"51-151","source_objectid":27860},"geometry":{"type":"Point","coordinates":[17.06172353960252,51.13594852588539]}},{"type":"Feature","properties":{"district":5,"street":"Chorwacka","number":"68","postal_code":"51-107","source_objectid":27865},"geometry":{"type":"Point","coordinates":[17.02414206107975,51.13915337869964]}},{"type":"Feature","properties":{"district":2,"street":"Piotra Czajkowskiego","number":"60","postal_code":"51-171","source_objectid":27885},"geometry":{"type":"Point","coordinates":[17.062268721931364,51.14009271619446]}},{"type":"Feature","properties":{"district":1,"street":"Kętrzyńska","number":"37","postal_code":"51-413","source_objectid":27904},"geometry":{"type":"Point","coordinates":[17.078963757395165,51.1341002284123]}},{"type":"Feature","properties":{"district":2,"street":"Piotra Czajkowskiego","number":"43a","postal_code":"51-171","source_objectid":27914},"geometry":{"type":"Point","coordinates":[17.06617131781844,51.1398840445403]}},{"type":"Feature","properties":{"district":1,"street":"Władysława Orkana","number":"33","postal_code":"51-153","source_objectid":27922},"geometry":{"type":"Point","coordinates":[17.054501281274238,51.13405364020426]}},{"type":"Feature","properties":{"district":1,"street":"Bolesława Krzywoustego","number":"33","postal_code":"51-165","source_objectid":27940},"geometry":{"type":"Point","coordinates":[17.071865623830654,51.13696147281767]}},{"type":"Feature","properties":{"district":4,"street":"Zawalna","number":"25a","postal_code":"51-139","source_objectid":27958},"geometry":{"type":"Point","coordinates":[17.040728674209866,51.13533414020459]}},{"type":"Feature","properties":{"district":2,"street":"Jana Kasprowicza","number":"62a","postal_code":"51-137","source_objectid":27962},"geometry":{"type":"Point","coordinates":[17.05030823853192,51.13777199775779]}},{"type":"Feature","properties":{"district":1,"street":"Władysława Orkana","number":"60","postal_code":"51-153","source_objectid":27965},"geometry":{"type":"Point","coordinates":[17.058285907911614,51.13403768224682]}},{"type":"Feature","properties":{"district":3,"street":"Kornela Ujejskiego","number":"8","postal_code":"51-141","source_objectid":27989},"geometry":{"type":"Point","coordinates":[17.045032950353836,51.139556141922306]}},{"type":"Feature","properties":{"district":5,"street":"Bezpieczna","number":"83","postal_code":"51-114","source_objectid":28064},"geometry":{"type":"Point","coordinates":[17.019910384310442,51.13947765101073]}},{"type":"Feature","properties":{"district":1,"street":"Bolesława Krzywoustego","number":"67","postal_code":"51-166","source_objectid":28071},"geometry":{"type":"Point","coordinates":[17.075302517828298,51.137928680457556]}},{"type":"Feature","properties":{"district":3,"street":"Skwer Obrońców Helu","number":"7","postal_code":"51-138","source_objectid":28074},"geometry":{"type":"Point","coordinates":[17.04146130526673,51.13980916247102]}},{"type":"Feature","properties":{"district":3,"street":"Skwer Obrońców Helu","number":"9a","postal_code":"51-138","source_objectid":28087},"geometry":{"type":"Point","coordinates":[17.04157419398753,51.140023888377236]}},{"type":"Feature","properties":{"district":3,"street":"Marii Konopnickiej","number":"9a","postal_code":"51-141","source_objectid":28117},"geometry":{"type":"Point","coordinates":[17.043154874229355,51.14074277898382]}},{"type":"Feature","properties":{"district":4,"street":"Piesza","number":"1","postal_code":"51-109","source_objectid":28149},"geometry":{"type":"Point","coordinates":[17.033028626848427,51.13428336629348]}},{"type":"Feature","properties":{"district":1,"street":"Franciszka Karpińskiego","number":"11","postal_code":"51-144","source_objectid":28154},"geometry":{"type":"Point","coordinates":[17.056020348869158,51.1392490876473]}},{"type":"Feature","properties":{"district":1,"street":"Kętrzyńska","number":"50a","postal_code":"51-413","source_objectid":28158},"geometry":{"type":"Point","coordinates":[17.07870700509911,51.13479560384636]}},{"type":"Feature","properties":{"district":1,"street":"Zenona Miriama Przesmyckiego","number":"22","postal_code":"51-151","source_objectid":28170},"geometry":{"type":"Point","coordinates":[17.0648362903259,51.137856957392174]}},{"type":"Feature","properties":{"district":5,"street":"Morawska","number":"5a","postal_code":"51-111","source_objectid":28194},"geometry":{"type":"Point","coordinates":[17.022863753595075,51.13535589212321]}},{"type":"Feature","properties":{"district":1,"street":"Juliana Klaczki","number":"29","postal_code":"51-151","source_objectid":28214},"geometry":{"type":"Point","coordinates":[17.063390774420863,51.13669189360739]}},{"type":"Feature","properties":{"district":3,"street":"Marii Konopnickiej","number":"3","postal_code":"51-141","source_objectid":28215},"geometry":{"type":"Point","coordinates":[17.041030562456577,51.14054022021527]}},{"type":"Feature","properties":{"district":4,"street":"Zawalna","number":"11a","postal_code":"51-118","source_objectid":28235},"geometry":{"type":"Point","coordinates":[17.038357897234548,51.134831143441716]}},{"type":"Feature","properties":{"district":1,"street":"bp. Ignacego Krasickiego","number":"22-24","postal_code":"51-144","source_objectid":28333},"geometry":{"type":"Point","coordinates":[17.055703597002903,51.1405142402857]}},{"type":"Feature","properties":{"district":1,"street":"Marcina Kromera","number":"11","postal_code":"51-163","source_objectid":28360},"geometry":{"type":"Point","coordinates":[17.06338432217158,51.131361011053905]}},{"type":"Feature","properties":{"district":1,"street":"Wacława Berenta","number":"40","postal_code":"51-152","source_objectid":28389},"geometry":{"type":"Point","coordinates":[17.058392417906532,51.13680791620432]}},{"type":"Feature","properties":{"district":1,"street":"Juliana Klaczki","number":"28","postal_code":"51-151","source_objectid":28407},"geometry":{"type":"Point","coordinates":[17.061939003941262,51.13728522472721]}},{"type":"Feature","properties":{"district":2,"street":"Jana Kasprowicza","number":"38a","postal_code":"51-137","source_objectid":28437},"geometry":{"type":"Point","coordinates":[17.04478999854162,51.1370665969759]}},{"type":"Feature","properties":{"district":1,"street":"Tadeusza Boya-Żeleńskiego","number":"55","postal_code":"51-160","source_objectid":28440},"geometry":{"type":"Point","coordinates":[17.0590766155238,51.13399415412226]}},{"type":"Feature","properties":{"district":2,"street":"Sportowa","number":"30a","postal_code":"51-149","source_objectid":28444},"geometry":{"type":"Point","coordinates":[17.063707951712445,51.14465210955013]}},{"type":"Feature","properties":{"district":2,"street":"Stanisława Przybyszewskiego","number":"41","postal_code":"51-151","source_objectid":28452},"geometry":{"type":"Point","coordinates":[17.06071010847507,51.13694983755898]}},{"type":"Feature","properties":{"district":2,"street":"Stanisława Przybyszewskiego","number":"31","postal_code":"51-151","source_objectid":28458},"geometry":{"type":"Point","coordinates":[17.06065472049437,51.136689475251686]}},{"type":"Feature","properties":{"district":3,"street":"Ignacego Chrzanowskiego","number":"92","postal_code":"51-141","source_objectid":28490},"geometry":{"type":"Point","coordinates":[17.043602868174187,51.142702211755726]}},{"type":"Feature","properties":{"district":1,"street":"Adama Asnyka","number":"15","postal_code":"51-143","source_objectid":28547},"geometry":{"type":"Point","coordinates":[17.052902776298556,51.13969502084966]}},{"type":"Feature","properties":{"district":1,"street":"Kętrzyńska","number":"29","postal_code":"51-413","source_objectid":28549},"geometry":{"type":"Point","coordinates":[17.07762484562649,51.13428634233402]}},{"type":"Feature","properties":{"district":1,"street":"Tadeusza Boya-Żeleńskiego","number":"69a","postal_code":"51-162","source_objectid":28552},"geometry":{"type":"Point","coordinates":[17.06157636464634,51.13270126592935]}},{"type":"Feature","properties":{"district":1,"street":"Aleksandra Brücknera","number":"24-26","postal_code":"51-411","source_objectid":28584},"geometry":{"type":"Point","coordinates":[17.078939604935126,51.13503480721029]}},{"type":"Feature","properties":{"district":1,"street":"Leopolda Staffa","number":"4a","postal_code":"51-144","source_objectid":28585},"geometry":{"type":"Point","coordinates":[17.05876546421998,51.13921180890763]}},{"type":"Feature","properties":{"district":1,"street":"Wacława Berenta","number":"49","postal_code":"51-152","source_objectid":28613},"geometry":{"type":"Point","coordinates":[17.059101578359616,51.13689533954439]}},{"type":"Feature","properties":{"district":5,"street":"Chorwacka","number":"7","postal_code":"51-107","source_objectid":28621},"geometry":{"type":"Point","coordinates":[17.024863452488056,51.13607739038577]}},{"type":"Feature","properties":{"district":1,"street":"Władysława Orkana","number":"27","postal_code":"51-153","source_objectid":28625},"geometry":{"type":"Point","coordinates":[17.053621152327096,51.13429637054279]}},{"type":"Feature","properties":{"district":1,"street":"Franciszka Karpińskiego","number":"18","postal_code":"51-144","source_objectid":28630},"geometry":{"type":"Point","coordinates":[17.05459221503196,51.13992471083503]}},{"type":"Feature","properties":{"district":1,"street":"Wacława Potockiego","number":"39","postal_code":"51-153","source_objectid":28636},"geometry":{"type":"Point","coordinates":[17.055296449065644,51.13476078217104]}},{"type":"Feature","properties":{"district":3,"street":"Krzysztofa Kamila Baczyńskiego","number":"23","postal_code":"51-122","source_objectid":28638},"geometry":{"type":"Point","coordinates":[17.039114471684776,51.14235602563052]}},{"type":"Feature","properties":{"district":5,"street":"Chorwacka","number":"82","postal_code":"51-107","source_objectid":28660},"geometry":{"type":"Point","coordinates":[17.025029707242332,51.13979347384377]}},{"type":"Feature","properties":{"district":3,"street":"Mieczysława Romanowskiego","number":"29a","postal_code":"51-122","source_objectid":28662},"geometry":{"type":"Point","coordinates":[17.0402947313692,51.14082686928241]}},{"type":"Feature","properties":{"district":1,"street":"Macieja Miechowity","number":"1","postal_code":"51-162","source_objectid":28681},"geometry":{"type":"Point","coordinates":[17.066269655395576,51.133623709623876]}},{"type":"Feature","properties":{"district":3,"street":"Wincentego Pola","number":"46","postal_code":"51-140","source_objectid":28705},"geometry":{"type":"Point","coordinates":[17.042106232941048,51.141354830957326]}},{"type":"Feature","properties":{"district":4,"street":"Obornicka","number":"4","postal_code":"51-113","source_objectid":28718},"geometry":{"type":"Point","coordinates":[17.034725561621325,51.13425801915636]}},{"type":"Feature","properties":{"district":3,"street":"Kazimierza Brodzińskiego","number":"13","postal_code":"51-112","source_objectid":28725},"geometry":{"type":"Point","coordinates":[17.036919459093003,51.14156242556105]}},{"type":"Feature","properties":{"district":3,"street":"Kornela Makuszyńskiego","number":"10","postal_code":"51-142","source_objectid":28727},"geometry":{"type":"Point","coordinates":[17.05183281667903,51.142134337710445]}},{"type":"Feature","properties":{"district":5,"street":"Bałkańska","number":"10","postal_code":"51-111","source_objectid":28740},"geometry":{"type":"Point","coordinates":[17.01695057698056,51.13531362721673]}},{"type":"Feature","properties":{"district":5,"street":"Serbska","number":"19","postal_code":"51-111","source_objectid":28754},"geometry":{"type":"Point","coordinates":[17.01908488189014,51.13614343185324]}},{"type":"Feature","properties":{"district":2,"street":"Jana Kasprowicza","number":"105","postal_code":"51-146","source_objectid":28797},"geometry":{"type":"Point","coordinates":[17.058313459381825,51.13828278598302]}},{"type":"Feature","properties":{"district":4,"street":"Rowerowa","number":"9","postal_code":"51-138","source_objectid":28823},"geometry":{"type":"Point","coordinates":[17.03741605412644,51.13736764681021]}},{"type":"Feature","properties":{"district":1,"street":"Adama Asnyka","number":"19","postal_code":"51-143","source_objectid":28841},"geometry":{"type":"Point","coordinates":[17.053085192467936,51.14011316769367]}},{"type":"Feature","properties":{"district":3,"street":"Wincentego Pola","number":"39","postal_code":"51-140","source_objectid":28843},"geometry":{"type":"Point","coordinates":[17.043006670463168,51.140030890085825]}},{"type":"Feature","properties":{"district":1,"street":"Franciszka Karpińskiego","number":"43","postal_code":"51-144","source_objectid":28849},"geometry":{"type":"Point","coordinates":[17.054531642362953,51.14057725542604]}},{"type":"Feature","properties":{"district":3,"street":"Wincentego Pola","number":"67-73","postal_code":"51-123","source_objectid":28867},"geometry":{"type":"Point","coordinates":[17.04160287113405,51.142715415782334]}},{"type":"Feature","properties":{"district":3,"street":"Wacława Gąsiorowskiego","number":"34","postal_code":"51-142","source_objectid":28868},"geometry":{"type":"Point","coordinates":[17.044814377294507,51.14387654934469]}},{"type":"Feature","properties":{"district":3,"street":"Roberta Kocha","number":"9","postal_code":"51-112","source_objectid":28871},"geometry":{"type":"Point","coordinates":[17.039974562780365,51.142591614513655]}},{"type":"Feature","properties":{"district":5,"street":"Bałkańska","number":"7","postal_code":"51-111","source_objectid":28878},"geometry":{"type":"Point","coordinates":[17.01850610997549,51.13574518825823]}},{"type":"Feature","properties":{"district":3,"street":"Władysława Syrokomli","number":"55","postal_code":"51-141","source_objectid":28879},"geometry":{"type":"Point","coordinates":[17.047195038606723,51.1423648708372]}},{"type":"Feature","properties":{"district":1,"street":"Kętrzyńska","number":"25","postal_code":"51-413","source_objectid":28893},"geometry":{"type":"Point","coordinates":[17.077052088842894,51.134138591766806]}},{"type":"Feature","properties":{"district":1,"street":"Władysława Orkana","number":"25","postal_code":"51-153","source_objectid":28918},"geometry":{"type":"Point","coordinates":[17.053403507054888,51.13441756050351]}},{"type":"Feature","properties":{"district":2,"street":"Stanisława Przybyszewskiego","number":"8","postal_code":"51-151","source_objectid":28935},"geometry":{"type":"Point","coordinates":[17.059404116906077,51.13506437172537]}},{"type":"Feature","properties":{"district":1,"street":"Juliana Klaczki","number":"15","postal_code":"51-151","source_objectid":28947},"geometry":{"type":"Point","coordinates":[17.0619890461334,51.13609134357172]}},{"type":"Feature","properties":{"district":2,"street":"Koszarowa","number":"8","postal_code":"51-149","source_objectid":28984},"geometry":{"type":"Point","coordinates":[17.06255677504478,51.14214962380875]}},{"type":"Feature","properties":{"district":2,"street":"Koszarowa","number":"6d","postal_code":"51-149","source_objectid":28985},"geometry":{"type":"Point","coordinates":[17.068152404802866,51.140263377574435]}},{"type":"Feature","properties":{"district":2,"street":"Piotra Czajkowskiego","number":"82","postal_code":"51-147","source_objectid":28987},"geometry":{"type":"Point","coordinates":[17.059592045143027,51.140982647205014]}},{"type":"Feature","properties":{"district":1,"street":"Tadeusza Zelenaya","number":"15","postal_code":"51-140","source_objectid":28996},"geometry":{"type":"Point","coordinates":[17.046174514663843,51.13802294252933]}},{"type":"Feature","properties":{"district":1,"street":"gen. Józefa Wybickiego","number":"28","postal_code":"51-144","source_objectid":29007},"geometry":{"type":"Point","coordinates":[17.057915648091065,51.14023341692861]}},{"type":"Feature","properties":{"district":5,"street":"Obodrzycka","number":"12a","postal_code":"51-112","source_objectid":29049},"geometry":{"type":"Point","coordinates":[17.025075767003266,51.13438141793956]}},{"type":"Feature","properties":{"district":4,"street":"ks. Norberta Bonczyka","number":"25","postal_code":"51-138","source_objectid":29055},"geometry":{"type":"Point","coordinates":[17.038760435959848,51.13738863778626]}},{"type":"Feature","properties":{"district":3,"street":"Maurycego Mochnackiego","number":"22","postal_code":"51-122","source_objectid":29058},"geometry":{"type":"Point","coordinates":[17.037834744841078,51.14210314383039]}},{"type":"Feature","properties":{"district":2,"street":"Stanisława Przybyszewskiego","number":"17a","postal_code":"51-151","source_objectid":29074},"geometry":{"type":"Point","coordinates":[17.061201217930783,51.13523667864925]}},{"type":"Feature","properties":{"district":1,"street":"Grudziądzka","number":"101","postal_code":"51-165","source_objectid":29090},"geometry":{"type":"Point","coordinates":[17.078120952722255,51.1373670363832]}},{"type":"Feature","properties":{"district":1,"street":"Kętrzyńska","number":"52","postal_code":"51-413","source_objectid":29105},"geometry":{"type":"Point","coordinates":[17.078697804567653,51.13476538912811]}},{"type":"Feature","properties":{"district":1,"street":"Kętrzyńska","number":"17","postal_code":"51-413","source_objectid":29122},"geometry":{"type":"Point","coordinates":[17.076131490571495,51.133621385813626]}},{"type":"Feature","properties":{"district":1,"street":"Aleksandra Brücknera","number":"20","postal_code":"51-411","source_objectid":29161},"geometry":{"type":"Point","coordinates":[17.079091140908524,51.134526665954404]}},{"type":"Feature","properties":{"district":1,"street":"Leopolda Staffa","number":"23","postal_code":"51-144","source_objectid":29165},"geometry":{"type":"Point","coordinates":[17.05916971424224,51.13997567471027]}},{"type":"Feature","properties":{"district":1,"street":"Adama Asnyka","number":"36","postal_code":"51-143","source_objectid":29169},"geometry":{"type":"Point","coordinates":[17.05371252041699,51.14097806804552]}},{"type":"Feature","properties":{"district":4,"street":"ks. Norberta Bonczyka","number":"29a","postal_code":"51-138","source_objectid":29180},"geometry":{"type":"Point","coordinates":[17.03868143420944,51.13774556077047]}},{"type":"Feature","properties":{"district":3,"street":"Władysława Syrokomli","number":"10","postal_code":"51-141","source_objectid":29185},"geometry":{"type":"Point","coordinates":[17.047901797670015,51.13799493646043]}},{"type":"Feature","properties":{"district":4,"street":"Jana Kasprowicza","number":"1","postal_code":"51-136","source_objectid":29212},"geometry":{"type":"Point","coordinates":[17.037212733289074,51.135415155521734]}},{"type":"Feature","properties":{"district":3,"street":"Ignacego Chrzanowskiego","number":"62","postal_code":"51-141","source_objectid":29228},"geometry":{"type":"Point","coordinates":[17.046636811363236,51.14273675391717]}},{"type":"Feature","properties":{"district":4,"street":"Obornicka","number":"109","postal_code":"51-114","source_objectid":29234},"geometry":{"type":"Point","coordinates":[17.02591963787745,51.14343659206841]}},{"type":"Feature","properties":{"district":2,"street":"Jana Kasprowicza","number":"58-60","postal_code":"51-137","source_objectid":29273},"geometry":{"type":"Point","coordinates":[17.04925688621056,51.13790341543027]}},{"type":"Feature","properties":{"district":1,"street":"Tadeusza Boya-Żeleńskiego","number":"69c","postal_code":"51-162","source_objectid":29282},"geometry":{"type":"Point","coordinates":[17.061683437508616,51.132672351362366]}},{"type":"Feature","properties":{"district":4,"street":"Żmigrodzka","number":"52","postal_code":"51-120","source_objectid":29304},"geometry":{"type":"Point","coordinates":[17.033319149777974,51.1380754383025]}},{"type":"Feature","properties":{"district":4,"street":"Obornicka","number":"185","postal_code":"51-114","source_objectid":29336},"geometry":{"type":"Point","coordinates":[17.01981675396914,51.149824034952054]}},{"type":"Feature","properties":{"district":5,"street":"Łużycka","number":"14","postal_code":"51-111","source_objectid":29341},"geometry":{"type":"Point","coordinates":[17.017588574731015,51.13724374741337]}},{"type":"Feature","properties":{"district":4,"street":"Macedońska","number":"39","postal_code":"51-113","source_objectid":29383},"geometry":{"type":"Point","coordinates":[17.03060171389884,51.13585491155457]}},{"type":"Feature","properties":{"district":1,"street":"Giżycka","number":"72a","postal_code":"51-412","source_objectid":29432},"geometry":{"type":"Point","coordinates":[17.078214960840395,51.13390048535901]}},{"type":"Feature","properties":{"district":3,"street":"Kornela Ujejskiego","number":"21a","postal_code":"51-141","source_objectid":29435},"geometry":{"type":"Point","coordinates":[17.044861024477637,51.14167387537082]}},{"type":"Feature","properties":{"district":2,"street":"Jana Kasprowicza","number":"100","postal_code":"51-145","source_objectid":29437},"geometry":{"type":"Point","coordinates":[17.058426415970963,51.138698738048355]}},{"type":"Feature","properties":{"district":3,"street":"Henryka Michała Kamieńskiego","number":"136","postal_code":"51-124","source_objectid":29498},"geometry":{"type":"Point","coordinates":[17.042265443150548,51.14852954186619]}},{"type":"Feature","properties":{"district":5,"street":"Słowacka","number":"5a","postal_code":"51-111","source_objectid":29516},"geometry":{"type":"Point","coordinates":[17.02016369723266,51.13561666453483]}},{"type":"Feature","properties":{"district":3,"street":"Tadeusza Gajcego","number":"12","postal_code":"51-143","source_objectid":29536},"geometry":{"type":"Point","coordinates":[17.04889749237759,51.139627412655734]}},{"type":"Feature","properties":{"district":3,"street":"Ignacego Chrzanowskiego","number":"94","postal_code":"51-141","source_objectid":29538},"geometry":{"type":"Point","coordinates":[17.04338937759211,51.142628189054186]}},{"type":"Feature","properties":{"district":3,"street":"Henryka Michała Kamieńskiego","number":"55","postal_code":"51-124","source_objectid":29552},"geometry":{"type":"Point","coordinates":[17.041986938893142,51.145813685978]}},{"type":"Feature","properties":{"district":4,"street":"Obornicka","number":"122","postal_code":"51-114","source_objectid":29596},"geometry":{"type":"Point","coordinates":[17.022846048251807,51.144748792681085]}},{"type":"Feature","properties":{"district":3,"street":"Roberta Kocha","number":"16b","postal_code":"51-112","source_objectid":29603},"geometry":{"type":"Point","coordinates":[17.039372815289656,51.142794837715854]}},{"type":"Feature","properties":{"district":3,"street":"Henryka Michała Kamieńskiego","number":"78","postal_code":"51-124","source_objectid":29683},"geometry":{"type":"Point","coordinates":[17.04075990569674,51.14608909479107]}},{"type":"Feature","properties":{"district":5,"street":"Łużycka","number":"28b","postal_code":"51-111","source_objectid":29706},"geometry":{"type":"Point","coordinates":[17.019014888134794,51.138570359119065]}},{"type":"Feature","properties":{"district":1,"street":"Adama Asnyka","number":"5","postal_code":"51-143","source_objectid":29707},"geometry":{"type":"Point","coordinates":[17.053229300154065,51.13849210891088]}},{"type":"Feature","properties":{"district":3,"street":"Skwer Obrońców Helu","number":"5","postal_code":"51-138","source_objectid":29718},"geometry":{"type":"Point","coordinates":[17.041531392488732,51.13969348278074]}},{"type":"Feature","properties":{"district":3,"street":"Wincentego Pola","number":"62a","postal_code":"51-123","source_objectid":29724},"geometry":{"type":"Point","coordinates":[17.040585616844247,51.143144196770606]}},{"type":"Feature","properties":{"district":3,"street":"Jana Brzechwy","number":"32","postal_code":"51-141","source_objectid":29742},"geometry":{"type":"Point","coordinates":[17.04592212304047,51.14065089402201]}},{"type":"Feature","properties":{"district":3,"street":"Ignacego Chrzanowskiego","number":"68","postal_code":"51-141","source_objectid":29770},"geometry":{"type":"Point","coordinates":[17.046203495250904,51.14279578884008]}},{"type":"Feature","properties":{"district":1,"street":"Kętrzyńska","number":"11","postal_code":"51-413","source_objectid":29774},"geometry":{"type":"Point","coordinates":[17.074944821791114,51.13290862918532]}},{"type":"Feature","properties":{"district":5,"street":"Łużycka","number":"27","postal_code":"51-111","source_objectid":29802},"geometry":{"type":"Point","coordinates":[17.019686939437147,51.138291237851405]}},{"type":"Feature","properties":{"district":3,"street":"Ignacego Chrzanowskiego","number":"8a","postal_code":"51-147","source_objectid":29836},"geometry":{"type":"Point","coordinates":[17.05233439047849,51.142656430680404]}},{"type":"Feature","properties":{"district":5,"street":"Jugosłowiańska","number":"126","postal_code":"51-112","source_objectid":29840},"geometry":{"type":"Point","coordinates":[17.020675102169232,51.13775643333405]}},{"type":"Feature","properties":{"district":3,"street":"Kazimierza Brodzińskiego","number":"17","postal_code":"51-112","source_objectid":29861},"geometry":{"type":"Point","coordinates":[17.036674152668827,51.14174412667991]}},{"type":"Feature","properties":{"district":1,"street":"Leopolda Staffa","number":"18","postal_code":"51-144","source_objectid":29884},"geometry":{"type":"Point","coordinates":[17.05815179704622,51.139740906900336]}},{"type":"Feature","properties":{"district":3,"street":"Stanisława Grochowiaka","number":"12","postal_code":"51-142","source_objectid":29888},"geometry":{"type":"Point","coordinates":[17.045881334812215,51.14380507072581]}},{"type":"Feature","properties":{"district":3,"street":"Włodzimierza Perzyńskiego","number":"11","postal_code":"51-141","source_objectid":29938},"geometry":{"type":"Point","coordinates":[17.043484773423987,51.141662717722554]}},{"type":"Feature","properties":{"district":1,"street":"Zenona Miriama Przesmyckiego","number":"9","postal_code":"51-151","source_objectid":29939},"geometry":{"type":"Point","coordinates":[17.06296159406534,51.13773601368853]}},{"type":"Feature","properties":{"district":1,"street":"Władysława Orkana","number":"5","postal_code":"51-153","source_objectid":29942},"geometry":{"type":"Point","coordinates":[17.05096543180481,51.1349508531715]}},{"type":"Feature","properties":{"district":4,"street":"Obornicka","number":"22","postal_code":"51-113","source_objectid":29949},"geometry":{"type":"Point","coordinates":[17.033697435136286,51.13498490959347]}},{"type":"Feature","properties":{"district":1,"street":"gen. Józefa Wybickiego","number":"14","postal_code":"51-144","source_objectid":29967},"geometry":{"type":"Point","coordinates":[17.05418710804798,51.13934845381083]}},{"type":"Feature","properties":{"district":1,"street":"Jana Długosza","number":"8","postal_code":"51-162","source_objectid":29982},"geometry":{"type":"Point","coordinates":[17.05952193600325,51.13243624370884]}},{"type":"Feature","properties":{"district":5,"street":"Czeska","number":"32","postal_code":"51-112","source_objectid":29999},"geometry":{"type":"Point","coordinates":[17.026409468486175,51.136350953127014]}},{"type":"Feature","properties":{"district":1,"street":"Tadeusza Zelenaya","number":"13a","postal_code":"51-140","source_objectid":30069},"geometry":{"type":"Point","coordinates":[17.046384401477546,51.138205184175625]}},{"type":"Feature","properties":{"district":1,"street":"Wacława Potockiego","number":"3b","postal_code":"51-153","source_objectid":30077},"geometry":{"type":"Point","coordinates":[17.050108250192444,51.13660260976492]}},{"type":"Feature","properties":{"district":1,"street":"Toruńska","number":"2c","postal_code":"51-164","source_objectid":30083},"geometry":{"type":"Point","coordinates":[17.06664991547064,51.131894584797394]}},{"type":"Feature","properties":{"district":3,"street":"Marii Konopnickiej","number":"10","postal_code":"51-141","source_objectid":30114},"geometry":{"type":"Point","coordinates":[17.041034857658584,51.14077087577525]}},{"type":"Feature","properties":{"district":5,"street":"Obodrzycka","number":"7","postal_code":"51-112","source_objectid":30118},"geometry":{"type":"Point","coordinates":[17.02515000352673,51.134108921825835]}},{"type":"Feature","properties":{"district":2,"street":"Jana Kasprowicza","number":"48","postal_code":"51-137","source_objectid":30147},"geometry":{"type":"Point","coordinates":[17.047454497485102,51.13738935649189]}},{"type":"Feature","properties":{"district":1,"street":"Wacława Potockiego","number":"38","postal_code":"51-153","source_objectid":30186},"geometry":{"type":"Point","coordinates":[17.055433990040452,51.13499954339522]}},{"type":"Feature","properties":{"district":2,"street":"Sportowa","number":"37","postal_code":"51-149","source_objectid":30200},"geometry":{"type":"Point","coordinates":[17.06469566363121,51.144594837574495]}},{"type":"Feature","properties":{"district":2,"street":"Sportowa","number":"34a","postal_code":"51-149","source_objectid":30214},"geometry":{"type":"Point","coordinates":[17.063857309046448,51.14484652813075]}},{"type":"Feature","properties":{"district":2,"street":"Piotra Czajkowskiego","number":"102","postal_code":"51-147","source_objectid":30216},"geometry":{"type":"Point","coordinates":[17.056452967678226,51.141595484705185]}},{"type":"Feature","properties":{"district":5,"street":"Bałtycka","number":"13","postal_code":"51-109","source_objectid":30218},"geometry":{"type":"Point","coordinates":[17.032033092152222,51.13914371227664]}},{"type":"Feature","properties":{"district":5,"street":"Jugosłowiańska","number":"65c","postal_code":"51-112","source_objectid":30227},"geometry":{"type":"Point","coordinates":[17.02346619756672,51.13651246381305]}},{"type":"Feature","properties":{"district":1,"street":"Adama Asnyka","number":"25","postal_code":"51-143","source_objectid":30239},"geometry":{"type":"Point","coordinates":[17.05447049992999,51.1408497943862]}},{"type":"Feature","properties":{"district":3,"street":"Marii Konopnickiej","number":"30","postal_code":"51-141","source_objectid":30271},"geometry":{"type":"Point","coordinates":[17.044996407899646,51.1412239796224]}},{"type":"Feature","properties":{"district":5,"street":"Morawska","number":"9","postal_code":"51-111","source_objectid":30276},"geometry":{"type":"Point","coordinates":[17.022247757454647,51.135467456500834]}},{"type":"Feature","properties":{"district":4,"street":"Obornicka","number":"45","postal_code":"51-113","source_objectid":30302},"geometry":{"type":"Point","coordinates":[17.03173683662099,51.13792300013274]}},{"type":"Feature","properties":{"district":3,"street":"Jana Brzechwy","number":"21","postal_code":"51-141","source_objectid":30307},"geometry":{"type":"Point","coordinates":[17.046537552867555,51.139961085483954]}},{"type":"Feature","properties":{"district":5,"street":"Chorwacka","number":"10","postal_code":"51-107","source_objectid":30325},"geometry":{"type":"Point","coordinates":[17.02427020669287,51.13684141788336]}},{"type":"Feature","properties":{"district":1,"street":"Kazimierza Przerwy-Tetmajera","number":"13","postal_code":"51-153","source_objectid":30339},"geometry":{"type":"Point","coordinates":[17.050361662284928,51.135375504400116]}},{"type":"Feature","properties":{"district":2,"street":"Stanisława Przybyszewskiego","number":"112","postal_code":"51-148","source_objectid":30344},"geometry":{"type":"Point","coordinates":[17.06296907587043,51.14175718630215]}},{"type":"Feature","properties":{"district":5,"street":"Osobowicka","number":"37","postal_code":"51-110","source_objectid":30352},"geometry":{"type":"Point","coordinates":[17.02100963531603,51.13394497408877]}},{"type":"Feature","properties":{"district":3,"street":"Wincentego Pola","number":"16","postal_code":"51-140","source_objectid":30394},"geometry":{"type":"Point","coordinates":[17.04335459335028,51.13793447442581]}},{"type":"Feature","properties":{"district":2,"street":"Piotra Czajkowskiego","number":"91a","postal_code":"51-147","source_objectid":30411},"geometry":{"type":"Point","coordinates":[17.058229049369086,51.14227612050198]}},{"type":"Feature","properties":{"district":1,"street":"bp. Ignacego Krasickiego","number":"12","postal_code":"51-144","source_objectid":30419},"geometry":{"type":"Point","coordinates":[17.056470587725627,51.13962293211835]}},{"type":"Feature","properties":{"district":1,"street":"bp. Ignacego Krasickiego","number":"26","postal_code":"51-144","source_objectid":30449},"geometry":{"type":"Point","coordinates":[17.055491835597206,51.140700260901795]}},{"type":"Feature","properties":{"district":3,"street":"Marii Konopnickiej","number":"62b","postal_code":"51-142","source_objectid":30455},"geometry":{"type":"Point","coordinates":[17.05142412786458,51.14171057841314]}},{"type":"Feature","properties":{"district":1,"street":"Łąka Mazurska","number":"10","postal_code":"51-164","source_objectid":30487},"geometry":{"type":"Point","coordinates":[17.06434109311201,51.13103069513013]}},{"type":"Feature","properties":{"district":3,"street":"Tadeusza Gajcego","number":"16","postal_code":"51-143","source_objectid":30507},"geometry":{"type":"Point","coordinates":[17.04890899370578,51.1398633287578]}},{"type":"Feature","properties":{"district":1,"street":"Tadeusza Zelenaya","number":"14","postal_code":"51-140","source_objectid":30548},"geometry":{"type":"Point","coordinates":[17.047052749391746,51.13791437815402]}},{"type":"Feature","properties":{"district":2,"street":"Jana Kasprowicza","number":"65a","postal_code":"51-136","source_objectid":30558},"geometry":{"type":"Point","coordinates":[17.04803274657676,51.137017326707365]}},{"type":"Feature","properties":{"district":1,"street":"Gustawa Daniłowskiego","number":"2","postal_code":"51-151","source_objectid":30566},"geometry":{"type":"Point","coordinates":[17.060266640158787,51.13795946124605]}},{"type":"Feature","properties":{"district":3,"street":"Wincentego Pola","number":"77a","postal_code":"51-123","source_objectid":30568},"geometry":{"type":"Point","coordinates":[17.040745274234116,51.143466957933384]}},{"type":"Feature","properties":{"district":1,"street":"Władysława Orkana","number":"9","postal_code":"51-153","source_objectid":30580},"geometry":{"type":"Point","coordinates":[17.05153635606653,51.134940427127646]}},{"type":"Feature","properties":{"district":3,"street":"Jana Brzechwy","number":"33","postal_code":"51-141","source_objectid":30596},"geometry":{"type":"Point","coordinates":[17.04644922895994,51.140335503165275]}},{"type":"Feature","properties":{"district":4,"street":"Obornicka","number":"129","postal_code":"51-114","source_objectid":30599},"geometry":{"type":"Point","coordinates":[17.022759268920975,51.14637575117325]}},{"type":"Feature","properties":{"district":1,"street":"Kętrzyńska","number":"35","postal_code":"51-413","source_objectid":30621},"geometry":{"type":"Point","coordinates":[17.078630615710303,51.13421284238594]}},{"type":"Feature","properties":{"district":2,"street":"Jana Kasprowicza","number":"83a","postal_code":"51-136","source_objectid":30714},"geometry":{"type":"Point","coordinates":[17.051899285317266,51.13747836898468]}},{"type":"Feature","properties":{"district":3,"street":"Stanisława Grochowiaka","number":"11","postal_code":"51-142","source_objectid":30743},"geometry":{"type":"Point","coordinates":[17.046260171102805,51.14397196976405]}},{"type":"Feature","properties":{"district":2,"street":"Sportowa","number":"24","postal_code":"51-149","source_objectid":30744},"geometry":{"type":"Point","coordinates":[17.06316623757121,51.14450860327544]}},{"type":"Feature","properties":{"district":1,"street":"Marcina Kromera","number":"4","postal_code":"51-163","source_objectid":30775},"geometry":{"type":"Point","coordinates":[17.060397126976877,51.130907963726344]}},{"type":"Feature","properties":{"district":1,"street":"Bolesława Krzywoustego","number":"63","postal_code":"51-165","source_objectid":30786},"geometry":{"type":"Point","coordinates":[17.074634896248433,51.13765886207108]}},{"type":"Feature","properties":{"district":2,"street":"Piotra Czajkowskiego","number":"64a","postal_code":"51-171","source_objectid":30855},"geometry":{"type":"Point","coordinates":[17.059580929660306,51.14158173487238]}},{"type":"Feature","properties":{"district":3,"street":"Maurycego Mochnackiego","number":"23","postal_code":"51-122","source_objectid":30867},"geometry":{"type":"Point","coordinates":[17.038155876748647,51.14219158242999]}},{"type":"Feature","properties":{"district":1,"street":"Bolesława Krzywoustego","number":"57","postal_code":"51-165","source_objectid":30896},"geometry":{"type":"Point","coordinates":[17.074013447143184,51.13764137580111]}},{"type":"Feature","properties":{"district":4,"street":"Żmigrodzka","number":"42","postal_code":"51-120","source_objectid":30898},"geometry":{"type":"Point","coordinates":[17.034194525590294,51.13761918206413]}},{"type":"Feature","properties":{"district":2,"street":"Piotra Czajkowskiego","number":"51","postal_code":"51-171","source_objectid":30902},"geometry":{"type":"Point","coordinates":[17.065093568107233,51.14031833539287]}},{"type":"Feature","properties":{"district":3,"street":"Jutrosińska","number":"21","postal_code":"51-124","source_objectid":30923},"geometry":{"type":"Point","coordinates":[17.045802478745028,51.14620652090133]}},{"type":"Feature","properties":{"district":4,"street":"Żmigrodzka","number":"87","postal_code":"51-130","source_objectid":30943},"geometry":{"type":"Point","coordinates":[17.032499341996843,51.142365451178684]}},{"type":"Feature","properties":{"district":1,"street":"Adama Asnyka","number":"24","postal_code":"51-143","source_objectid":30948},"geometry":{"type":"Point","coordinates":[17.05247132506962,51.14003540681108]}},{"type":"Feature","properties":{"district":1,"street":"Kętrzyńska","number":"23a","postal_code":"51-413","source_objectid":30973},"geometry":{"type":"Point","coordinates":[17.077019201433973,51.13375712674595]}},{"type":"Feature","properties":{"district":4,"street":"Obornicka","number":"84","postal_code":"51-114","source_objectid":31059},"geometry":{"type":"Point","coordinates":[17.02690005179342,51.14044879955228]}},{"type":"Feature","properties":{"district":2,"street":"Sportowa","number":"38","postal_code":"51-149","source_objectid":31061},"geometry":{"type":"Point","coordinates":[17.063648921390875,51.145147558670146]}},{"type":"Feature","properties":{"district":1,"street":"Kętrzyńska","number":"5","postal_code":"51-413","source_objectid":31139},"geometry":{"type":"Point","coordinates":[17.074244017160527,51.13272574514483]}},{"type":"Feature","properties":{"district":1,"street":"Marcina Kromera","number":"25c","postal_code":"51-163","source_objectid":31142},"geometry":{"type":"Point","coordinates":[17.06639288579095,51.13293737240773]}},{"type":"Feature","properties":{"district":3,"street":"Ignacego Chrzanowskiego","number":"96","postal_code":"51-141","source_objectid":31149},"geometry":{"type":"Point","coordinates":[17.043323457978236,51.14259065749347]}},{"type":"Feature","properties":{"district":1,"street":"Bolesława Krzywoustego","number":"107","postal_code":"51-421","source_objectid":31172},"geometry":{"type":"Point","coordinates":[17.07987207904685,51.13861645987023]}},{"type":"Feature","properties":{"district":5,"street":"Bezpieczna","number":"11a","postal_code":"51-114","source_objectid":31204},"geometry":{"type":"Point","coordinates":[17.023890679807195,51.140869808990495]}},{"type":"Feature","properties":{"district":1,"street":"Juliana Klaczki","number":"10","postal_code":"51-151","source_objectid":31231},"geometry":{"type":"Point","coordinates":[17.061770940636432,51.136314865420374]}},{"type":"Feature","properties":{"district":2,"street":"Koszarowa","number":"80","postal_code":"51-149","source_objectid":31237},"geometry":{"type":"Point","coordinates":[17.059923187369442,51.14232187896956]}},{"type":"Feature","properties":{"district":3,"street":"Kornela Ujejskiego","number":"3","postal_code":"51-141","source_objectid":31267},"geometry":{"type":"Point","coordinates":[17.045518825388605,51.13896002254767]}},{"type":"Feature","properties":{"district":3,"street":"Henryka Michała Kamieńskiego","number":"67","postal_code":"51-124","source_objectid":31277},"geometry":{"type":"Point","coordinates":[17.042245240433548,51.146687634275246]}},{"type":"Feature","properties":{"district":3,"street":"Mieczysława Romanowskiego","number":"23","postal_code":"51-122","source_objectid":31291},"geometry":{"type":"Point","coordinates":[17.039217711775617,51.14064315991465]}},{"type":"Feature","properties":{"district":1,"street":"Bolesława Leśmiana","number":"20","postal_code":"51-141","source_objectid":31292},"geometry":{"type":"Point","coordinates":[17.048226951033737,51.14094777691794]}},{"type":"Feature","properties":{"district":2,"street":"Koszarowa","number":"8a","postal_code":"51-149","source_objectid":31314},"geometry":{"type":"Point","coordinates":[17.066102727926374,51.14060136387523]}},{"type":"Feature","properties":{"district":4,"street":"Obornicka","number":"86b","postal_code":"51-114","source_objectid":31316},"geometry":{"type":"Point","coordinates":[17.02658876461066,51.14082743330796]}},{"type":"Feature","properties":{"district":1,"street":"Tadeusza Boya-Żeleńskiego","number":"10","postal_code":"51-160","source_objectid":31351},"geometry":{"type":"Point","coordinates":[17.05465085304509,51.13675917727243]}},{"type":"Feature","properties":{"district":3,"street":"Wacława Gąsiorowskiego","number":"44","postal_code":"51-142","source_objectid":31359},"geometry":{"type":"Point","coordinates":[17.045476130474494,51.14360855014791]}},{"type":"Feature","properties":{"district":4,"street":"Żmigrodzka","number":"91","postal_code":"51-130","source_objectid":31394},"geometry":{"type":"Point","coordinates":[17.032327600331584,51.14264679967474]}},{"type":"Feature","properties":{"district":1,"street":"Adama Asnyka","number":"7","postal_code":"51-143","source_objectid":31407},"geometry":{"type":"Point","coordinates":[17.053218972959495,51.13904169688631]}},{"type":"Feature","properties":{"district":5,"street":"Bułgarska","number":"11","postal_code":"51-112","source_objectid":31411},"geometry":{"type":"Point","coordinates":[17.027424131352245,51.1358100285862]}},{"type":"Feature","properties":{"district":3,"street":"Marii Konopnickiej","number":"32","postal_code":"51-141","source_objectid":31422},"geometry":{"type":"Point","coordinates":[17.0451274377185,51.14123571119843]}},{"type":"Feature","properties":{"district":4,"street":"Jana Kasprowicza","number":"18","postal_code":"51-137","source_objectid":31457},"geometry":{"type":"Point","coordinates":[17.03942526802306,51.1364372058353]}},{"type":"Feature","properties":{"district":1,"street":"Bydgoska","number":"18","postal_code":"51-164","source_objectid":31491},"geometry":{"type":"Point","coordinates":[17.065338961705184,51.130220176291196]}},{"type":"Feature","properties":{"district":4,"street":"Macedońska","number":"25","postal_code":"51-113","source_objectid":31502},"geometry":{"type":"Point","coordinates":[17.030021062780776,51.13506856313691]}},{"type":"Feature","properties":{"district":2,"street":"Piotra Czajkowskiego","number":"33a","postal_code":"51-171","source_objectid":31512},"geometry":{"type":"Point","coordinates":[17.06741404249682,51.13946512817688]}},{"type":"Feature","properties":{"district":2,"street":"Stanisława Przybyszewskiego","number":"39","postal_code":"51-151","source_objectid":31578},"geometry":{"type":"Point","coordinates":[17.06069966341086,51.136899124020566]}},{"type":"Feature","properties":{"district":3,"street":"Tadeusza Gajcego","number":"34","postal_code":"51-143","source_objectid":31605},"geometry":{"type":"Point","coordinates":[17.049125561783676,51.140952229426645]}},{"type":"Feature","properties":{"district":3,"street":"Tadeusza Gajcego","number":"11","postal_code":"51-143","source_objectid":31666},"geometry":{"type":"Point","coordinates":[17.04898702292697,51.13913147557392]}},{"type":"Feature","properties":{"district":1,"street":"Jana Długosza","number":"9","postal_code":"51-162","source_objectid":31669},"geometry":{"type":"Point","coordinates":[17.0603754487767,51.13145377583137]}},{"type":"Feature","properties":{"district":4,"street":"ks. Norberta Bonczyka","number":"31a","postal_code":"51-138","source_objectid":31675},"geometry":{"type":"Point","coordinates":[17.03863117396506,51.13791709266825]}},{"type":"Feature","properties":{"district":2,"street":"Stanisława Przybyszewskiego","number":"11","postal_code":"51-151","source_objectid":31694},"geometry":{"type":"Point","coordinates":[17.060301678002322,51.13510099226084]}},{"type":"Feature","properties":{"district":5,"street":"Jugosłowiańska","number":"102","postal_code":"51-112","source_objectid":31695},"geometry":{"type":"Point","coordinates":[17.022026130163304,51.13680368759843]}},{"type":"Feature","properties":{"district":1,"street":"Juliana Klaczki","number":"42","postal_code":"51-151","source_objectid":31696},"geometry":{"type":"Point","coordinates":[17.06344533800523,51.137034017718626]}},{"type":"Feature","properties":{"district":3,"street":"Stanisława Grochowiaka","number":"9","postal_code":"51-142","source_objectid":31699},"geometry":{"type":"Point","coordinates":[17.0462543990244,51.1438075471861]}},{"type":"Feature","properties":{"district":1,"street":"Kętrzyńska","number":"19","postal_code":"51-413","source_objectid":31734},"geometry":{"type":"Point","coordinates":[17.07637204435761,51.13371089887926]}},{"type":"Feature","properties":{"district":1,"street":"Władysława Orkana","number":"60a","postal_code":"51-153","source_objectid":31738},"geometry":{"type":"Point","coordinates":[17.058152218079968,51.13408660605503]}},{"type":"Feature","properties":{"district":4,"street":"Obornicka","number":"27","postal_code":"51-113","source_objectid":31773},"geometry":{"type":"Point","coordinates":[17.03142877617913,51.136821257168364]}},{"type":"Feature","properties":{"district":1,"street":"Leopolda Staffa","number":"48","postal_code":"51-144","source_objectid":31784},"geometry":{"type":"Point","coordinates":[17.057877499990635,51.141171708454564]}},{"type":"Feature","properties":{"district":4,"street":"Jana Kasprowicza","number":"19","postal_code":"51-136","source_objectid":31792},"geometry":{"type":"Point","coordinates":[17.04004859273813,51.13606248411545]}},{"type":"Feature","properties":{"district":5,"street":"Jugosłowiańska","number":"44b","postal_code":"51-112","source_objectid":31830},"geometry":{"type":"Point","coordinates":[17.02714667041183,51.134289160371075]}},{"type":"Feature","properties":{"district":4,"street":"Jana Kasprowicza","number":"25","postal_code":"51-136","source_objectid":31833},"geometry":{"type":"Point","coordinates":[17.041375279370367,51.135601041042044]}},{"type":"Feature","properties":{"district":3,"street":"Kazimierza Brodzińskiego","number":"14","postal_code":"51-112","source_objectid":31839},"geometry":{"type":"Point","coordinates":[17.03635154535352,51.1416581287012]}},{"type":"Feature","properties":{"district":1,"street":"Grudziądzka","number":"63","postal_code":"51-165","source_objectid":31841},"geometry":{"type":"Point","coordinates":[17.073415600513847,51.13656046489146]}},{"type":"Feature","properties":{"district":1,"street":"Bolesława Krzywoustego","number":"70","postal_code":"51-166","source_objectid":31872},"geometry":{"type":"Point","coordinates":[17.075870055230457,51.139396318316194]}},{"type":"Feature","properties":{"district":5,"street":"Jugosłowiańska","number":"102a","postal_code":"51-112","source_objectid":31939},"geometry":{"type":"Point","coordinates":[17.021728285923825,51.13655770258597]}},{"type":"Feature","properties":{"district":1,"street":"Bolesława Krzywoustego","number":"43","postal_code":"51-165","source_objectid":31988},"geometry":{"type":"Point","coordinates":[17.072712543923288,51.13734635783051]}},{"type":"Feature","properties":{"district":5,"street":"Jugosłowiańska","number":"84a","postal_code":"51-112","source_objectid":31998},"geometry":{"type":"Point","coordinates":[17.022665110669706,51.13588727427923]}},{"type":"Feature","properties":{"district":3,"street":"Skwer Obrońców Helu","number":"9","postal_code":"51-138","source_objectid":32005},"geometry":{"type":"Point","coordinates":[17.041068772290078,51.13996992477677]}},{"type":"Feature","properties":{"district":5,"street":"Jugosłowiańska","number":"85a","postal_code":"51-112","source_objectid":32017},"geometry":{"type":"Point","coordinates":[17.022831715747877,51.13724927861046]}},{"type":"Feature","properties":{"district":2,"street":"Jana Kasprowicza","number":"101","postal_code":"51-146","source_objectid":32037},"geometry":{"type":"Point","coordinates":[17.057493126840466,51.13817473879902]}},{"type":"Feature","properties":{"district":3,"street":"Henryka Michała Kamieńskiego","number":"14","postal_code":"51-124","source_objectid":32038},"geometry":{"type":"Point","coordinates":[17.034595862500357,51.141168391232256]}},{"type":"Feature","properties":{"district":5,"street":"Łużycka","number":"24a","postal_code":"51-111","source_objectid":32077},"geometry":{"type":"Point","coordinates":[17.018406670338372,51.13825742288866]}},{"type":"Feature","properties":{"district":1,"street":"Grudziądzka","number":"102","postal_code":"51-165","source_objectid":32080},"geometry":{"type":"Point","coordinates":[17.075438877906816,51.13734223224573]}},{"type":"Feature","properties":{"district":2,"street":"Koszarowa","number":"12","postal_code":"51-149","source_objectid":32091},"geometry":{"type":"Point","coordinates":[17.061512279871906,51.14245982168482]}},{"type":"Feature","properties":{"district":1,"street":"Tadeusza Zelenaya","number":"17a","postal_code":"51-140","source_objectid":32095},"geometry":{"type":"Point","coordinates":[17.045873598807123,51.13814607331109]}},{"type":"Feature","properties":{"district":5,"street":"Czeska","number":"5a","postal_code":"51-112","source_objectid":32124},"geometry":{"type":"Point","coordinates":[17.023165858052902,51.13410726149382]}},{"type":"Feature","properties":{"district":5,"street":"Osobowicka","number":"11","postal_code":"51-110","source_objectid":32133},"geometry":{"type":"Point","coordinates":[17.026403883517474,51.133409795063166]}},{"type":"Feature","properties":{"district":4,"street":"ks. Norberta Bonczyka","number":"17","postal_code":"51-138","source_objectid":32137},"geometry":{"type":"Point","coordinates":[17.038962484276432,51.13668877287203]}},{"type":"Feature","properties":{"district":1,"street":"Wacława Berenta","number":"53","postal_code":"51-152","source_objectid":32146},"geometry":{"type":"Point","coordinates":[17.059198957042373,51.13699594390119]}},{"type":"Feature","properties":{"district":5,"street":"Serbska","number":"3","postal_code":"51-111","source_objectid":32155},"geometry":{"type":"Point","coordinates":[17.020738105501458,51.134169078512826]}},{"type":"Feature","properties":{"district":4,"street":"Żmigrodzka","number":"46","postal_code":"51-120","source_objectid":32189},"geometry":{"type":"Point","coordinates":[17.033901188145595,51.13780775342696]}},{"type":"Feature","properties":{"district":1,"street":"Wacława Berenta","number":"7","postal_code":"51-152","source_objectid":32206},"geometry":{"type":"Point","coordinates":[17.056627900105,51.13443831074509]}},{"type":"Feature","properties":{"district":2,"street":"Koszarowa","number":"54","postal_code":"51-149","source_objectid":32217},"geometry":{"type":"Point","coordinates":[17.06044619939823,51.14136809256696]}},{"type":"Feature","properties":{"district":3,"street":"Filomatów","number":"2a","postal_code":"51-142","source_objectid":32218},"geometry":{"type":"Point","coordinates":[17.050147756437212,51.141926173876314]}},{"type":"Feature","properties":{"district":1,"street":"Giżycka","number":"58","postal_code":"51-163","source_objectid":32279},"geometry":{"type":"Point","coordinates":[17.075178949684936,51.1325849661118]}},{"type":"Feature","properties":{"district":1,"street":"Leopolda Staffa","number":"45a","postal_code":"51-144","source_objectid":32309},"geometry":{"type":"Point","coordinates":[17.058637759403176,51.1407637047109]}},{"type":"Feature","properties":{"district":3,"street":"Mieczysława Romanowskiego","number":"31","postal_code":"51-122","source_objectid":32313},"geometry":{"type":"Point","coordinates":[17.040566815006077,51.14113023314377]}},{"type":"Feature","properties":{"district":3,"street":"Tadeusza Gajcego","number":"31","postal_code":"51-143","source_objectid":32321},"geometry":{"type":"Point","coordinates":[17.049379230810203,51.14013688785143]}},{"type":"Feature","properties":{"district":1,"street":"Bolesława Krzywoustego","number":"21","postal_code":"51-165","source_objectid":32330},"geometry":{"type":"Point","coordinates":[17.071146068263026,51.13662607433309]}},{"type":"Feature","properties":{"district":2,"street":"Sołtysowicka","number":"21a","postal_code":"51-168","source_objectid":32336},"geometry":{"type":"Point","coordinates":[17.071616727232385,51.142104253270226]}},{"type":"Feature","properties":{"district":3,"street":"Jutrosińska","number":"4","postal_code":"51-124","source_objectid":32353},"geometry":{"type":"Point","coordinates":[17.04288697326171,51.146955609574356]}},{"type":"Feature","properties":{"district":1,"street":"Ludwika Nabielaka","number":"11","postal_code":"51-140","source_objectid":32370},"geometry":{"type":"Point","coordinates":[17.045764666867324,51.13838259211237]}},{"type":"Feature","properties":{"district":1,"street":"Tadeusza Boya-Żeleńskiego","number":"33","postal_code":"51-160","source_objectid":32391},"geometry":{"type":"Point","coordinates":[17.056245710985674,51.1354337969197]}},{"type":"Feature","properties":{"district":3,"street":"Władysława Syrokomli","number":"11","postal_code":"51-141","source_objectid":32407},"geometry":{"type":"Point","coordinates":[17.048050823761308,51.13897035729043]}},{"type":"Feature","properties":{"district":3,"street":"Mieczysława Romanowskiego","number":"58","postal_code":"51-122","source_objectid":32426},"geometry":{"type":"Point","coordinates":[17.041600729945216,51.14192583800261]}},{"type":"Feature","properties":{"district":1,"street":"Władysława Orkana","number":"31","postal_code":"51-153","source_objectid":32451},"geometry":{"type":"Point","coordinates":[17.054184334273014,51.1341392567881]}},{"type":"Feature","properties":{"district":1,"street":"Franciszka Karpińskiego","number":"33","postal_code":"51-144","source_objectid":32458},"geometry":{"type":"Point","coordinates":[17.054766106071625,51.1402733770903]}},{"type":"Feature","properties":{"district":1,"street":"Łąka Mazurska","number":"2","postal_code":"51-164","source_objectid":32476},"geometry":{"type":"Point","coordinates":[17.064149054736053,51.13039894831606]}},{"type":"Feature","properties":{"district":1,"street":"Adama Asnyka","number":"23","postal_code":"51-143","source_objectid":32491},"geometry":{"type":"Point","coordinates":[17.05390582290161,51.140648948102886]}},{"type":"Feature","properties":{"district":1,"street":"Wacława Potockiego","number":"27a","postal_code":"51-153","source_objectid":32492},"geometry":{"type":"Point","coordinates":[17.05399014279783,51.13531182381821]}},{"type":"Feature","properties":{"district":3,"street":"Marii Konopnickiej","number":"62c","postal_code":"51-142","source_objectid":32513},"geometry":{"type":"Point","coordinates":[17.05154976073981,51.14172082066914]}},{"type":"Feature","properties":{"district":1,"street":"Grudziądzka","number":"106","postal_code":"51-165","source_objectid":32514},"geometry":{"type":"Point","coordinates":[17.075806644978485,51.13742280944997]}},{"type":"Feature","properties":{"district":3,"street":"Marii Konopnickiej","number":"66","postal_code":"51-142","source_objectid":32515},"geometry":{"type":"Point","coordinates":[17.052230975166935,51.1417802808185]}},{"type":"Feature","properties":{"district":5,"street":"Czeska","number":"18","postal_code":"51-112","source_objectid":32517},"geometry":{"type":"Point","coordinates":[17.024796974308387,51.13541775007777]}},{"type":"Feature","properties":{"district":1,"street":"Leopolda Staffa","number":"2","postal_code":"51-144","source_objectid":32525},"geometry":{"type":"Point","coordinates":[17.058965012234058,51.13895640995772]}},{"type":"Feature","properties":{"district":1,"street":"gen. Józefa Wybickiego","number":"1","postal_code":"51-144","source_objectid":32565},"geometry":{"type":"Point","coordinates":[17.05335074548607,51.13869132256011]}},{"type":"Feature","properties":{"district":2,"street":"Stanisława Przybyszewskiego","number":"22","postal_code":"51-151","source_objectid":32604},"geometry":{"type":"Point","coordinates":[17.05998336270787,51.13597682103256]}},{"type":"Feature","properties":{"district":2,"street":"Sportowa","number":"12b","postal_code":"51-149","source_objectid":32629},"geometry":{"type":"Point","coordinates":[17.06248544615935,51.143550858919355]}},{"type":"Feature","properties":{"district":3,"street":"Henryka Michała Kamieńskiego","number":"12","postal_code":"51-124","source_objectid":32658},"geometry":{"type":"Point","coordinates":[17.033932334959186,51.141761020445664]}},{"type":"Feature","properties":{"district":1,"street":"Leopolda Staffa","number":"34","postal_code":"51-144","source_objectid":32659},"geometry":{"type":"Point","coordinates":[17.057112388946546,51.1405166977398]}},{"type":"Feature","properties":{"district":5,"street":"Morawska","number":"3a","postal_code":"51-111","source_objectid":32661},"geometry":{"type":"Point","coordinates":[17.022981541386567,51.13497036565103]}},{"type":"Feature","properties":{"district":1,"street":"Bolesława Krzywoustego","number":"82-86","postal_code":"51-166","source_objectid":32685},"geometry":{"type":"Point","coordinates":[17.078346091474078,51.139062933174316]}},{"type":"Feature","properties":{"district":3,"street":"Henryka Michała Kamieńskiego","number":"50","postal_code":"51-124","source_objectid":32687},"geometry":{"type":"Point","coordinates":[17.03740132662414,51.14307678222641]}},{"type":"Feature","properties":{"district":3,"street":"Ignacego Chrzanowskiego","number":"110","postal_code":"51-141","source_objectid":32691},"geometry":{"type":"Point","coordinates":[17.04240534752864,51.142066877817406]}},{"type":"Feature","properties":{"district":3,"street":"Mieczysława Romanowskiego","number":"29","postal_code":"51-122","source_objectid":32703},"geometry":{"type":"Point","coordinates":[17.04017774734111,51.14098346178677]}},{"type":"Feature","properties":{"district":3,"street":"Marii Konopnickiej","number":"31","postal_code":"51-142","source_objectid":32717},"geometry":{"type":"Point","coordinates":[17.05027880096757,51.14133565697316]}},{"type":"Feature","properties":{"district":5,"street":"Morawska","number":"13","postal_code":"51-111","source_objectid":32760},"geometry":{"type":"Point","coordinates":[17.0216686240587,51.135926488816835]}},{"type":"Feature","properties":{"district":1,"street":"Tadeusza Boya-Żeleńskiego","number":"41","postal_code":"51-160","source_objectid":32782},"geometry":{"type":"Point","coordinates":[17.05718867288249,51.13496243435014]}},{"type":"Feature","properties":{"district":3,"street":"Wincentego Pola","number":"48c","postal_code":"51-140","source_objectid":32807},"geometry":{"type":"Point","coordinates":[17.041892352213967,51.14175497897386]}},{"type":"Feature","properties":{"district":5,"street":"Serbska","number":"24a","postal_code":"51-111","source_objectid":32853},"geometry":{"type":"Point","coordinates":[17.01776094897633,51.13666043565708]}},{"type":"Feature","properties":{"district":5,"street":"Zaułek Rogoziński","number":"15","postal_code":"51-116","source_objectid":32867},"geometry":{"type":"Point","coordinates":[17.030775203083586,51.14101422617752]}},{"type":"Feature","properties":{"district":3,"street":"Roberta Kocha","number":"2","postal_code":"51-112","source_objectid":32872},"geometry":{"type":"Point","coordinates":[17.040524737817922,51.14154564460014]}},{"type":"Feature","properties":{"district":3,"street":"Ignacego Chrzanowskiego","number":"13","postal_code":"51-147","source_objectid":32877},"geometry":{"type":"Point","coordinates":[17.051496895903632,51.14299496055001]}},{"type":"Feature","properties":{"district":5,"street":"Czeska","number":"9","postal_code":"51-112","source_objectid":32885},"geometry":{"type":"Point","coordinates":[17.023900325505405,51.13414344644502]}},{"type":"Feature","properties":{"district":3,"street":"Wacława Gąsiorowskiego","number":"27","postal_code":"51-142","source_objectid":32897},"geometry":{"type":"Point","coordinates":[17.04548889255184,51.14335356433952]}},{"type":"Feature","properties":{"district":1,"street":"Juliana Klaczki","number":"30","postal_code":"51-151","source_objectid":32901},"geometry":{"type":"Point","coordinates":[17.062298840765592,51.13726304729067]}},{"type":"Feature","properties":{"district":1,"street":"Władysława Orkana","number":"13","postal_code":"51-153","source_objectid":32911},"geometry":{"type":"Point","coordinates":[17.05189127849589,51.134746647502155]}},{"type":"Feature","properties":{"district":1,"street":"Jana Długosza","number":"19","postal_code":"51-162","source_objectid":32914},"geometry":{"type":"Point","coordinates":[17.061360665194943,51.13215072600565]}},{"type":"Feature","properties":{"district":1,"street":"Władysława Orkana","number":"2b","postal_code":"51-153","source_objectid":32927},"geometry":{"type":"Point","coordinates":[17.051013935669065,51.13544669319493]}},{"type":"Feature","properties":{"district":1,"street":"marsz. Józefa Piłsudskiego","number":"25","postal_code":"51-152","source_objectid":32935},"geometry":{"type":"Point","coordinates":[17.05647061054902,51.13683742052919]}},{"type":"Feature","properties":{"district":2,"street":"Jana Kasprowicza","number":"95","postal_code":"51-146","source_objectid":32946},"geometry":{"type":"Point","coordinates":[17.05538247405594,51.13785951483779]}},{"type":"Feature","properties":{"district":3,"street":"Tadeusza Gajcego","number":"5","postal_code":"51-143","source_objectid":32957},"geometry":{"type":"Point","coordinates":[17.04856149570392,51.13908979062762]}},{"type":"Feature","properties":{"district":1,"street":"Marcina Kromera","number":"6a","postal_code":"51-163","source_objectid":32965},"geometry":{"type":"Point","coordinates":[17.06026038826997,51.1312920804382]}},{"type":"Feature","properties":{"district":3,"street":"Filomatów","number":"3","postal_code":"51-142","source_objectid":33015},"geometry":{"type":"Point","coordinates":[17.050501766246192,51.141896119383624]}},{"type":"Feature","properties":{"district":4,"street":"Na Polance","number":"6b","postal_code":"51-109","source_objectid":33030},"geometry":{"type":"Point","coordinates":[17.034101488534365,51.133654191181506]}},{"type":"Feature","properties":{"district":2,"street":"Sportowa","number":"31a","postal_code":"51-149","source_objectid":33035},"geometry":{"type":"Point","coordinates":[17.064155212695674,51.14445235282619]}},{"type":"Feature","properties":{"district":1,"street":"Władysława Orkana","number":"58","postal_code":"51-153","source_objectid":33071},"geometry":{"type":"Point","coordinates":[17.05813657512842,51.133938995955354]}},{"type":"Feature","properties":{"district":3,"street":"Roberta Kocha","number":"12a","postal_code":"51-112","source_objectid":33081},"geometry":{"type":"Point","coordinates":[17.039638876618326,51.14251488280348]}},{"type":"Feature","properties":{"district":1,"street":"Juliana Klaczki","number":"7","postal_code":"51-151","source_objectid":33085},"geometry":{"type":"Point","coordinates":[17.06126788762141,51.135742629419546]}},{"type":"Feature","properties":{"district":3,"street":"Wacława Gąsiorowskiego","number":"28","postal_code":"51-142","source_objectid":33094},"geometry":{"type":"Point","coordinates":[17.044506137216665,51.143872017871566]}},{"type":"Feature","properties":{"district":3,"street":"Ignacego Chrzanowskiego","number":"106","postal_code":"51-141","source_objectid":33121},"geometry":{"type":"Point","coordinates":[17.042654681668598,51.14221726608421]}},{"type":"Feature","properties":{"district":1,"street":"Ludwika Nabielaka","number":"2","postal_code":"51-140","source_objectid":33149},"geometry":{"type":"Point","coordinates":[17.04413273164573,51.13874227283388]}},{"type":"Feature","properties":{"district":5,"street":"Łużycka","number":"22","postal_code":"51-111","source_objectid":33183},"geometry":{"type":"Point","coordinates":[17.018487681449923,51.13787111586815]}},{"type":"Feature","properties":{"district":3,"street":"Jana Brzechwy","number":"39","postal_code":"51-141","source_objectid":33185},"geometry":{"type":"Point","coordinates":[17.04640792103359,51.140497564247134]}},{"type":"Feature","properties":{"district":1,"street":"Franciszka Karpińskiego","number":"3","postal_code":"51-144","source_objectid":33193},"geometry":{"type":"Point","coordinates":[17.05629011775547,51.13872315045522]}},{"type":"Feature","properties":{"district":4,"street":"Żmigrodzka","number":"141","postal_code":"51-130","source_objectid":33196},"geometry":{"type":"Point","coordinates":[17.030838895357522,51.14807571514477]}},{"type":"Feature","properties":{"district":1,"street":"Toruńska","number":"76","postal_code":"51-414","source_objectid":33201},"geometry":{"type":"Point","coordinates":[17.076817147061874,51.13154270578567]}},{"type":"Feature","properties":{"district":3,"street":"Ignacego Chrzanowskiego","number":"25","postal_code":"51-141","source_objectid":33223},"geometry":{"type":"Point","coordinates":[17.050714790504482,51.14374618069467]}},{"type":"Feature","properties":{"district":3,"street":"Marii Konopnickiej","number":"4","postal_code":"51-141","source_objectid":33264},"geometry":{"type":"Point","coordinates":[17.040596480760083,51.14032867570914]}},{"type":"Feature","properties":{"district":1,"street":"Jana Długosza","number":"3","postal_code":"51-162","source_objectid":33269},"geometry":{"type":"Point","coordinates":[17.05938775014106,51.131474000397255]}},{"type":"Feature","properties":{"district":1,"street":"Bolesława Krzywoustego","number":"79","postal_code":"51-166","source_objectid":33315},"geometry":{"type":"Point","coordinates":[17.076452529711233,51.138184236159596]}},{"type":"Feature","properties":{"district":1,"street":"Adolfa Dygasińskiego","number":"14a","postal_code":"51-153","source_objectid":33317},"geometry":{"type":"Point","coordinates":[17.05321881398346,51.1348585088815]}},{"type":"Feature","properties":{"district":1,"street":"Grudziądzka","number":"112","postal_code":"51-165","source_objectid":33384},"geometry":{"type":"Point","coordinates":[17.076357260737787,51.13754409640842]}},{"type":"Feature","properties":{"district":4,"street":"Macedońska","number":"27","postal_code":"51-113","source_objectid":33435},"geometry":{"type":"Point","coordinates":[17.0299637910744,51.135206456940686]}},{"type":"Feature","properties":{"district":1,"street":"Bydgoska","number":"10","postal_code":"51-164","source_objectid":33446},"geometry":{"type":"Point","coordinates":[17.063321015230226,51.13057286711425]}},{"type":"Feature","properties":{"district":1,"street":"Władysława Orkana","number":"59","postal_code":"51-153","source_objectid":33459},"geometry":{"type":"Point","coordinates":[17.05750488185392,51.133231518785756]}},{"type":"Feature","properties":{"district":1,"street":"Teofila Lenartowicza","number":"12","postal_code":"51-140","source_objectid":33480},"geometry":{"type":"Point","coordinates":[17.04448703623677,51.13818194877575]}},{"type":"Feature","properties":{"district":4,"street":"Kępińska","number":"5","postal_code":"51-132","source_objectid":33501},"geometry":{"type":"Point","coordinates":[17.033603595871618,51.14489943023197]}},{"type":"Feature","properties":{"district":1,"street":"Ludwika Nabielaka","number":"13a","postal_code":"51-140","source_objectid":33520},"geometry":{"type":"Point","coordinates":[17.04605051646933,51.13825355837787]}},{"type":"Feature","properties":{"district":4,"street":"Kępińska","number":"6","postal_code":"51-132","source_objectid":33523},"geometry":{"type":"Point","coordinates":[17.033969982819166,51.145419407278744]}},{"type":"Feature","properties":{"district":1,"street":"Bolesława Krzywoustego","number":"97-99","postal_code":"51-166","source_objectid":33531},"geometry":{"type":"Point","coordinates":[17.078864064683593,51.13816398791029]}},{"type":"Feature","properties":{"district":2,"street":"Jana Kasprowicza","number":"98","postal_code":"51-145","source_objectid":33540},"geometry":{"type":"Point","coordinates":[17.058134530900684,51.138701089330986]}},{"type":"Feature","properties":{"district":1,"street":"Franciszka Karpińskiego","number":"14","postal_code":"51-144","source_objectid":33548},"geometry":{"type":"Point","coordinates":[17.054681514997263,51.13980428830177]}},{"type":"Feature","properties":{"district":1,"street":"Tadeusza Zelenaya","number":"11","postal_code":"51-140","source_objectid":33578},"geometry":{"type":"Point","coordinates":[17.04666846697127,51.1380710552377]}},{"type":"Feature","properties":{"district":2,"street":"Sołtysowicka","number":"21b","postal_code":"51-168","source_objectid":33594},"geometry":{"type":"Point","coordinates":[17.071758765178405,51.14091420122094]}},{"type":"Feature","properties":{"district":3,"street":"Jana Brzechwy","number":"23","postal_code":"51-141","source_objectid":33616},"geometry":{"type":"Point","coordinates":[17.04652494644102,51.14001393170401]}},{"type":"Feature","properties":{"district":3,"street":"Henryka Michała Kamieńskiego","number":"27","postal_code":"51-124","source_objectid":33622},"geometry":{"type":"Point","coordinates":[17.03707487759036,51.14214787937046]}},{"type":"Feature","properties":{"district":2,"street":"Piotra Czajkowskiego","number":"105a","postal_code":"51-147","source_objectid":33627},"geometry":{"type":"Point","coordinates":[17.05688239120929,51.14208040615674]}},{"type":"Feature","properties":{"district":4,"street":"ks. Norberta Bonczyka","number":"31","postal_code":"51-138","source_objectid":33652},"geometry":{"type":"Point","coordinates":[17.038646624613165,51.137864621232694]}},{"type":"Feature","properties":{"district":4,"street":"ks. Norberta Bonczyka","number":"6","postal_code":"51-138","source_objectid":33705},"geometry":{"type":"Point","coordinates":[17.03881757682361,51.13523895339245]}},{"type":"Feature","properties":{"district":3,"street":"Marii Konopnickiej","number":"64a","postal_code":"51-142","source_objectid":33751},"geometry":{"type":"Point","coordinates":[17.051947124998925,51.141757070348255]}},{"type":"Feature","properties":{"district":3,"street":"Henryka Michała Kamieńskiego","number":"104","postal_code":"51-124","source_objectid":33767},"geometry":{"type":"Point","coordinates":[17.0408013798151,51.14719367683368]}},{"type":"Feature","properties":{"district":5,"street":"Słowacka","number":"7b","postal_code":"51-111","source_objectid":33768},"geometry":{"type":"Point","coordinates":[17.020572516913955,51.13586966906497]}},{"type":"Feature","properties":{"district":2,"street":"Stanisława Przybyszewskiego","number":"33","postal_code":"51-151","source_objectid":33776},"geometry":{"type":"Point","coordinates":[17.060668342097138,51.13674067278125]}},{"type":"Feature","properties":{"district":5,"street":"Bezpieczna","number":"47","postal_code":"51-114","source_objectid":33779},"geometry":{"type":"Point","coordinates":[17.021796739620946,51.140192254839384]}},{"type":"Feature","properties":{"district":5,"street":"Jugosłowiańska","number":"106a","postal_code":"51-112","source_objectid":33807},"geometry":{"type":"Point","coordinates":[17.021514470395122,51.136704144380644]}},{"type":"Feature","properties":{"district":1,"street":"gen. Józefa Wybickiego","number":"23","postal_code":"51-144","source_objectid":33819},"geometry":{"type":"Point","coordinates":[17.058002537987193,51.140022482797804]}},{"type":"Feature","properties":{"district":5,"street":"Chorwacka","number":"84","postal_code":"51-107","source_objectid":33834},"geometry":{"type":"Point","coordinates":[17.02503788022947,51.1399061284129]}},{"type":"Feature","properties":{"district":5,"street":"Czeska","number":"19","postal_code":"51-112","source_objectid":33844},"geometry":{"type":"Point","coordinates":[17.025104461320318,51.13523139597917]}},{"type":"Feature","properties":{"district":3,"street":"Ignacego Chrzanowskiego","number":"29","postal_code":"51-141","source_objectid":33853},"geometry":{"type":"Point","coordinates":[17.050144112233532,51.14393288276536]}},{"type":"Feature","properties":{"district":4,"street":"Obornicka","number":"113","postal_code":"51-114","source_objectid":33871},"geometry":{"type":"Point","coordinates":[17.025079540183572,51.14346750157779]}},{"type":"Feature","properties":{"district":3,"street":"Władysława Syrokomli","number":"37a","postal_code":"51-141","source_objectid":33882},"geometry":{"type":"Point","coordinates":[17.04761830458906,51.14062795103057]}},{"type":"Feature","properties":{"district":3,"street":"Wincentego Pola","number":"38","postal_code":"51-140","source_objectid":33899},"geometry":{"type":"Point","coordinates":[17.042531266086883,51.14041509097791]}},{"type":"Feature","properties":{"district":3,"street":"Kornela Makuszyńskiego","number":"15","postal_code":"51-142","source_objectid":33904},"geometry":{"type":"Point","coordinates":[17.05176094955836,51.14244258501806]}},{"type":"Feature","properties":{"district":2,"street":"Koszarowa","number":"6e","postal_code":"51-149","source_objectid":33913},"geometry":{"type":"Point","coordinates":[17.067946155400584,51.14034428585208]}},{"type":"Feature","properties":{"district":3,"street":"Władysława Syrokomli","number":"20","postal_code":"51-141","source_objectid":33934},"geometry":{"type":"Point","coordinates":[17.04758896719718,51.13928902858265]}},{"type":"Feature","properties":{"district":2,"street":"Jana Kasprowicza","number":"94","postal_code":"51-145","source_objectid":33943},"geometry":{"type":"Point","coordinates":[17.0573470759207,51.13856757757497]}},{"type":"Feature","properties":{"district":5,"street":"Teodora Parnickiego","number":"19","postal_code":"51-116","source_objectid":33944},"geometry":{"type":"Point","coordinates":[17.030108105476714,51.13941483071243]}},{"type":"Feature","properties":{"district":3,"street":"Wacława Gąsiorowskiego","number":"14a","postal_code":"51-142","source_objectid":33958},"geometry":{"type":"Point","coordinates":[17.04312635869306,51.14371865624189]}},{"type":"Feature","properties":{"district":2,"street":"Jana Kasprowicza","number":"108","postal_code":"51-145","source_objectid":33987},"geometry":{"type":"Point","coordinates":[17.059905966236947,51.138888626201584]}},{"type":"Feature","properties":{"district":5,"street":"Bezpieczna","number":"55","postal_code":"51-114","source_objectid":33989},"geometry":{"type":"Point","coordinates":[17.021436003554523,51.139900084767156]}},{"type":"Feature","properties":{"district":1,"street":"Tadeusza Zelenaya","number":"23","postal_code":"51-140","source_objectid":33995},"geometry":{"type":"Point","coordinates":[17.045516547819865,51.138234072133834]}},{"type":"Feature","properties":{"district":1,"street":"Ludwika Nabielaka","number":"8a","postal_code":"51-140","source_objectid":34022},"geometry":{"type":"Point","coordinates":[17.045263225307192,51.138601847421256]}},{"type":"Feature","properties":{"district":2,"street":"Koszarowa","number":"52","postal_code":"51-149","source_objectid":34024},"geometry":{"type":"Point","coordinates":[17.06065613445245,51.14131910432136]}},{"type":"Feature","properties":{"district":5,"street":"Chorwacka","number":"2c","postal_code":"51-107","source_objectid":34038},"geometry":{"type":"Point","coordinates":[17.023868047094133,51.13631323656982]}},{"type":"Feature","properties":{"district":3,"street":"Jana Brzechwy","number":"29","postal_code":"51-141","source_objectid":34039},"geometry":{"type":"Point","coordinates":[17.04648824534966,51.14016882068577]}},{"type":"Feature","properties":{"district":3,"street":"Ignacego Chrzanowskiego","number":"35","postal_code":"51-141","source_objectid":34040},"geometry":{"type":"Point","coordinates":[17.050019667922424,51.143598518396885]}},{"type":"Feature","properties":{"district":1,"street":"Franciszka Karpińskiego","number":"4","postal_code":"51-144","source_objectid":34050},"geometry":{"type":"Point","coordinates":[17.05560270351959,51.138847645704836]}},{"type":"Feature","properties":{"district":1,"street":"Franciszka Karpińskiego","number":"13","postal_code":"51-144","source_objectid":34080},"geometry":{"type":"Point","coordinates":[17.0554639253656,51.139354466553506]}},{"type":"Feature","properties":{"district":2,"street":"Stanisława Przybyszewskiego","number":"16","postal_code":"51-151","source_objectid":34083},"geometry":{"type":"Point","coordinates":[17.05974179141837,51.13568231121262]}},{"type":"Feature","properties":{"district":3,"street":"Marii Konopnickiej","number":"15a","postal_code":"51-141","source_objectid":34096},"geometry":{"type":"Point","coordinates":[17.045642810863615,51.140973599682404]}},{"type":"Feature","properties":{"district":1,"street":"Jana Długosza","number":"19b","postal_code":"51-162","source_objectid":34122},"geometry":{"type":"Point","coordinates":[17.06096714350043,51.132363363317644]}},{"type":"Feature","properties":{"district":1,"street":"Łąka Mazurska","number":"15","postal_code":"51-164","source_objectid":34137},"geometry":{"type":"Point","coordinates":[17.06490448376728,51.13134402263434]}},{"type":"Feature","properties":{"district":1,"street":"Grudziądzka","number":"102a","postal_code":"51-165","source_objectid":34159},"geometry":{"type":"Point","coordinates":[17.07525778387069,51.13755143650693]}},{"type":"Feature","properties":{"district":2,"street":"Jana Kasprowicza","number":"47-61","postal_code":"51-136","source_objectid":34190},"geometry":{"type":"Point","coordinates":[17.04541127637328,51.13678111527551]}},{"type":"Feature","properties":{"district":3,"street":"Roberta Kocha","number":"8","postal_code":"51-112","source_objectid":34199},"geometry":{"type":"Point","coordinates":[17.039975824305046,51.14216291780497]}},{"type":"Feature","properties":{"district":3,"street":"Wacława Gąsiorowskiego","number":"36","postal_code":"51-142","source_objectid":34268},"geometry":{"type":"Point","coordinates":[17.045128219592453,51.14389562602857]}},{"type":"Feature","properties":{"district":3,"street":"Henryka Michała Kamieńskiego","number":"45","postal_code":"51-124","source_objectid":34273},"geometry":{"type":"Point","coordinates":[17.03888865550237,51.14319866616105]}},{"type":"Feature","properties":{"district":3,"street":"Kornela Ujejskiego","number":"25","postal_code":"51-141","source_objectid":34280},"geometry":{"type":"Point","coordinates":[17.044812725941004,51.14192158601542]}},{"type":"Feature","properties":{"district":1,"street":"marsz. Józefa Piłsudskiego","number":"11","postal_code":"51-152","source_objectid":34290},"geometry":{"type":"Point","coordinates":[17.05564972133769,51.13718116623183]}},{"type":"Feature","properties":{"district":5,"street":"Serbska","number":"6a","postal_code":"51-111","source_objectid":34298},"geometry":{"type":"Point","coordinates":[17.020252589963906,51.134824628748454]}},{"type":"Feature","properties":{"district":2,"street":"Jana Kasprowicza","number":"103","postal_code":"51-146","source_objectid":34308},"geometry":{"type":"Point","coordinates":[17.05802156151575,51.138231828315426]}},{"type":"Feature","properties":{"district":5,"street":"Osobowicka","number":"45","postal_code":"51-110","source_objectid":34313},"geometry":{"type":"Point","coordinates":[17.019111688444653,51.134129981580884]}},{"type":"Feature","properties":{"district":1,"street":"Stanisława Piętaka","number":"2","postal_code":"51-141","source_objectid":34321},"geometry":{"type":"Point","coordinates":[17.048220507294896,51.13862115122218]}},{"type":"Feature","properties":{"district":1,"street":"Tadeusza Zelenaya","number":"10","postal_code":"51-140","source_objectid":34343},"geometry":{"type":"Point","coordinates":[17.047219157685706,51.137929946593516]}},{"type":"Feature","properties":{"district":3,"street":"Jutrosińska","number":"12","postal_code":"51-124","source_objectid":34345},"geometry":{"type":"Point","coordinates":[17.04375034880268,51.14677726940766]}},{"type":"Feature","properties":{"district":1,"street":"Władysława Orkana","number":"19","postal_code":"51-153","source_objectid":34373},"geometry":{"type":"Point","coordinates":[17.052621245758097,51.1346684289776]}},{"type":"Feature","properties":{"district":1,"street":"Leopolda Staffa","number":"27","postal_code":"51-144","source_objectid":34400},"geometry":{"type":"Point","coordinates":[17.05864545753449,51.14052292536485]}},{"type":"Feature","properties":{"district":2,"street":"Piotra Czajkowskiego","number":"35a","postal_code":"51-171","source_objectid":34423},"geometry":{"type":"Point","coordinates":[17.067524276642498,51.139736684937304]}},{"type":"Feature","properties":{"district":5,"street":"Jugosłowiańska","number":"47","postal_code":"51-112","source_objectid":34445},"geometry":{"type":"Point","coordinates":[17.02762347984909,51.13494517291315]}},{"type":"Feature","properties":{"district":5,"street":"Teodora Parnickiego","number":"12","postal_code":"51-116","source_objectid":34478},"geometry":{"type":"Point","coordinates":[17.02966653467337,51.14015094438349]}},{"type":"Feature","properties":{"district":5,"street":"Jugosłowiańska","number":"95","postal_code":"51-112","source_objectid":34487},"geometry":{"type":"Point","coordinates":[17.02156203955669,51.13772351141365]}},{"type":"Feature","properties":{"district":5,"street":"Jugosłowiańska","number":"120a","postal_code":"51-112","source_objectid":34498},"geometry":{"type":"Point","coordinates":[17.02053140204816,51.13740152273971]}},{"type":"Feature","properties":{"district":3,"street":"Włodzimierza Perzyńskiego","number":"8","postal_code":"51-141","source_objectid":34510},"geometry":{"type":"Point","coordinates":[17.043236514731326,51.14140916588609]}},{"type":"Feature","properties":{"district":1,"street":"Zenona Miriama Przesmyckiego","number":"10","postal_code":"51-151","source_objectid":34532},"geometry":{"type":"Point","coordinates":[17.062362855199996,51.138133586616554]}},{"type":"Feature","properties":{"district":1,"street":"Bolesława Krzywoustego","number":"106","postal_code":"51-166","source_objectid":34545},"geometry":{"type":"Point","coordinates":[17.08092235379344,51.13963887374781]}},{"type":"Feature","properties":{"district":5,"street":"Morawska","number":"25a","postal_code":"51-111","source_objectid":34549},"geometry":{"type":"Point","coordinates":[17.019865714371292,51.137057727636645]}},{"type":"Feature","properties":{"district":3,"street":"Wincentego Pola","number":"6","postal_code":"51-140","source_objectid":34555},"geometry":{"type":"Point","coordinates":[17.043638303188583,51.13717194655816]}},{"type":"Feature","properties":{"district":3,"street":"Jana Brzechwy","number":"81","postal_code":"51-141","source_objectid":34561},"geometry":{"type":"Point","coordinates":[17.04546514649041,51.142624382767565]}},{"type":"Feature","properties":{"district":3,"street":"Władysława Anczyca","number":"6","postal_code":"51-141","source_objectid":34586},"geometry":{"type":"Point","coordinates":[17.043897325685673,51.139583379543026]}},{"type":"Feature","properties":{"district":5,"street":"Serbska","number":"14a","postal_code":"51-111","source_objectid":34603},"geometry":{"type":"Point","coordinates":[17.01890201177583,51.13586639165395]}},{"type":"Feature","properties":{"district":5,"street":"Chorwacka","number":"66","postal_code":"51-107","source_objectid":34618},"geometry":{"type":"Point","coordinates":[17.023199380208244,51.13926765157916]}},{"type":"Feature","properties":{"district":4,"street":"Żmigrodzka","number":"73","postal_code":"51-130","source_objectid":34647},"geometry":{"type":"Point","coordinates":[17.032840060823013,51.1404350634136]}},{"type":"Feature","properties":{"district":3,"street":"Wacława Gąsiorowskiego","number":"38","postal_code":"51-142","source_objectid":34676},"geometry":{"type":"Point","coordinates":[17.04511158681291,51.14360531371924]}},{"type":"Feature","properties":{"district":3,"street":"Władysława Syrokomli","number":"32","postal_code":"51-141","source_objectid":34678},"geometry":{"type":"Point","coordinates":[17.04735833259963,51.14024073548084]}},{"type":"Feature","properties":{"district":1,"street":"Leopolda Staffa","number":"21","postal_code":"51-144","source_objectid":34715},"geometry":{"type":"Point","coordinates":[17.059737788598152,51.13984912934496]}},{"type":"Feature","properties":{"district":2,"street":"Sportowa","number":"8","postal_code":"51-149","source_objectid":34740},"geometry":{"type":"Point","coordinates":[17.062599451713496,51.14308988559625]}},{"type":"Feature","properties":{"district":3,"street":"Marii Konopnickiej","number":"19","postal_code":"51-142","source_objectid":34744},"geometry":{"type":"Point","coordinates":[17.04754659762479,51.141145215331186]}},{"type":"Feature","properties":{"district":2,"street":"Jana Kasprowicza","number":"86","postal_code":"51-145","source_objectid":34784},"geometry":{"type":"Point","coordinates":[17.055618088952684,51.13843535224879]}},{"type":"Feature","properties":{"district":1,"street":"Tadeusza Boya-Żeleńskiego","number":"43","postal_code":"51-160","source_objectid":34787},"geometry":{"type":"Point","coordinates":[17.057359448654008,51.13487753735406]}},{"type":"Feature","properties":{"district":3,"street":"Jana Brzechwy","number":"40","postal_code":"51-141","source_objectid":34788},"geometry":{"type":"Point","coordinates":[17.045764981398154,51.14151272544124]}},{"type":"Feature","properties":{"district":3,"street":"Samuela Bogumiła Lindego","number":"6","postal_code":"51-138","source_objectid":34811},"geometry":{"type":"Point","coordinates":[17.039805667952436,51.13714606219736]}},{"type":"Feature","properties":{"district":4,"street":"Jana Kasprowicza","number":"21","postal_code":"51-136","source_objectid":34819},"geometry":{"type":"Point","coordinates":[17.040425741627114,51.136102014287566]}},{"type":"Feature","properties":{"district":2,"street":"Piotra Czajkowskiego","number":"19","postal_code":"51-171","source_objectid":34833},"geometry":{"type":"Point","coordinates":[17.06737346977188,51.13853556430171]}},{"type":"Feature","properties":{"district":3,"street":"Władysława Syrokomli","number":"39","postal_code":"51-141","source_objectid":34849},"geometry":{"type":"Point","coordinates":[17.04758238021961,51.14077996997074]}},{"type":"Feature","properties":{"district":3,"street":"Henryka Michała Kamieńskiego","number":"17","postal_code":"51-124","source_objectid":34871},"geometry":{"type":"Point","coordinates":[17.036034218112068,51.14154681535401]}},{"type":"Feature","properties":{"district":4,"street":"Na Polance","number":"4","postal_code":"51-109","source_objectid":34893},"geometry":{"type":"Point","coordinates":[17.034735825289534,51.1335005813289]}},{"type":"Feature","properties":{"district":1,"street":"Tadeusza Boya-Żeleńskiego","number":"69f","postal_code":"51-162","source_objectid":34895},"geometry":{"type":"Point","coordinates":[17.061958866282744,51.13253397185417]}},{"type":"Feature","properties":{"district":5,"street":"Jugosłowiańska","number":"53","postal_code":"51-112","source_objectid":34902},"geometry":{"type":"Point","coordinates":[17.02627245962595,51.13497570692939]}},{"type":"Feature","properties":{"district":3,"street":"Władysława Syrokomli","number":"30","postal_code":"51-141","source_objectid":34928},"geometry":{"type":"Point","coordinates":[17.04740605174823,51.140057915265274]}},{"type":"Feature","properties":{"district":3,"street":"Marii Konopnickiej","number":"51","postal_code":"51-142","source_objectid":34935},"geometry":{"type":"Point","coordinates":[17.053983927318438,51.14141479576313]}},{"type":"Feature","properties":{"district":4,"street":"Kępińska","number":"3","postal_code":"51-132","source_objectid":34944},"geometry":{"type":"Point","coordinates":[17.033045652183695,51.144530126901756]}},{"type":"Feature","properties":{"district":1,"street":"Bolesława Krzywoustego","number":"25","postal_code":"51-165","source_objectid":34970},"geometry":{"type":"Point","coordinates":[17.07170669086672,51.13647245186278]}},{"type":"Feature","properties":{"district":2,"street":"Stanisława Przybyszewskiego","number":"17","postal_code":"51-151","source_objectid":34977},"geometry":{"type":"Point","coordinates":[17.060888823500658,51.135465761672876]}},{"type":"Feature","properties":{"district":1,"street":"Kętrzyńska","number":"50","postal_code":"51-413","source_objectid":34985},"geometry":{"type":"Point","coordinates":[17.078719648516877,51.134828722367835]}},{"type":"Feature","properties":{"district":3,"street":"Filomatów","number":"7","postal_code":"51-142","source_objectid":35005},"geometry":{"type":"Point","coordinates":[17.050404484945968,51.14217844021612]}},{"type":"Feature","properties":{"district":1,"street":"bp. Ignacego Krasickiego","number":"3","postal_code":"51-144","source_objectid":35021},"geometry":{"type":"Point","coordinates":[17.057916754157734,51.139052960675556]}},{"type":"Feature","properties":{"district":1,"street":"gen. Józefa Wybickiego","number":"8","postal_code":"51-144","source_objectid":35039},"geometry":{"type":"Point","coordinates":[17.053608103090067,51.13973398317795]}},{"type":"Feature","properties":{"district":3,"street":"Władysława Syrokomli","number":"33","postal_code":"51-141","source_objectid":35055},"geometry":{"type":"Point","coordinates":[17.04773113090629,51.14034433861276]}},{"type":"Feature","properties":{"district":2,"street":"Sportowa","number":"22","postal_code":"51-149","source_objectid":35056},"geometry":{"type":"Point","coordinates":[17.062980110419147,51.14431781767786]}},{"type":"Feature","properties":{"district":2,"street":"Sołtysowicka","number":"21c","postal_code":"51-168","source_objectid":35064},"geometry":{"type":"Point","coordinates":[17.0725449384756,51.14079814513817]}},{"type":"Feature","properties":{"district":1,"street":"Giżycka","number":"52","postal_code":"51-163","source_objectid":35075},"geometry":{"type":"Point","coordinates":[17.074446118574844,51.132424825487526]}},{"type":"Feature","properties":{"district":2,"street":"Piotra Czajkowskiego","number":"109","postal_code":"51-147","source_objectid":35096},"geometry":{"type":"Point","coordinates":[17.055786442864378,51.14291585183606]}},{"type":"Feature","properties":{"district":5,"street":"Jugosłowiańska","number":"114a","postal_code":"51-112","source_objectid":35124},"geometry":{"type":"Point","coordinates":[17.020903307220404,51.137134758262256]}},{"type":"Feature","properties":{"district":3,"street":"Henryka Michała Kamieńskiego","number":"122","postal_code":"51-124","source_objectid":35129},"geometry":{"type":"Point","coordinates":[17.041690445635126,51.14824949763317]}},{"type":"Feature","properties":{"district":5,"street":"Czeska","number":"27a","postal_code":"51-112","source_objectid":35165},"geometry":{"type":"Point","coordinates":[17.02634209452641,51.13593731737262]}},{"type":"Feature","properties":{"district":2,"street":"Sołtysowicka","number":"19c","postal_code":"51-168","source_objectid":35173},"geometry":{"type":"Point","coordinates":[17.07280679874696,51.140305178805875]}},{"type":"Feature","properties":{"district":1,"street":"Giżycka","number":"74","postal_code":"51-412","source_objectid":35205},"geometry":{"type":"Point","coordinates":[17.078815896008123,51.13361589796291]}},{"type":"Feature","properties":{"district":5,"street":"Lutycka","number":"7","postal_code":"51-112","source_objectid":35208},"geometry":{"type":"Point","coordinates":[17.02604088116514,51.134012226303]}},{"type":"Feature","properties":{"district":3,"street":"Marii Konopnickiej","number":"7","postal_code":"51-141","source_objectid":35213},"geometry":{"type":"Point","coordinates":[17.042093940109027,51.140638974863194]}},{"type":"Feature","properties":{"district":3,"street":"Krzysztofa Kamila Baczyńskiego","number":"18","postal_code":"51-122","source_objectid":35225},"geometry":{"type":"Point","coordinates":[17.038799877637068,51.14219142021929]}},{"type":"Feature","properties":{"district":3,"street":"Stanisława Grochowiaka","number":"2","postal_code":"51-142","source_objectid":35237},"geometry":{"type":"Point","coordinates":[17.045848348829402,51.143088444368004]}},{"type":"Feature","properties":{"district":3,"street":"Kornela Ujejskiego","number":"12","postal_code":"51-141","source_objectid":35250},"geometry":{"type":"Point","coordinates":[17.04492811208547,51.14000179244502]}},{"type":"Feature","properties":{"district":1,"street":"Wacława Potockiego","number":"2","postal_code":"51-153","source_objectid":35254},"geometry":{"type":"Point","coordinates":[17.05080231475004,51.13730894286183]}},{"type":"Feature","properties":{"district":4,"street":"Rowerowa","number":"17","postal_code":"51-138","source_objectid":35281},"geometry":{"type":"Point","coordinates":[17.037541832161086,51.13785468948391]}},{"type":"Feature","properties":{"district":3,"street":"Krzysztofa Kamila Baczyńskiego","number":"12","postal_code":"51-122","source_objectid":35306},"geometry":{"type":"Point","coordinates":[17.039126350323848,51.14187888103276]}},{"type":"Feature","properties":{"district":1,"street":"bp. Ignacego Krasickiego","number":"5","postal_code":"51-144","source_objectid":35311},"geometry":{"type":"Point","coordinates":[17.057764530854204,51.139199407161044]}},{"type":"Feature","properties":{"district":3,"street":"Ignacego Chrzanowskiego","number":"38","postal_code":"51-141","source_objectid":35329},"geometry":{"type":"Point","coordinates":[17.047581277199644,51.1424758924315]}},{"type":"Feature","properties":{"district":1,"street":"Wacława Berenta","number":"24","postal_code":"51-152","source_objectid":35334},"geometry":{"type":"Point","coordinates":[17.057191997586067,51.13595537626246]}},{"type":"Feature","properties":{"district":2,"street":"Piotra Czajkowskiego","number":"59","postal_code":"51-171","source_objectid":35406},"geometry":{"type":"Point","coordinates":[17.064560091184564,51.14059468104484]}},{"type":"Feature","properties":{"district":5,"street":"Osobowicka","number":"29b","postal_code":"51-110","source_objectid":35408},"geometry":{"type":"Point","coordinates":[17.02287730093813,51.133589680166445]}},{"type":"Feature","properties":{"district":5,"street":"Serbska","number":"2","postal_code":"51-111","source_objectid":35411},"geometry":{"type":"Point","coordinates":[17.020299180248937,51.13415440798966]}},{"type":"Feature","properties":{"district":3,"street":"Maurycego Mochnackiego","number":"14","postal_code":"51-122","source_objectid":35417},"geometry":{"type":"Point","coordinates":[17.038278859623194,51.14173440959729]}},{"type":"Feature","properties":{"district":4,"street":"Obornicka","number":"2","postal_code":"51-113","source_objectid":35436},"geometry":{"type":"Point","coordinates":[17.034345850856646,51.13415182702088]}},{"type":"Feature","properties":{"district":4,"street":"Obornicka","number":"131","postal_code":"51-114","source_objectid":35475},"geometry":{"type":"Point","coordinates":[17.021263205128474,51.14794818785062]}},{"type":"Feature","properties":{"district":3,"street":"Mieczysława Romanowskiego","number":"20","postal_code":"51-122","source_objectid":35477},"geometry":{"type":"Point","coordinates":[17.037002478596904,51.1409735592003]}},{"type":"Feature","properties":{"district":3,"street":"Marii Konopnickiej","number":"11","postal_code":"51-141","source_objectid":35484},"geometry":{"type":"Point","coordinates":[17.044007072737877,51.14081484202479]}},{"type":"Feature","properties":{"district":1,"street":"Teofila Lenartowicza","number":"5","postal_code":"51-140","source_objectid":35512},"geometry":{"type":"Point","coordinates":[17.04507259907789,51.13754570671062]}},{"type":"Feature","properties":{"district":2,"street":"Koszarowa","number":"6c","postal_code":"51-149","source_objectid":35526},"geometry":{"type":"Point","coordinates":[17.068039078797785,51.140140161670004]}},{"type":"Feature","properties":{"district":1,"street":"Juliana Klaczki","number":"26","postal_code":"51-151","source_objectid":35529},"geometry":{"type":"Point","coordinates":[17.061861665141567,51.13724249690682]}},{"type":"Feature","properties":{"district":5,"street":"Jugosłowiańska","number":"64","postal_code":"51-112","source_objectid":35531},"geometry":{"type":"Point","coordinates":[17.025104103855156,51.13475308005378]}},{"type":"Feature","properties":{"district":1,"street":"Ludwika Nabielaka","number":"21a","postal_code":"51-140","source_objectid":35534},"geometry":{"type":"Point","coordinates":[17.04703009070542,51.13834309847814]}},{"type":"Feature","properties":{"district":3,"street":"Mieczysława Romanowskiego","number":"32","postal_code":"51-122","source_objectid":35540},"geometry":{"type":"Point","coordinates":[17.03879158714045,51.14091030976895]}},{"type":"Feature","properties":{"district":4,"street":"Macedońska","number":"21","postal_code":"51-113","source_objectid":35542},"geometry":{"type":"Point","coordinates":[17.030285411757554,51.134862042444546]}},{"type":"Feature","properties":{"district":1,"street":"Marcina Kromera","number":"27a","postal_code":"51-163","source_objectid":35550},"geometry":{"type":"Point","coordinates":[17.066579995683718,51.13305307039009]}},{"type":"Feature","properties":{"district":3,"street":"Roberta Kocha","number":"2a","postal_code":"51-112","source_objectid":35575},"geometry":{"type":"Point","coordinates":[17.04049771353724,51.141582909708475]}},{"type":"Feature","properties":{"district":5,"street":"Chorwacka","number":"92","postal_code":"51-107","source_objectid":35594},"geometry":{"type":"Point","coordinates":[17.02472583375975,51.140402982879486]}},{"type":"Feature","properties":{"district":1,"street":"Władysława Orkana","number":"21","postal_code":"51-153","source_objectid":35610},"geometry":{"type":"Point","coordinates":[17.052976891810413,51.13455279893187]}},{"type":"Feature","properties":{"district":1,"street":"Bolesława Krzywoustego","number":"87","postal_code":"51-166","source_objectid":35663},"geometry":{"type":"Point","coordinates":[17.07746624635286,51.138356621184506]}},{"type":"Feature","properties":{"district":5,"street":"Bezpieczna","number":"9","postal_code":"51-114","source_objectid":35667},"geometry":{"type":"Point","coordinates":[17.024273594793208,51.141043418374856]}},{"type":"Feature","properties":{"district":1,"street":"Zenona Miriama Przesmyckiego","number":"25","postal_code":"51-151","source_objectid":35669},"geometry":{"type":"Point","coordinates":[17.065819503669207,51.13763228025516]}},{"type":"Feature","properties":{"district":1,"street":"Adolfa Dygasińskiego","number":"4","postal_code":"51-153","source_objectid":35697},"geometry":{"type":"Point","coordinates":[17.054452829621514,51.1360466484427]}},{"type":"Feature","properties":{"district":5,"street":"Czeska","number":"7a","postal_code":"51-112","source_objectid":35699},"geometry":{"type":"Point","coordinates":[17.02342451227586,51.134373052566154]}},{"type":"Feature","properties":{"district":5,"street":"Czeska","number":"26","postal_code":"51-112","source_objectid":35706},"geometry":{"type":"Point","coordinates":[17.0257586615446,51.13599737290957]}},{"type":"Feature","properties":{"district":2,"street":"Sportowa","number":"14","postal_code":"51-149","source_objectid":35710},"geometry":{"type":"Point","coordinates":[17.062941190589655,51.14354519796652]}},{"type":"Feature","properties":{"district":5,"street":"Słowacka","number":"5","postal_code":"51-111","source_objectid":35723},"geometry":{"type":"Point","coordinates":[17.01936176519919,51.135117156498055]}},{"type":"Feature","properties":{"district":3,"street":"Maurycego Mochnackiego","number":"7","postal_code":"51-122","source_objectid":35725},"geometry":{"type":"Point","coordinates":[17.038932201924553,51.14148091440717]}},{"type":"Feature","properties":{"district":1,"street":"Marcina Kromera","number":"25b","postal_code":"51-163","source_objectid":35728},"geometry":{"type":"Point","coordinates":[17.066181448291886,51.13280661999037]}},{"type":"Feature","properties":{"district":1,"street":"bp. Ignacego Krasickiego","number":"25","postal_code":"51-144","source_objectid":35733},"geometry":{"type":"Point","coordinates":[17.05581946947187,51.14089283940094]}},{"type":"Feature","properties":{"district":1,"street":"Wacława Potockiego","number":"28","postal_code":"51-153","source_objectid":35742},"geometry":{"type":"Point","coordinates":[17.054440300512145,51.13544844811388]}},{"type":"Feature","properties":{"district":1,"street":"Adolfa Dygasińskiego","number":"3","postal_code":"51-153","source_objectid":35765},"geometry":{"type":"Point","coordinates":[17.053960940137134,51.136001048411046]}},{"type":"Feature","properties":{"district":5,"street":"Bułgarska","number":"5","postal_code":"51-112","source_objectid":35776},"geometry":{"type":"Point","coordinates":[17.02731436331268,51.13543474129873]}},{"type":"Feature","properties":{"district":3,"street":"Jutrosińska","number":"8","postal_code":"51-124","source_objectid":35791},"geometry":{"type":"Point","coordinates":[17.043320151398323,51.14686732447109]}},{"type":"Feature","properties":{"district":1,"street":"Adolfa Dygasińskiego","number":"2","postal_code":"51-153","source_objectid":35793},"geometry":{"type":"Point","coordinates":[17.054639066209855,51.13617767681256]}},{"type":"Feature","properties":{"district":5,"street":"Chorwacka","number":"36","postal_code":"51-107","source_objectid":35806},"geometry":{"type":"Point","coordinates":[17.024777370493908,51.13800045964285]}},{"type":"Feature","properties":{"district":3,"street":"Henryka Michała Kamieńskiego","number":"58a","postal_code":"51-124","source_objectid":35808},"geometry":{"type":"Point","coordinates":[17.039468767055666,51.144178619150146]}},{"type":"Feature","properties":{"district":2,"street":"Sportowa","number":"31","postal_code":"51-149","source_objectid":35841},"geometry":{"type":"Point","coordinates":[17.064505046177626,51.14434589159457]}},{"type":"Feature","properties":{"district":3,"street":"Kornela Ujejskiego","number":"11","postal_code":"51-141","source_objectid":35858},"geometry":{"type":"Point","coordinates":[17.04533502983747,51.139775519235904]}},{"type":"Feature","properties":{"district":1,"street":"Adama Asnyka","number":"28","postal_code":"51-143","source_objectid":35860},"geometry":{"type":"Point","coordinates":[17.052686756443705,51.14038965369551]}},{"type":"Feature","properties":{"district":1,"street":"Juliana Klaczki","number":"42a","postal_code":"51-151","source_objectid":35868},"geometry":{"type":"Point","coordinates":[17.063529932235802,51.13707485183557]}},{"type":"Feature","properties":{"district":1,"street":"Juliana Klaczki","number":"31","postal_code":"51-151","source_objectid":35907},"geometry":{"type":"Point","coordinates":[17.063592023779997,51.136785693889095]}},{"type":"Feature","properties":{"district":5,"street":"Osobowicka","number":"27a","postal_code":"51-110","source_objectid":35915},"geometry":{"type":"Point","coordinates":[17.023481421245425,51.133556223437786]}},{"type":"Feature","properties":{"district":5,"street":"Jugosłowiańska","number":"57","postal_code":"51-112","source_objectid":35920},"geometry":{"type":"Point","coordinates":[17.02574056953315,51.134990649865294]}},{"type":"Feature","properties":{"district":5,"street":"Jugosłowiańska","number":"114","postal_code":"51-112","source_objectid":35962},"geometry":{"type":"Point","coordinates":[17.02131493299828,51.137299792775934]}},{"type":"Feature","properties":{"district":5,"street":"Teodora Parnickiego","number":"11","postal_code":"51-116","source_objectid":35966},"geometry":{"type":"Point","coordinates":[17.02955570515752,51.138977783094575]}},{"type":"Feature","properties":{"district":5,"street":"Bałkańska","number":"13","postal_code":"51-111","source_objectid":35977},"geometry":{"type":"Point","coordinates":[17.018107895729703,51.13606520380997]}},{"type":"Feature","properties":{"district":1,"street":"Aleksandra Brücknera","number":"22","postal_code":"51-411","source_objectid":35994},"geometry":{"type":"Point","coordinates":[17.07983680478513,51.13473734604138]}},{"type":"Feature","properties":{"district":1,"street":"Kętrzyńska","number":"46","postal_code":"51-413","source_objectid":36056},"geometry":{"type":"Point","coordinates":[17.078483228141266,51.13493731532801]}},{"type":"Feature","properties":{"district":5,"street":"Bezpieczna","number":"12","postal_code":"51-114","source_objectid":36076},"geometry":{"type":"Point","coordinates":[17.023760909534445,51.140344401557556]}},{"type":"Feature","properties":{"district":4,"street":"ks. Norberta Bonczyka","number":"50","postal_code":"51-138","source_objectid":36092},"geometry":{"type":"Point","coordinates":[17.0396809460435,51.13901630552832]}},{"type":"Feature","properties":{"district":1,"street":"Juliana Klaczki","number":"17","postal_code":"51-151","source_objectid":36109},"geometry":{"type":"Point","coordinates":[17.062140861059564,51.13623822923871]}},{"type":"Feature","properties":{"district":1,"street":"Tadeusza Zelenaya","number":"19","postal_code":"51-140","source_objectid":36117},"geometry":{"type":"Point","coordinates":[17.045669017370958,51.13797137139666]}},{"type":"Feature","properties":{"district":1,"street":"Bolesława Krzywoustego","number":"29a","postal_code":"51-165","source_objectid":36170},"geometry":{"type":"Point","coordinates":[17.07156333509107,51.13616870482337]}},{"type":"Feature","properties":{"district":3,"street":"Henryka Michała Kamieńskiego","number":"21","postal_code":"51-124","source_objectid":36176},"geometry":{"type":"Point","coordinates":[17.036623478118926,51.14188761551833]}},{"type":"Feature","properties":{"district":5,"street":"Czeska","number":"31","postal_code":"51-112","source_objectid":36187},"geometry":{"type":"Point","coordinates":[17.027008161868704,51.13635565694705]}},{"type":"Feature","properties":{"district":3,"street":"Jana Brzechwy","number":"5a","postal_code":"51-141","source_objectid":36220},"geometry":{"type":"Point","coordinates":[17.047036239133053,51.13906125933257]}},{"type":"Feature","properties":{"district":4,"street":"ks. Norberta Bonczyka","number":"19","postal_code":"51-138","source_objectid":36248},"geometry":{"type":"Point","coordinates":[17.038902411493936,51.13683888284328]}},{"type":"Feature","properties":{"district":4,"street":"Kępińska","number":"14","postal_code":"51-132","source_objectid":36262},"geometry":{"type":"Point","coordinates":[17.036341741378653,51.146683335947344]}},{"type":"Feature","properties":{"district":5,"street":"Bezpieczna","number":"7","postal_code":"51-114","source_objectid":36282},"geometry":{"type":"Point","coordinates":[17.02457532055117,51.141167574223765]}},{"type":"Feature","properties":{"district":1,"street":"Juliana Klaczki","number":"39","postal_code":"51-151","source_objectid":36284},"geometry":{"type":"Point","coordinates":[17.06442471305569,51.13724333226322]}},{"type":"Feature","properties":{"district":4,"street":"Na Polance","number":"12d","postal_code":"51-109","source_objectid":36297},"geometry":{"type":"Point","coordinates":[17.032320117028164,51.13359826523045]}},{"type":"Feature","properties":{"district":1,"street":"Wacława Berenta","number":"9","postal_code":"51-152","source_objectid":36318},"geometry":{"type":"Point","coordinates":[17.05685128969114,51.134628778191484]}},{"type":"Feature","properties":{"district":1,"street":"Giżycka","number":"68a","postal_code":"51-412","source_objectid":36377},"geometry":{"type":"Point","coordinates":[17.07774053683867,51.133543344481225]}},{"type":"Feature","properties":{"district":2,"street":"Stanisława Przybyszewskiego","number":"102-104","postal_code":"51-148","source_objectid":36380},"geometry":{"type":"Point","coordinates":[17.062168205661393,51.141166090450604]}},{"type":"Feature","properties":{"district":4,"street":"Obornicka","number":"113e","postal_code":"51-114","source_objectid":36397},"geometry":{"type":"Point","coordinates":[17.026222339358657,51.143862381354516]}},{"type":"Feature","properties":{"district":3,"street":"Marii Konopnickiej","number":"15","postal_code":"51-141","source_objectid":36423},"geometry":{"type":"Point","coordinates":[17.0452009157909,51.1408971408954]}},{"type":"Feature","properties":{"district":1,"street":"Tadeusza Boya-Żeleńskiego","number":"40-42","postal_code":"51-160","source_objectid":36426},"geometry":{"type":"Point","coordinates":[17.05849282587992,51.13484860501268]}},{"type":"Feature","properties":{"district":2,"street":"Sołtysowicka","number":"19","postal_code":"51-168","source_objectid":36435},"geometry":{"type":"Point","coordinates":[17.070595783845523,51.14094232605805]}},{"type":"Feature","properties":{"district":4,"street":"Obornicka","number":"16","postal_code":"51-113","source_objectid":36450},"geometry":{"type":"Point","coordinates":[17.034394342645545,51.135004788540485]}},{"type":"Feature","properties":{"district":5,"street":"Morawska","number":"30a","postal_code":"51-111","source_objectid":36513},"geometry":{"type":"Point","coordinates":[17.018558155483458,51.13718175074964]}},{"type":"Feature","properties":{"district":1,"street":"Ludwika Nabielaka","number":"5","postal_code":"51-140","source_objectid":36534},"geometry":{"type":"Point","coordinates":[17.045004449054986,51.138242665896406]}},{"type":"Feature","properties":{"district":1,"street":"Wacława Potockiego","number":"18a","postal_code":"51-153","source_objectid":36537},"geometry":{"type":"Point","coordinates":[17.052912144835247,51.13651700662248]}},{"type":"Feature","properties":{"district":1,"street":"bp. Ignacego Krasickiego","number":"1","postal_code":"51-144","source_objectid":36591},"geometry":{"type":"Point","coordinates":[17.058071229955655,51.138821058655694]}},{"type":"Feature","properties":{"district":5,"street":"Bezpieczna","number":"57","postal_code":"51-114","source_objectid":36600},"geometry":{"type":"Point","coordinates":[17.02130711367904,51.1399964271642]}},{"type":"Feature","properties":{"district":2,"street":"Piotra Czajkowskiego","number":"54","postal_code":"51-171","source_objectid":36642},"geometry":{"type":"Point","coordinates":[17.063281833258106,51.139752936059516]}},{"type":"Feature","properties":{"district":3,"street":"Wacława Gąsiorowskiego","number":"24","postal_code":"51-142","source_objectid":36650},"geometry":{"type":"Point","coordinates":[17.044272504777897,51.14358618022181]}},{"type":"Feature","properties":{"district":2,"street":"Sportowa","number":"35a","postal_code":"51-149","source_objectid":36674},"geometry":{"type":"Point","coordinates":[17.064303214925978,51.14464458450801]}},{"type":"Feature","properties":{"district":5,"street":"Bezpieczna","number":"63","postal_code":"51-114","source_objectid":36685},"geometry":{"type":"Point","coordinates":[17.020946602369715,51.139752621795935]}},{"type":"Feature","properties":{"district":3,"street":"Seweryna Goszczyńskiego","number":"2","postal_code":"51-138","source_objectid":36699},"geometry":{"type":"Point","coordinates":[17.041592432451367,51.1396006435144]}},{"type":"Feature","properties":{"district":5,"street":"Łużycka","number":"7","postal_code":"51-111","source_objectid":36734},"geometry":{"type":"Point","coordinates":[17.017269243176788,51.13660214216171]}},{"type":"Feature","properties":{"district":1,"street":"Giżycka","number":"56","postal_code":"51-163","source_objectid":36736},"geometry":{"type":"Point","coordinates":[17.07492194955248,51.13254668725288]}},{"type":"Feature","properties":{"district":3,"street":"Władysława Anczyca","number":"7","postal_code":"51-141","source_objectid":36791},"geometry":{"type":"Point","coordinates":[17.04405416347056,51.13904134544192]}},{"type":"Feature","properties":{"district":3,"street":"Tadeusza Gajcego","number":"26","postal_code":"51-143","source_objectid":36795},"geometry":{"type":"Point","coordinates":[17.049119155879456,51.14063718845438]}},{"type":"Feature","properties":{"district":4,"street":"Żmigrodzka","number":"48","postal_code":"51-120","source_objectid":36820},"geometry":{"type":"Point","coordinates":[17.033760331539472,51.13796549087249]}},{"type":"Feature","properties":{"district":3,"street":"Torowa","number":"6","postal_code":"51-125","source_objectid":36829},"geometry":{"type":"Point","coordinates":[17.042553076426234,51.14950999562711]}},{"type":"Feature","properties":{"district":2,"street":"Koszarowa","number":"66","postal_code":"51-149","source_objectid":36837},"geometry":{"type":"Point","coordinates":[17.05914389596037,51.14176454806396]}},{"type":"Feature","properties":{"district":1,"street":"Wacława Potockiego","number":"20a","postal_code":"51-153","source_objectid":36861},"geometry":{"type":"Point","coordinates":[17.053172283480873,51.136367817271534]}},{"type":"Feature","properties":{"district":1,"street":"bp. Ignacego Krasickiego","number":"14","postal_code":"51-144","source_objectid":36867},"geometry":{"type":"Point","coordinates":[17.056440692475523,51.13989914925183]}},{"type":"Feature","properties":{"district":1,"street":"Wacława Potockiego","number":"30","postal_code":"51-153","source_objectid":36868},"geometry":{"type":"Point","coordinates":[17.054676234917896,51.13533577343344]}},{"type":"Feature","properties":{"district":1,"street":"Kętrzyńska","number":"39","postal_code":"51-413","source_objectid":36879},"geometry":{"type":"Point","coordinates":[17.079349490120162,51.13411273171051]}},{"type":"Feature","properties":{"district":4,"street":"Obornicka","number":"96","postal_code":"51-114","source_objectid":36893},"geometry":{"type":"Point","coordinates":[17.025488753934777,51.14196350046127]}},{"type":"Feature","properties":{"district":4,"street":"Na Polance","number":"4c","postal_code":"51-109","source_objectid":36908},"geometry":{"type":"Point","coordinates":[17.034511398609425,51.13389266456746]}},{"type":"Feature","properties":{"district":3,"street":"Marii Konopnickiej","number":"33","postal_code":"51-142","source_objectid":36931},"geometry":{"type":"Point","coordinates":[17.050870235363526,51.141445987522076]}},{"type":"Feature","properties":{"district":3,"street":"Marii Konopnickiej","number":"22","postal_code":"51-141","source_objectid":37000},"geometry":{"type":"Point","coordinates":[17.043940709028604,51.14105487136793]}},{"type":"Feature","properties":{"district":5,"street":"Jugosłowiańska","number":"98","postal_code":"51-112","source_objectid":37003},"geometry":{"type":"Point","coordinates":[17.022226724257152,51.136652648494696]}},{"type":"Feature","properties":{"district":1,"street":"Tadeusza Micińskiego","number":"1","postal_code":"51-152","source_objectid":37012},"geometry":{"type":"Point","coordinates":[17.05673549605768,51.13675913591906]}},{"type":"Feature","properties":{"district":1,"street":"bp. Ignacego Krasickiego","number":"11","postal_code":"51-144","source_objectid":37020},"geometry":{"type":"Point","coordinates":[17.05719292290415,51.13974950617205]}},{"type":"Feature","properties":{"district":5,"street":"Teodora Parnickiego","number":"6","postal_code":"51-116","source_objectid":37065},"geometry":{"type":"Point","coordinates":[17.02989209313538,51.139889661492916]}},{"type":"Feature","properties":{"district":4,"street":"Obornicka","number":"98","postal_code":"51-114","source_objectid":37072},"geometry":{"type":"Point","coordinates":[17.02503541636527,51.141860809072185]}},{"type":"Feature","properties":{"district":4,"street":"Na Polance","number":"12c","postal_code":"51-109","source_objectid":37073},"geometry":{"type":"Point","coordinates":[17.032420018971646,51.13346565829958]}},{"type":"Feature","properties":{"district":3,"street":"Jutrosińska","number":"10","postal_code":"51-124","source_objectid":37074},"geometry":{"type":"Point","coordinates":[17.043638192114017,51.14680108285621]}},{"type":"Feature","properties":{"district":1,"street":"Władysława Orkana","number":"40","postal_code":"51-153","source_objectid":37091},"geometry":{"type":"Point","coordinates":[17.05605730616332,51.133806445092205]}},{"type":"Feature","properties":{"district":5,"street":"Chorwacka","number":"76","postal_code":"51-107","source_objectid":37095},"geometry":{"type":"Point","coordinates":[17.02471824983291,51.13942148306137]}},{"type":"Feature","properties":{"district":5,"street":"Łużycka","number":"22a","postal_code":"51-111","source_objectid":37101},"geometry":{"type":"Point","coordinates":[17.018123415322123,51.1381843684228]}},{"type":"Feature","properties":{"district":1,"street":"Franciszka Karpińskiego","number":"19","postal_code":"51-144","source_objectid":37118},"geometry":{"type":"Point","coordinates":[17.055127568659053,51.13977808319357]}},{"type":"Feature","properties":{"district":3,"street":"Wincentego Pola","number":"24","postal_code":"51-140","source_objectid":37123},"geometry":{"type":"Point","coordinates":[17.04317397626543,51.13857176522477]}},{"type":"Feature","properties":{"district":5,"street":"Chorwacka","number":"20","postal_code":"51-107","source_objectid":37124},"geometry":{"type":"Point","coordinates":[17.025258810835837,51.13692153406469]}},{"type":"Feature","properties":{"district":5,"street":"Zaułek Rogoziński","number":"7","postal_code":"51-116","source_objectid":37147},"geometry":{"type":"Point","coordinates":[17.030121984925096,51.141437266693394]}},{"type":"Feature","properties":{"district":5,"street":"Chorwacka","number":"2a","postal_code":"51-107","source_objectid":37165},"geometry":{"type":"Point","coordinates":[17.02426331284085,51.136448557173935]}},{"type":"Feature","properties":{"district":4,"street":"Macedońska","number":"11","postal_code":"51-113","source_objectid":37176},"geometry":{"type":"Point","coordinates":[17.031047654103975,51.13434961203296]}},{"type":"Feature","properties":{"district":5,"street":"Bałkańska","number":"8","postal_code":"51-111","source_objectid":37180},"geometry":{"type":"Point","coordinates":[17.01724262277219,51.13542970212117]}},{"type":"Feature","properties":{"district":5,"street":"Bezpieczna","number":"6a","postal_code":"51-114","source_objectid":37217},"geometry":{"type":"Point","coordinates":[17.02526923116628,51.14104562556056]}},{"type":"Feature","properties":{"district":5,"street":"Osobowicka","number":"21","postal_code":"51-110","source_objectid":37221},"geometry":{"type":"Point","coordinates":[17.024863236003725,51.13346394986917]}},{"type":"Feature","properties":{"district":1,"street":"Toruńska","number":"1","postal_code":"51-164","source_objectid":37235},"geometry":{"type":"Point","coordinates":[17.06495380374119,51.13158950168174]}},{"type":"Feature","properties":{"district":1,"street":"Bolesława Krzywoustego","number":"31","postal_code":"51-165","source_objectid":37286},"geometry":{"type":"Point","coordinates":[17.071456610570678,51.1360690344666]}},{"type":"Feature","properties":{"district":2,"street":"Stanisława Przybyszewskiego","number":"15","postal_code":"51-151","source_objectid":37304},"geometry":{"type":"Point","coordinates":[17.06069674337432,51.13537130217051]}},{"type":"Feature","properties":{"district":1,"street":"Wacława Berenta","number":"41","postal_code":"51-152","source_objectid":37318},"geometry":{"type":"Point","coordinates":[17.058815021050666,51.136594056306805]}},{"type":"Feature","properties":{"district":3,"street":"Wincentego Pola","number":"43","postal_code":"51-140","source_objectid":37324},"geometry":{"type":"Point","coordinates":[17.043657306999155,51.140372047334004]}},{"type":"Feature","properties":{"district":3,"street":"Mieczysława Romanowskiego","number":"22","postal_code":"51-122","source_objectid":37335},"geometry":{"type":"Point","coordinates":[17.03778597911745,51.14085174361957]}},{"type":"Feature","properties":{"district":3,"street":"Roberta Kocha","number":"14","postal_code":"51-112","source_objectid":37384},"geometry":{"type":"Point","coordinates":[17.039523759778028,51.14263627753081]}},{"type":"Feature","properties":{"district":4,"street":"Obornicka","number":"99","postal_code":"51-114","source_objectid":37412},"geometry":{"type":"Point","coordinates":[17.026047941209537,51.14285475374857]}},{"type":"Feature","properties":{"district":1,"street":"Wacława Potockiego","number":"22","postal_code":"51-153","source_objectid":37416},"geometry":{"type":"Point","coordinates":[17.05309004584628,51.13599574428213]}},{"type":"Feature","properties":{"district":3,"street":"Roberta Kocha","number":"16a","postal_code":"51-112","source_objectid":37474},"geometry":{"type":"Point","coordinates":[17.03901202630428,51.142628999447375]}},{"type":"Feature","properties":{"district":3,"street":"Wincentego Pola","number":"54","postal_code":"51-123","source_objectid":37500},"geometry":{"type":"Point","coordinates":[17.04123137124789,51.14231157674949]}},{"type":"Feature","properties":{"district":1,"street":"Kętrzyńska","number":"1","postal_code":"51-413","source_objectid":37503},"geometry":{"type":"Point","coordinates":[17.073901857295507,51.132464134518315]}},{"type":"Feature","properties":{"district":4,"street":"Obornicka","number":"21","postal_code":"51-113","source_objectid":37515},"geometry":{"type":"Point","coordinates":[17.032822570651355,51.13665258549264]}},{"type":"Feature","properties":{"district":1,"street":"Gustawa Daniłowskiego","number":"3","postal_code":"51-151","source_objectid":37520},"geometry":{"type":"Point","coordinates":[17.060059606621607,51.13797677463391]}},{"type":"Feature","properties":{"district":3,"street":"Stanisława Grochowiaka","number":"3","postal_code":"51-142","source_objectid":37531},"geometry":{"type":"Point","coordinates":[17.046233892272173,51.14334774879432]}},{"type":"Feature","properties":{"district":4,"street":"Obornicka","number":"115","postal_code":"51-114","source_objectid":37536},"geometry":{"type":"Point","coordinates":[17.025105854582836,51.14382345032603]}},{"type":"Feature","properties":{"district":4,"street":"Żmigrodzka","number":"17","postal_code":"51-118","source_objectid":37554},"geometry":{"type":"Point","coordinates":[17.037090564880135,51.136563018465786]}},{"type":"Feature","properties":{"district":2,"street":"Piotra Czajkowskiego","number":"31","postal_code":"51-171","source_objectid":37557},"geometry":{"type":"Point","coordinates":[17.065207149894384,51.13980022687084]}},{"type":"Feature","properties":{"district":1,"street":"Kętrzyńska","number":"42","postal_code":"51-413","source_objectid":37559},"geometry":{"type":"Point","coordinates":[17.078435886584252,51.13481621151701]}},{"type":"Feature","properties":{"district":1,"street":"marsz. Józefa Piłsudskiego","number":"19","postal_code":"51-152","source_objectid":37577},"geometry":{"type":"Point","coordinates":[17.05590461831032,51.136801110460965]}},{"type":"Feature","properties":{"district":5,"street":"Jugosłowiańska","number":"116a","postal_code":"51-112","source_objectid":37589},"geometry":{"type":"Point","coordinates":[17.02075963460634,51.13725001642295]}},{"type":"Feature","properties":{"district":5,"street":"Bałtycka","number":"21","postal_code":"51-109","source_objectid":37603},"geometry":{"type":"Point","coordinates":[17.032693344108484,51.13887401078977]}},{"type":"Feature","properties":{"district":1,"street":"Wacława Berenta","number":"40a","postal_code":"51-152","source_objectid":37643},"geometry":{"type":"Point","coordinates":[17.058585978394248,51.13699616232152]}},{"type":"Feature","properties":{"district":1,"street":"Leopolda Staffa","number":"41","postal_code":"51-144","source_objectid":37649},"geometry":{"type":"Point","coordinates":[17.058892996557617,51.14069560371541]}},{"type":"Feature","properties":{"district":3,"street":"Bohdana Zaleskiego","number":"5","postal_code":"51-138","source_objectid":37651},"geometry":{"type":"Point","coordinates":[17.039758873642114,51.140080906052155]}},{"type":"Feature","properties":{"district":1,"street":"Ludwika Nabielaka","number":"19","postal_code":"51-140","source_objectid":37656},"geometry":{"type":"Point","coordinates":[17.04673819916466,51.13847489012131]}},{"type":"Feature","properties":{"district":1,"street":"Leopolda Staffa","number":"47","postal_code":"51-144","source_objectid":37692},"geometry":{"type":"Point","coordinates":[17.058448325875705,51.140815065837444]}},{"type":"Feature","properties":{"district":1,"street":"bp. Ignacego Krasickiego","number":"30","postal_code":"51-144","source_objectid":37712},"geometry":{"type":"Point","coordinates":[17.055183873459004,51.14107512241468]}},{"type":"Feature","properties":{"district":5,"street":"Czeska","number":"10","postal_code":"51-112","source_objectid":37744},"geometry":{"type":"Point","coordinates":[17.023133874930615,51.13450433749771]}},{"type":"Feature","properties":{"district":3,"street":"Kornela Makuszyńskiego","number":"19","postal_code":"51-142","source_objectid":37774},"geometry":{"type":"Point","coordinates":[17.051362151568256,51.142425803639284]}},{"type":"Feature","properties":{"district":1,"street":"Marcina Kromera","number":"59","postal_code":"51-163","source_objectid":37785},"geometry":{"type":"Point","coordinates":[17.070510939153273,51.13543508410042]}},{"type":"Feature","properties":{"district":3,"street":"Wincentego Pola","number":"44","postal_code":"51-140","source_objectid":37796},"geometry":{"type":"Point","coordinates":[17.042192844770614,51.141176116016794]}},{"type":"Feature","properties":{"district":3,"street":"Jana Brzechwy","number":"56","postal_code":"51-141","source_objectid":37835},"geometry":{"type":"Point","coordinates":[17.045272561811085,51.141639353207374]}},{"type":"Feature","properties":{"district":3,"street":"Henryka Michała Kamieńskiego","number":"63a","postal_code":"51-124","source_objectid":37844},"geometry":{"type":"Point","coordinates":[17.04234718945561,51.14627726518011]}},{"type":"Feature","properties":{"district":1,"street":"Marcina Kromera","number":"67","postal_code":"51-163","source_objectid":37873},"geometry":{"type":"Point","coordinates":[17.070854695804282,51.13509787887851]}},{"type":"Feature","properties":{"district":5,"street":"Jugosłowiańska","number":"54","postal_code":"51-112","source_objectid":37875},"geometry":{"type":"Point","coordinates":[17.02675518406059,51.13394667815754]}},{"type":"Feature","properties":{"district":5,"street":"Łużycka","number":"4a","postal_code":"51-111","source_objectid":37878},"geometry":{"type":"Point","coordinates":[17.016675540962403,51.136566173389056]}},{"type":"Feature","properties":{"district":3,"street":"Jutrosińska","number":"32","postal_code":"51-124","source_objectid":37925},"geometry":{"type":"Point","coordinates":[17.04685116338594,51.14636345464122]}},{"type":"Feature","properties":{"district":3,"street":"Mieczysława Romanowskiego","number":"27","postal_code":"51-122","source_objectid":37945},"geometry":{"type":"Point","coordinates":[17.039955872946866,51.140615690229986]}},{"type":"Feature","properties":{"district":3,"street":"Władysława Syrokomli","number":"57","postal_code":"51-141","source_objectid":37961},"geometry":{"type":"Point","coordinates":[17.047059172315276,51.142548285215234]}},{"type":"Feature","properties":{"district":1,"street":"Marcina Kromera","number":"15","postal_code":"51-163","source_objectid":37984},"geometry":{"type":"Point","coordinates":[17.06385868356947,51.131499887642704]}},{"type":"Feature","properties":{"district":4,"street":"Na Polance","number":"10d","postal_code":"51-109","source_objectid":38048},"geometry":{"type":"Point","coordinates":[17.032900021015397,51.133674494029]}},{"type":"Feature","properties":{"district":5,"street":"Jugosłowiańska","number":"70a","postal_code":"51-112","source_objectid":38068},"geometry":{"type":"Point","coordinates":[17.023865107200592,51.13551822931351]}},{"type":"Feature","properties":{"district":5,"street":"Łużycka","number":"10","postal_code":"51-111","source_objectid":38110},"geometry":{"type":"Point","coordinates":[17.017271726295434,51.136960356179436]}},{"type":"Feature","properties":{"district":5,"street":"Jugosłowiańska","number":"45","postal_code":"51-112","source_objectid":38120},"geometry":{"type":"Point","coordinates":[17.02787207204443,51.13479408273498]}},{"type":"Feature","properties":{"district":3,"street":"Henryka Michała Kamieńskiego","number":"76","postal_code":"51-124","source_objectid":38124},"geometry":{"type":"Point","coordinates":[17.04059545278741,51.1460233980948]}},{"type":"Feature","properties":{"district":5,"street":"Jugosłowiańska","number":"107","postal_code":"51-112","source_objectid":38151},"geometry":{"type":"Point","coordinates":[17.022167367298827,51.13839781830748]}},{"type":"Feature","properties":{"district":4,"street":"Obornicka","number":"37","postal_code":"51-113","source_objectid":38159},"geometry":{"type":"Point","coordinates":[17.031310179537854,51.13746501297922]}},{"type":"Feature","properties":{"district":3,"street":"Władysława Syrokomli","number":"9a","postal_code":"51-141","source_objectid":38186},"geometry":{"type":"Point","coordinates":[17.048132090942296,51.1388424308877]}},{"type":"Feature","properties":{"district":2,"street":"Stanisława Przybyszewskiego","number":"29","postal_code":"51-151","source_objectid":38189},"geometry":{"type":"Point","coordinates":[17.060613699588625,51.136494295321846]}},{"type":"Feature","properties":{"district":3,"street":"Mieczysława Romanowskiego","number":"16","postal_code":"51-122","source_objectid":38193},"geometry":{"type":"Point","coordinates":[17.0368197620263,51.14088841490541]}},{"type":"Feature","properties":{"district":3,"street":"Marii Konopnickiej","number":"24","postal_code":"51-141","source_objectid":38257},"geometry":{"type":"Point","coordinates":[17.044233177941155,51.14108037419463]}},{"type":"Feature","properties":{"district":3,"street":"Wincentego Pola","number":"68","postal_code":"51-123","source_objectid":38281},"geometry":{"type":"Point","coordinates":[17.040246984307245,51.143596572925325]}},{"type":"Feature","properties":{"district":5,"street":"Chorwacka","number":"40","postal_code":"51-107","source_objectid":38290},"geometry":{"type":"Point","coordinates":[17.024414389769376,51.13812995782629]}},{"type":"Feature","properties":{"district":2,"street":"Koszarowa","number":"62","postal_code":"51-149","source_objectid":38293},"geometry":{"type":"Point","coordinates":[17.060031619326548,51.14183457750694]}},{"type":"Feature","properties":{"district":2,"street":"Piotra Czajkowskiego","number":"80","postal_code":"51-147","source_objectid":38305},"geometry":{"type":"Point","coordinates":[17.059884991858052,51.14091044233511]}},{"type":"Feature","properties":{"district":1,"street":"Giżycka","number":"70","postal_code":"51-412","source_objectid":38311},"geometry":{"type":"Point","coordinates":[17.078163812754482,51.133600376770005]}},{"type":"Feature","properties":{"district":5,"street":"Czeska","number":"14","postal_code":"51-112","source_objectid":38326},"geometry":{"type":"Point","coordinates":[17.024056369106365,51.13498717908134]}},{"type":"Feature","properties":{"district":1,"street":"Giżycka","number":"1a","postal_code":"51-163","source_objectid":38329},"geometry":{"type":"Point","coordinates":[17.067243253610442,51.13257580731401]}},{"type":"Feature","properties":{"district":2,"street":"Stanisława Przybyszewskiego","number":"106","postal_code":"51-148","source_objectid":38359},"geometry":{"type":"Point","coordinates":[17.062509386767058,51.14137572216984]}},{"type":"Feature","properties":{"district":2,"street":"Jana Kasprowicza","number":"34","postal_code":"51-137","source_objectid":38362},"geometry":{"type":"Point","coordinates":[17.04422241129563,51.13698948522341]}},{"type":"Feature","properties":{"district":4,"street":"Obornicka","number":"77e","postal_code":"51-114","source_objectid":38375},"geometry":{"type":"Point","coordinates":[17.028663553406016,51.14056704703252]}},{"type":"Feature","properties":{"district":5,"street":"Czeska","number":"28a","postal_code":"51-112","source_objectid":38377},"geometry":{"type":"Point","coordinates":[17.026015556737573,51.13610960005175]}},{"type":"Feature","properties":{"district":1,"street":"Juliana Klaczki","number":"36","postal_code":"51-151","source_objectid":38390},"geometry":{"type":"Point","coordinates":[17.062571950394403,51.13705276663278]}},{"type":"Feature","properties":{"district":5,"street":"Bezpieczna","number":"91","postal_code":"51-114","source_objectid":38393},"geometry":{"type":"Point","coordinates":[17.01959755996328,51.13920191423477]}},{"type":"Feature","properties":{"district":1,"street":"Jana Długosza","number":"17","postal_code":"51-162","source_objectid":38402},"geometry":{"type":"Point","coordinates":[17.060694468265996,51.13221100149822]}},{"type":"Feature","properties":{"district":5,"street":"Serbska","number":"8c","postal_code":"51-111","source_objectid":38419},"geometry":{"type":"Point","coordinates":[17.019318303637117,51.134845816575236]}},{"type":"Feature","properties":{"district":1,"street":"Teofila Lenartowicza","number":"2a","postal_code":"51-140","source_objectid":38426},"geometry":{"type":"Point","coordinates":[17.044652685891556,51.13736401259024]}},{"type":"Feature","properties":{"district":4,"street":"Jana Kasprowicza","number":"4","postal_code":"51-137","source_objectid":38441},"geometry":{"type":"Point","coordinates":[17.037426620922144,51.136405301613976]}},{"type":"Feature","properties":{"district":3,"street":"Ignacego Chrzanowskiego","number":"36","postal_code":"51-141","source_objectid":38451},"geometry":{"type":"Point","coordinates":[17.04780631825784,51.14252711388509]}},{"type":"Feature","properties":{"district":1,"street":"Leopolda Staffa","number":"26","postal_code":"51-144","source_objectid":38456},"geometry":{"type":"Point","coordinates":[17.05818945254897,51.14030896858417]}},{"type":"Feature","properties":{"district":4,"street":"Kępińska","number":"2","postal_code":"51-132","source_objectid":38478},"geometry":{"type":"Point","coordinates":[17.032411408660778,51.14538546813373]}},{"type":"Feature","properties":{"district":1,"street":"Tadeusza Boya-Żeleńskiego","number":"48","postal_code":"51-160","source_objectid":38500},"geometry":{"type":"Point","coordinates":[17.059593340123836,51.13423859454825]}},{"type":"Feature","properties":{"district":1,"street":"Juliana Klaczki","number":"21","postal_code":"51-151","source_objectid":38501},"geometry":{"type":"Point","coordinates":[17.06260840650199,51.13629400971082]}},{"type":"Feature","properties":{"district":5,"street":"Chorwacka","number":"24","postal_code":"51-107","source_objectid":38509},"geometry":{"type":"Point","coordinates":[17.025610344899505,51.13726126100848]}},{"type":"Feature","properties":{"district":1,"street":"Jana Długosza","number":"17a","postal_code":"51-162","source_objectid":38532},"geometry":{"type":"Point","coordinates":[17.061213233116124,51.131926572393596]}},{"type":"Feature","properties":{"district":1,"street":"Tadeusza Boya-Żeleńskiego","number":"71c","postal_code":"51-162","source_objectid":38546},"geometry":{"type":"Point","coordinates":[17.06230819817101,51.13235847272099]}},{"type":"Feature","properties":{"district":2,"street":"Koszarowa","number":"6g","postal_code":"51-149","source_objectid":38553},"geometry":{"type":"Point","coordinates":[17.06753991160755,51.140259358865116]}},{"type":"Feature","properties":{"district":5,"street":"Bezpieczna","number":"45a","postal_code":"51-114","source_objectid":38557},"geometry":{"type":"Point","coordinates":[17.02202915893754,51.14000943417446]}},{"type":"Feature","properties":{"district":3,"street":"Mieczysława Romanowskiego","number":"56","postal_code":"51-122","source_objectid":38597},"geometry":{"type":"Point","coordinates":[17.041506305124386,51.14189510171486]}},{"type":"Feature","properties":{"district":3,"street":"Marii Konopnickiej","number":"38a","postal_code":"51-141","source_objectid":38602},"geometry":{"type":"Point","coordinates":[17.04663285576307,51.14125472567464]}},{"type":"Feature","properties":{"district":1,"street":"Ludwika Nabielaka","number":"18","postal_code":"51-140","source_objectid":38613},"geometry":{"type":"Point","coordinates":[17.046494931982412,51.13862687267632]}},{"type":"Feature","properties":{"district":5,"street":"Jugosłowiańska","number":"115","postal_code":"51-112","source_objectid":38647},"geometry":{"type":"Point","coordinates":[17.021253878777827,51.138084879244445]}},{"type":"Feature","properties":{"district":3,"street":"Jana Brzechwy","number":"31","postal_code":"51-141","source_objectid":38651},"geometry":{"type":"Point","coordinates":[17.04647319812475,51.14022846114795]}},{"type":"Feature","properties":{"district":1,"street":"gen. Józefa Wybickiego","number":"4","postal_code":"51-144","source_objectid":38705},"geometry":{"type":"Point","coordinates":[17.05384017558851,51.1392270023556]}},{"type":"Feature","properties":{"district":5,"street":"Chorwacka","number":"18","postal_code":"51-107","source_objectid":38709},"geometry":{"type":"Point","coordinates":[17.025091353626152,51.13682873139248]}},{"type":"Feature","properties":{"district":5,"street":"Jugosłowiańska","number":"108a","postal_code":"51-112","source_objectid":38735},"geometry":{"type":"Point","coordinates":[17.02133489471725,51.13681928264622]}},{"type":"Feature","properties":{"district":4,"street":"Macedońska","number":"29","postal_code":"51-113","source_objectid":38747},"geometry":{"type":"Point","coordinates":[17.029899671873476,51.135360852865425]}},{"type":"Feature","properties":{"district":1,"street":"Juliana Klaczki","number":"18","postal_code":"51-151","source_objectid":38762},"geometry":{"type":"Point","coordinates":[17.061962156157524,51.13681895606686]}},{"type":"Feature","properties":{"district":5,"street":"Czeska","number":"21a","postal_code":"51-112","source_objectid":38792},"geometry":{"type":"Point","coordinates":[17.025529914907935,51.135518008272214]}},{"type":"Feature","properties":{"district":3,"street":"Henryka Michała Kamieńskiego","number":"110","postal_code":"51-124","source_objectid":38796},"geometry":{"type":"Point","coordinates":[17.041157686109123,51.14748474313982]}},{"type":"Feature","properties":{"district":2,"street":"Jana Kasprowicza","number":"93","postal_code":"51-146","source_objectid":38820},"geometry":{"type":"Point","coordinates":[17.054848572118914,51.137849402989715]}},{"type":"Feature","properties":{"district":1,"street":"Tadeusza Zelenaya","number":"3","postal_code":"51-140","source_objectid":38823},"geometry":{"type":"Point","coordinates":[17.047653825819115,51.13816614792845]}},{"type":"Feature","properties":{"district":3,"street":"Jana Brzechwy","number":"58","postal_code":"51-141","source_objectid":38830},"geometry":{"type":"Point","coordinates":[17.045423687067768,51.14165308237503]}},{"type":"Feature","properties":{"district":5,"street":"Czeska","number":"23a","postal_code":"51-112","source_objectid":38840},"geometry":{"type":"Point","coordinates":[17.026100363573786,51.13541062307365]}},{"type":"Feature","properties":{"district":2,"street":"Jana Kasprowicza","number":"90","postal_code":"51-145","source_objectid":38844},"geometry":{"type":"Point","coordinates":[17.056773998555766,51.13849571459467]}},{"type":"Feature","properties":{"district":5,"street":"Jugosłowiańska","number":"56","postal_code":"51-112","source_objectid":38853},"geometry":{"type":"Point","coordinates":[17.026813980912245,51.13431773931292]}},{"type":"Feature","properties":{"district":3,"street":"Kornela Makuszyńskiego","number":"22","postal_code":"51-142","source_objectid":38855},"geometry":{"type":"Point","coordinates":[17.05109382722918,51.14191004898898]}},{"type":"Feature","properties":{"district":1,"street":"Wacława Berenta","number":"66","postal_code":"51-152","source_objectid":38871},"geometry":{"type":"Point","coordinates":[17.059599452089657,51.138188116618046]}},{"type":"Feature","properties":{"district":3,"street":"Roberta Kocha","number":"12","postal_code":"51-112","source_objectid":38923},"geometry":{"type":"Point","coordinates":[17.039688235879122,51.142461224387326]}},{"type":"Feature","properties":{"district":3,"street":"Władysława Syrokomli","number":"17","postal_code":"51-141","source_objectid":38924},"geometry":{"type":"Point","coordinates":[17.047934935735647,51.13944128929648]}},{"type":"Feature","properties":{"district":3,"street":"Marii Konopnickiej","number":"17a","postal_code":"51-141","source_objectid":38931},"geometry":{"type":"Point","coordinates":[17.04689904578185,51.14107080069356]}},{"type":"Feature","properties":{"district":3,"street":"Torowa","number":"20","postal_code":"51-125","source_objectid":38941},"geometry":{"type":"Point","coordinates":[17.0386929519693,51.149521114774956]}},{"type":"Feature","properties":{"district":2,"street":"Piotra Czajkowskiego","number":"104","postal_code":"51-147","source_objectid":38943},"geometry":{"type":"Point","coordinates":[17.056389356054027,51.14160621752873]}},{"type":"Feature","properties":{"district":5,"street":"Osobowicka","number":"59a","postal_code":"51-110","source_objectid":38968},"geometry":{"type":"Point","coordinates":[17.005107620678107,51.13539815259584]}},{"type":"Feature","properties":{"district":2,"street":"Sportowa","number":"29a","postal_code":"51-149","source_objectid":38989},"geometry":{"type":"Point","coordinates":[17.06404592978617,51.144311563799874]}},{"type":"Feature","properties":{"district":2,"street":"Sołtysowicka","number":"21","postal_code":"51-168","source_objectid":39026},"geometry":{"type":"Point","coordinates":[17.070842017786532,51.1416329149589]}},{"type":"Feature","properties":{"district":2,"street":"Stanisława Przybyszewskiego","number":"42","postal_code":"51-151","source_objectid":39035},"geometry":{"type":"Point","coordinates":[17.06034906255343,51.13754339982463]}},{"type":"Feature","properties":{"district":4,"street":"Macedońska","number":"33","postal_code":"51-113","source_objectid":39041},"geometry":{"type":"Point","coordinates":[17.030017073835854,51.13560875460237]}},{"type":"Feature","properties":{"district":5,"street":"Chorwacka","number":"88","postal_code":"51-107","source_objectid":39047},"geometry":{"type":"Point","coordinates":[17.02505472574161,51.140138255864976]}},{"type":"Feature","properties":{"district":2,"street":"Sportowa","number":"18","postal_code":"51-149","source_objectid":39062},"geometry":{"type":"Point","coordinates":[17.063115681382833,51.143777638278955]}},{"type":"Feature","properties":{"district":2,"street":"Piotra Czajkowskiego","number":"7","postal_code":"51-171","source_objectid":39103},"geometry":{"type":"Point","coordinates":[17.069174707024523,51.13685182633682]}},{"type":"Feature","properties":{"district":1,"street":"bp. Ignacego Krasickiego","number":"28","postal_code":"51-144","source_objectid":39115},"geometry":{"type":"Point","coordinates":[17.05541102404695,51.14079759528878]}},{"type":"Feature","properties":{"district":4,"street":"Żmigrodzka","number":"50","postal_code":"51-120","source_objectid":39136},"geometry":{"type":"Point","coordinates":[17.033532223425237,51.13803900226558]}},{"type":"Feature","properties":{"district":1,"street":"Wacława Potockiego","number":"37a","postal_code":"51-153","source_objectid":39161},"geometry":{"type":"Point","coordinates":[17.055202530388236,51.13480213096745]}},{"type":"Feature","properties":{"district":3,"street":"Filomatów","number":"6","postal_code":"51-142","source_objectid":39180},"geometry":{"type":"Point","coordinates":[17.049989645427853,51.142382839778854]}},{"type":"Feature","properties":{"district":3,"street":"Włodzimierza Perzyńskiego","number":"5","postal_code":"51-141","source_objectid":39185},"geometry":{"type":"Point","coordinates":[17.043560632319974,51.141369295913066]}},{"type":"Feature","properties":{"district":1,"street":"Grudziądzka","number":"110","postal_code":"51-165","source_objectid":39235},"geometry":{"type":"Point","coordinates":[17.07617346340577,51.137503728595036]}},{"type":"Feature","properties":{"district":1,"street":"Tadeusza Boya-Żeleńskiego","number":"53","postal_code":"51-160","source_objectid":39257},"geometry":{"type":"Point","coordinates":[17.05859970987771,51.13424894822695]}},{"type":"Feature","properties":{"district":5,"street":"Jugosłowiańska","number":"88","postal_code":"51-112","source_objectid":39277},"geometry":{"type":"Point","coordinates":[17.022726426768983,51.136297966959084]}},{"type":"Feature","properties":{"district":4,"street":"Obornicka","number":"105a","postal_code":"51-114","source_objectid":39279},"geometry":{"type":"Point","coordinates":[17.026658259832608,51.14355009579064]}},{"type":"Feature","properties":{"district":5,"street":"Bezpieczna","number":"6b","postal_code":"51-114","source_objectid":39294},"geometry":{"type":"Point","coordinates":[17.025097351374036,51.14097279711276]}},{"type":"Feature","properties":{"district":1,"street":"bp. Ignacego Krasickiego","number":"8","postal_code":"51-144","source_objectid":39310},"geometry":{"type":"Point","coordinates":[17.056859997225313,51.13921854580795]}},{"type":"Feature","properties":{"district":1,"street":"Jana Długosza","number":"41-47","postal_code":"51-162","source_objectid":39312},"geometry":{"type":"Point","coordinates":[17.06451014460122,51.1338665991711]}},{"type":"Feature","properties":{"district":5,"street":"Chorwacka","number":"58","postal_code":"51-107","source_objectid":39337},"geometry":{"type":"Point","coordinates":[17.024065221091266,51.13891838616135]}},{"type":"Feature","properties":{"district":3,"street":"Kornela Ujejskiego","number":"35","postal_code":"51-141","source_objectid":39355},"geometry":{"type":"Point","coordinates":[17.0445498469114,51.142643698107214]}},{"type":"Feature","properties":{"district":1,"street":"Kętrzyńska","number":"27","postal_code":"51-413","source_objectid":39364},"geometry":{"type":"Point","coordinates":[17.077522520522784,51.13393734333695]}},{"type":"Feature","properties":{"district":3,"street":"Samuela Bogumiła Lindego","number":"17","postal_code":"51-138","source_objectid":39365},"geometry":{"type":"Point","coordinates":[17.03983960343313,51.138239356355385]}},{"type":"Feature","properties":{"district":2,"street":"Koszarowa","number":"64","postal_code":"51-149","source_objectid":39388},"geometry":{"type":"Point","coordinates":[17.0593041993646,51.14169746237699]}},{"type":"Feature","properties":{"district":1,"street":"Bolesława Krzywoustego","number":"83","postal_code":"51-166","source_objectid":39402},"geometry":{"type":"Point","coordinates":[17.07679445148044,51.13825928426551]}},{"type":"Feature","properties":{"district":1,"street":"Wacława Berenta","number":"67","postal_code":"51-152","source_objectid":39420},"geometry":{"type":"Point","coordinates":[17.05973079821783,51.137550935322935]}},{"type":"Feature","properties":{"district":3,"street":"Ignacego Chrzanowskiego","number":"5","postal_code":"51-147","source_objectid":39442},"geometry":{"type":"Point","coordinates":[17.052414885738912,51.14289259334444]}},{"type":"Feature","properties":{"district":5,"street":"Serbska","number":"7a","postal_code":"51-111","source_objectid":39474},"geometry":{"type":"Point","coordinates":[17.020680619410882,51.13483254684445]}},{"type":"Feature","properties":{"district":1,"street":"Władysława Orkana","number":"50","postal_code":"51-153","source_objectid":39504},"geometry":{"type":"Point","coordinates":[17.057298671371864,51.1335216426786]}},{"type":"Feature","properties":{"district":2,"street":"Sportowa","number":"21","postal_code":"51-149","source_objectid":39512},"geometry":{"type":"Point","coordinates":[17.06388406622149,51.14406285587194]}},{"type":"Feature","properties":{"district":2,"street":"Piotra Czajkowskiego","number":"49a","postal_code":"51-171","source_objectid":39529},"geometry":{"type":"Point","coordinates":[17.065285818726327,51.14027065380806]}},{"type":"Feature","properties":{"district":3,"street":"Artura Oppmana","number":"4","postal_code":"51-142","source_objectid":39537},"geometry":{"type":"Point","coordinates":[17.048572851024886,51.14202723546045]}},{"type":"Feature","properties":{"district":5,"street":"Chorwacka","number":"5","postal_code":"51-107","source_objectid":39543},"geometry":{"type":"Point","coordinates":[17.024804382663444,51.136033288997986]}},{"type":"Feature","properties":{"district":3,"street":"Henryka Michała Kamieńskiego","number":"63","postal_code":"51-124","source_objectid":39544},"geometry":{"type":"Point","coordinates":[17.042499215815567,51.146245374064975]}},{"type":"Feature","properties":{"district":2,"street":"Piotra Czajkowskiego","number":"3","postal_code":"51-171","source_objectid":39571},"geometry":{"type":"Point","coordinates":[17.069440062329072,51.13659627710455]}},{"type":"Feature","properties":{"district":3,"street":"Marii Konopnickiej","number":"9e","postal_code":"51-141","source_objectid":39625},"geometry":{"type":"Point","coordinates":[17.04368582688444,51.14078855495785]}},{"type":"Feature","properties":{"district":3,"street":"Wincentego Pola","number":"55","postal_code":"51-140","source_objectid":39639},"geometry":{"type":"Point","coordinates":[17.042774458334094,51.1412019854112]}},{"type":"Feature","properties":{"district":5,"street":"Zaułek Rogoziński","number":"13","postal_code":"51-116","source_objectid":39654},"geometry":{"type":"Point","coordinates":[17.030778709438618,51.14115659734785]}},{"type":"Feature","properties":{"district":5,"street":"Bezpieczna","number":"2","postal_code":"51-114","source_objectid":39656},"geometry":{"type":"Point","coordinates":[17.026004059162403,51.1413545010334]}},{"type":"Feature","properties":{"district":5,"street":"Czeska","number":"17","postal_code":"51-112","source_objectid":39691},"geometry":{"type":"Point","coordinates":[17.02457506376874,51.13492242091462]}},{"type":"Feature","properties":{"district":1,"street":"Jana Długosza","number":"36","postal_code":"51-162","source_objectid":39697},"geometry":{"type":"Point","coordinates":[17.062199690572573,51.1340897182819]}},{"type":"Feature","properties":{"district":1,"street":"marsz. Józefa Piłsudskiego","number":"13","postal_code":"51-152","source_objectid":39719},"geometry":{"type":"Point","coordinates":[17.055534015956926,51.1370624046492]}},{"type":"Feature","properties":{"district":1,"street":"Aleksandra Brücknera","number":"50","postal_code":"51-411","source_objectid":39733},"geometry":{"type":"Point","coordinates":[17.080386203663146,51.13780734691874]}},{"type":"Feature","properties":{"district":5,"street":"Obodrzycka","number":"3","postal_code":"51-112","source_objectid":39737},"geometry":{"type":"Point","coordinates":[17.02476215382921,51.13387334131093]}},{"type":"Feature","properties":{"district":1,"street":"Adama Asnyka","number":"14","postal_code":"51-143","source_objectid":39746},"geometry":{"type":"Point","coordinates":[17.05257023159923,51.1391269239979]}},{"type":"Feature","properties":{"district":3,"street":"Kornela Ujejskiego","number":"5","postal_code":"51-141","source_objectid":39788},"geometry":{"type":"Point","coordinates":[17.045501149705334,51.13903413275466]}},{"type":"Feature","properties":{"district":3,"street":"Włodzimierza Perzyńskiego","number":"6","postal_code":"51-141","source_objectid":39852},"geometry":{"type":"Point","coordinates":[17.04325011668699,51.14135191425064]}},{"type":"Feature","properties":{"district":1,"street":"Leopolda Staffa","number":"46","postal_code":"51-144","source_objectid":39856},"geometry":{"type":"Point","coordinates":[17.057886983064495,51.14100701383163]}},{"type":"Feature","properties":{"district":5,"street":"Bezpieczna","number":"40","postal_code":"51-114","source_objectid":39874},"geometry":{"type":"Point","coordinates":[17.021482692291126,51.13893606496415]}},{"type":"Feature","properties":{"district":3,"street":"Włodzimierza Perzyńskiego","number":"9","postal_code":"51-141","source_objectid":39881},"geometry":{"type":"Point","coordinates":[17.043506153194244,51.141583837665316]}},{"type":"Feature","properties":{"district":1,"street":"Wacława Potockiego","number":"19","postal_code":"51-153","source_objectid":39896},"geometry":{"type":"Point","coordinates":[17.05274439666072,51.13583598595068]}},{"type":"Feature","properties":{"district":3,"street":"Wincentego Pola","number":"5","postal_code":"51-140","source_objectid":39922},"geometry":{"type":"Point","coordinates":[17.043898621942198,51.13734219941066]}},{"type":"Feature","properties":{"district":5,"street":"Serbska","number":"14","postal_code":"51-111","source_objectid":39958},"geometry":{"type":"Point","coordinates":[17.019063993671175,51.135750893777214]}},{"type":"Feature","properties":{"district":1,"street":"Galla Anonima","number":"2c","postal_code":"51-162","source_objectid":40004},"geometry":{"type":"Point","coordinates":[17.059487078109125,51.131125056987784]}},{"type":"Feature","properties":{"district":1,"street":"Bolesława Leśmiana","number":"5","postal_code":"51-141","source_objectid":40023},"geometry":{"type":"Point","coordinates":[17.048670524701848,51.140318515185754]}},{"type":"Feature","properties":{"district":1,"street":"Stanisława Piętaka","number":"14","postal_code":"51-141","source_objectid":40026},"geometry":{"type":"Point","coordinates":[17.049506636418712,51.138240210815034]}},{"type":"Feature","properties":{"district":1,"street":"Franciszka Karpińskiego","number":"21","postal_code":"51-144","source_objectid":40030},"geometry":{"type":"Point","coordinates":[17.05503699256472,51.139909975521384]}},{"type":"Feature","properties":{"district":3,"street":"Stanisława Grochowiaka","number":"1a","postal_code":"51-142","source_objectid":40078},"geometry":{"type":"Point","coordinates":[17.04622645505857,51.14316288816106]}},{"type":"Feature","properties":{"district":2,"street":"Sportowa","number":"34","postal_code":"51-149","source_objectid":40106},"geometry":{"type":"Point","coordinates":[17.063502291751053,51.14495182222015]}},{"type":"Feature","properties":{"district":4,"street":"Obornicka","number":"30","postal_code":"51-113","source_objectid":40114},"geometry":{"type":"Point","coordinates":[17.03290001056383,51.13536504413668]}},{"type":"Feature","properties":{"district":1,"street":"Leopolda Staffa","number":"38","postal_code":"51-144","source_objectid":40115},"geometry":{"type":"Point","coordinates":[17.057075710585888,51.14072970810986]}},{"type":"Feature","properties":{"district":1,"street":"Zenona Miriama Przesmyckiego","number":"27","postal_code":"51-151","source_objectid":40122},"geometry":{"type":"Point","coordinates":[17.066075944573686,51.137673810832275]}},{"type":"Feature","properties":{"district":1,"street":"Adama Asnyka","number":"10","postal_code":"51-143","source_objectid":40146},"geometry":{"type":"Point","coordinates":[17.052670404914373,51.138804962405345]}},{"type":"Feature","properties":{"district":2,"street":"Piotra Czajkowskiego","number":"63a","postal_code":"51-171","source_objectid":40183},"geometry":{"type":"Point","coordinates":[17.064205001724755,51.13980480705179]}},{"type":"Feature","properties":{"district":5,"street":"Jugosłowiańska","number":"42","postal_code":"51-112","source_objectid":40201},"geometry":{"type":"Point","coordinates":[17.02753970876361,51.1342587539968]}},{"type":"Feature","properties":{"district":5,"street":"Jugosłowiańska","number":"99","postal_code":"51-112","source_objectid":40224},"geometry":{"type":"Point","coordinates":[17.021833855280466,51.137880901744]}},{"type":"Feature","properties":{"district":4,"street":"Obornicka","number":"136","postal_code":"51-114","source_objectid":40231},"geometry":{"type":"Point","coordinates":[17.01958745780672,51.14833834543566]}},{"type":"Feature","properties":{"district":3,"street":"Wincentego Pola","number":"12","postal_code":"51-140","source_objectid":40235},"geometry":{"type":"Point","coordinates":[17.04345829001218,51.13761370897063]}},{"type":"Feature","properties":{"district":3,"street":"Władysława Syrokomli","number":"53","postal_code":"51-141","source_objectid":40256},"geometry":{"type":"Point","coordinates":[17.047479556917946,51.14215016052422]}},{"type":"Feature","properties":{"district":4,"street":"Na Polance","number":"10","postal_code":"51-109","source_objectid":40263},"geometry":{"type":"Point","coordinates":[17.033191459531686,51.13318169932066]}},{"type":"Feature","properties":{"district":3,"street":"Henryka Michała Kamieńskiego","number":"94","postal_code":"51-124","source_objectid":40373},"geometry":{"type":"Point","coordinates":[17.041346584392674,51.1467778274611]}},{"type":"Feature","properties":{"district":1,"street":"Władysława Orkana","number":"46","postal_code":"51-153","source_objectid":40402},"geometry":{"type":"Point","coordinates":[17.056779001551824,51.13353494639382]}},{"type":"Feature","properties":{"district":2,"street":"Piotra Czajkowskiego","number":"5","postal_code":"51-171","source_objectid":40418},"geometry":{"type":"Point","coordinates":[17.06930783583658,51.136714067902155]}},{"type":"Feature","properties":{"district":3,"street":"Władysława Syrokomli","number":"9","postal_code":"51-141","source_objectid":40419},"geometry":{"type":"Point","coordinates":[17.04814333996804,51.13879920135061]}},{"type":"Feature","properties":{"district":3,"street":"Kornela Ujejskiego","number":"32","postal_code":"51-141","source_objectid":40425},"geometry":{"type":"Point","coordinates":[17.04429880505753,51.14227317963294]}},{"type":"Feature","properties":{"district":4,"street":"Zawalna","number":"25b","postal_code":"51-139","source_objectid":40428},"geometry":{"type":"Point","coordinates":[17.04096747305534,51.13567172736658]}},{"type":"Feature","properties":{"district":1,"street":"gen. Józefa Wybickiego","number":"16","postal_code":"51-144","source_objectid":40436},"geometry":{"type":"Point","coordinates":[17.054487333149154,51.139443106082844]}},{"type":"Feature","properties":{"district":3,"street":"Henryka Michała Kamieńskiego","number":"60a","postal_code":"51-124","source_objectid":40477},"geometry":{"type":"Point","coordinates":[17.03993565788583,51.14464451291634]}},{"type":"Feature","properties":{"district":1,"street":"Juliana Klaczki","number":"48","postal_code":"51-151","source_objectid":40494},"geometry":{"type":"Point","coordinates":[17.064106669364712,51.1373999850628]}},{"type":"Feature","properties":{"district":5,"street":"Bezpieczna","number":"77","postal_code":"51-114","source_objectid":40517},"geometry":{"type":"Point","coordinates":[17.020272708309662,51.13922703461247]}},{"type":"Feature","properties":{"district":4,"street":"Zawalna","number":"9","postal_code":"51-118","source_objectid":40530},"geometry":{"type":"Point","coordinates":[17.03818238332513,51.13482675149454]}},{"type":"Feature","properties":{"district":1,"street":"Wacława Berenta","number":"62","postal_code":"51-152","source_objectid":40537},"geometry":{"type":"Point","coordinates":[17.059377224861613,51.137805456501006]}},{"type":"Feature","properties":{"district":4,"street":"Zawalna","number":"25","postal_code":"51-139","source_objectid":40548},"geometry":{"type":"Point","coordinates":[17.040767373327,51.13509459570773]}},{"type":"Feature","properties":{"district":3,"street":"Tadeusza Gajcego","number":"10","postal_code":"51-143","source_objectid":40565},"geometry":{"type":"Point","coordinates":[17.048801710832745,51.139493789257145]}},{"type":"Feature","properties":{"district":1,"street":"Jana Długosza","number":"5","postal_code":"51-162","source_objectid":40575},"geometry":{"type":"Point","coordinates":[17.059570721597208,51.13157986869739]}},{"type":"Feature","properties":{"district":5,"street":"Jugosłowiańska","number":"49","postal_code":"51-112","source_objectid":40603},"geometry":{"type":"Point","coordinates":[17.02711283061562,51.1347598831916]}},{"type":"Feature","properties":{"district":4,"street":"Obornicka","number":"113a","postal_code":"51-114","source_objectid":40640},"geometry":{"type":"Point","coordinates":[17.02532819186991,51.1435584187174]}},{"type":"Feature","properties":{"district":4,"street":"ks. Norberta Bonczyka","number":"12a","postal_code":"51-138","source_objectid":40645},"geometry":{"type":"Point","coordinates":[17.038622179794547,51.1358017806811]}},{"type":"Feature","properties":{"district":4,"street":"Na Polance","number":"2","postal_code":"51-109","source_objectid":40653},"geometry":{"type":"Point","coordinates":[17.03512282184323,51.13403164761827]}},{"type":"Feature","properties":{"district":5,"street":"Bułgarska","number":"4a","postal_code":"51-112","source_objectid":40658},"geometry":{"type":"Point","coordinates":[17.026824962523083,51.13515879554078]}},{"type":"Feature","properties":{"district":3,"street":"Jana Brzechwy","number":"62","postal_code":"51-141","source_objectid":40667},"geometry":{"type":"Point","coordinates":[17.045709617694317,51.14176996176048]}},{"type":"Feature","properties":{"district":5,"street":"Jugosłowiańska","number":"65","postal_code":"51-112","source_objectid":40676},"geometry":{"type":"Point","coordinates":[17.024436246707804,51.13565419913687]}},{"type":"Feature","properties":{"district":5,"street":"Morawska","number":"28","postal_code":"51-111","source_objectid":40690},"geometry":{"type":"Point","coordinates":[17.019176579844313,51.137161426235025]}},{"type":"Feature","properties":{"district":3,"street":"Władysława Syrokomli","number":"21","postal_code":"51-141","source_objectid":40697},"geometry":{"type":"Point","coordinates":[17.048364360372876,51.139620621667675]}},{"type":"Feature","properties":{"district":3,"street":"Kazimierza Brodzińskiego","number":"6","postal_code":"51-112","source_objectid":40705},"geometry":{"type":"Point","coordinates":[17.0367700043978,51.14133604009361]}},{"type":"Feature","properties":{"district":4,"street":"ks. Norberta Bonczyka","number":"34b","postal_code":"51-138","source_objectid":40707},"geometry":{"type":"Point","coordinates":[17.038641427111187,51.13947985659619]}},{"type":"Feature","properties":{"district":1,"street":"bp. Ignacego Krasickiego","number":"21a","postal_code":"51-144","source_objectid":40716},"geometry":{"type":"Point","coordinates":[17.05608729512517,51.14064215875854]}},{"type":"Feature","properties":{"district":5,"street":"Słowacka","number":"1","postal_code":"51-111","source_objectid":40729},"geometry":{"type":"Point","coordinates":[17.019091500673415,51.13493289418761]}},{"type":"Feature","properties":{"district":3,"street":"Henryka Michała Kamieńskiego","number":"28a","postal_code":"51-124","source_objectid":40760},"geometry":{"type":"Point","coordinates":[17.03637147560769,51.142255562244635]}},{"type":"Feature","properties":{"district":1,"street":"Marcina Kromera","number":"23c","postal_code":"51-163","source_objectid":40788},"geometry":{"type":"Point","coordinates":[17.06621404125073,51.132501187435764]}},{"type":"Feature","properties":{"district":2,"street":"Koszarowa","number":"44","postal_code":"51-149","source_objectid":40824},"geometry":{"type":"Point","coordinates":[17.06106708959967,51.14205425917822]}},{"type":"Feature","properties":{"district":1,"street":"Jana Długosza","number":"27","postal_code":"51-162","source_objectid":40827},"geometry":{"type":"Point","coordinates":[17.06221909158189,51.13303322215983]}},{"type":"Feature","properties":{"district":1,"street":"Adama Asnyka","number":"3","postal_code":"51-143","source_objectid":40830},"geometry":{"type":"Point","coordinates":[17.053305929644086,51.13823177792265]}},{"type":"Feature","properties":{"district":1,"street":"Tadeusza Zelenaya","number":"4","postal_code":"51-140","source_objectid":40846},"geometry":{"type":"Point","coordinates":[17.0475883929367,51.13796620678579]}},{"type":"Feature","properties":{"district":4,"street":"Kępińska","number":"7b","postal_code":"51-132","source_objectid":40864},"geometry":{"type":"Point","coordinates":[17.034133303374198,51.14514228310668]}},{"type":"Feature","properties":{"district":1,"street":"Franciszka Karpińskiego","number":"30","postal_code":"51-144","source_objectid":40871},"geometry":{"type":"Point","coordinates":[17.05431860643929,51.14029177512366]}},{"type":"Feature","properties":{"district":1,"street":"Ludwika Nabielaka","number":"24","postal_code":"51-140","source_objectid":40875},"geometry":{"type":"Point","coordinates":[17.047179373927232,51.138695018803595]}},{"type":"Feature","properties":{"district":2,"street":"Jana Kasprowicza","number":"78","postal_code":"51-145","source_objectid":40876},"geometry":{"type":"Point","coordinates":[17.05425656540054,51.13821996165509]}},{"type":"Feature","properties":{"district":1,"street":"Ludwika Nabielaka","number":"15","postal_code":"51-140","source_objectid":40884},"geometry":{"type":"Point","coordinates":[17.046265819477444,51.13842817623956]}},{"type":"Feature","properties":{"district":3,"street":"Henryka Michała Kamieńskiego","number":"39","postal_code":"51-124","source_objectid":40907},"geometry":{"type":"Point","coordinates":[17.03814335065577,51.14277021467868]}},{"type":"Feature","properties":{"district":4,"street":"Jana Kasprowicza","number":"17","postal_code":"51-136","source_objectid":40913},"geometry":{"type":"Point","coordinates":[17.03966746617584,51.13601428999607]}},{"type":"Feature","properties":{"district":3,"street":"Henryka Michała Kamieńskiego","number":"3","postal_code":"51-124","source_objectid":40989},"geometry":{"type":"Point","coordinates":[17.03359369370999,51.14030518993394]}},{"type":"Feature","properties":{"district":1,"street":"Toruńska","number":"2b","postal_code":"51-164","source_objectid":41008},"geometry":{"type":"Point","coordinates":[17.06649480013481,51.13190924940216]}},{"type":"Feature","properties":{"district":4,"street":"ks. Norberta Bonczyka","number":"4","postal_code":"51-138","source_objectid":41030},"geometry":{"type":"Point","coordinates":[17.03882559241764,51.135106152184306]}},{"type":"Feature","properties":{"district":4,"street":"Władysława Broniewskiego","number":"3","postal_code":"51-120","source_objectid":41079},"geometry":{"type":"Point","coordinates":[17.034594741714074,51.136259160503336]}},{"type":"Feature","properties":{"district":2,"street":"Sportowa","number":"32","postal_code":"51-149","source_objectid":41081},"geometry":{"type":"Point","coordinates":[17.063460725042784,51.14489778535978]}},{"type":"Feature","properties":{"district":5,"street":"Łużycka","number":"24","postal_code":"51-111","source_objectid":41090},"geometry":{"type":"Point","coordinates":[17.018783173807563,51.1380827039213]}},{"type":"Feature","properties":{"district":2,"street":"Jana Kasprowicza","number":"102","postal_code":"51-145","source_objectid":41108},"geometry":{"type":"Point","coordinates":[17.05875742053769,51.138731018821645]}},{"type":"Feature","properties":{"district":1,"street":"Tadeusza Zelenaya","number":"9a","postal_code":"51-140","source_objectid":41117},"geometry":{"type":"Point","coordinates":[17.04687280019967,51.13825107523566]}},{"type":"Feature","properties":{"district":1,"street":"Władysława Orkana","number":"14","postal_code":"51-153","source_objectid":41123},"geometry":{"type":"Point","coordinates":[17.05237519585617,51.13537569168147]}},{"type":"Feature","properties":{"district":4,"street":"Żmigrodzka","number":"121","postal_code":"51-130","source_objectid":41127},"geometry":{"type":"Point","coordinates":[17.03154888771458,51.144936723037965]}},{"type":"Feature","properties":{"district":5,"street":"Jugosłowiańska","number":"124a","postal_code":"51-112","source_objectid":41141},"geometry":{"type":"Point","coordinates":[17.020299941162605,51.137569111040044]}},{"type":"Feature","properties":{"district":5,"street":"Morawska","number":"7","postal_code":"51-111","source_objectid":41196},"geometry":{"type":"Point","coordinates":[17.022462482292017,51.13532628890165]}},{"type":"Feature","properties":{"district":1,"street":"Kętrzyńska","number":"54a","postal_code":"51-413","source_objectid":41215},"geometry":{"type":"Point","coordinates":[17.07865900687192,51.13466798645669]}},{"type":"Feature","properties":{"district":1,"street":"bp. Ignacego Krasickiego","number":"19a","postal_code":"51-144","source_objectid":41235},"geometry":{"type":"Point","coordinates":[17.056355335072656,51.140460726398935]}},{"type":"Feature","properties":{"district":1,"street":"Wacława Berenta","number":"57a","postal_code":"51-152","source_objectid":41246},"geometry":{"type":"Point","coordinates":[17.059400065796083,51.1371624135396]}},{"type":"Feature","properties":{"district":5,"street":"Chorwacka","number":"70","postal_code":"51-107","source_objectid":41260},"geometry":{"type":"Point","coordinates":[17.02429394672039,51.13922391124461]}},{"type":"Feature","properties":{"district":5,"street":"Bałkańska","number":"9","postal_code":"51-111","source_objectid":41262},"geometry":{"type":"Point","coordinates":[17.018350041220554,51.135875558957]}},{"type":"Feature","properties":{"district":1,"street":"Kętrzyńska","number":"34","postal_code":"51-413","source_objectid":41288},"geometry":{"type":"Point","coordinates":[17.078336718483612,51.13456247973126]}},{"type":"Feature","properties":{"district":2,"street":"Sportowa","number":"2","postal_code":"51-149","source_objectid":41309},"geometry":{"type":"Point","coordinates":[17.06225877660166,51.14263388850145]}},{"type":"Feature","properties":{"district":4,"street":"Obornicka","number":"70a","postal_code":"51-114","source_objectid":41326},"geometry":{"type":"Point","coordinates":[17.0272851976853,51.13867823149946]}},{"type":"Feature","properties":{"district":1,"street":"Zenona Miriama Przesmyckiego","number":"15","postal_code":"51-151","source_objectid":41328},"geometry":{"type":"Point","coordinates":[17.06366988917492,51.13754980721897]}},{"type":"Feature","properties":{"district":3,"street":"Kornela Ujejskiego","number":"9","postal_code":"51-141","source_objectid":41334},"geometry":{"type":"Point","coordinates":[17.04538359518712,51.139488292004486]}},{"type":"Feature","properties":{"district":3,"street":"Włodzimierza Perzyńskiego","number":"7","postal_code":"51-141","source_objectid":41349},"geometry":{"type":"Point","coordinates":[17.043513809902585,51.14150100679653]}},{"type":"Feature","properties":{"district":2,"street":"Stanisława Przybyszewskiego","number":"9","postal_code":"51-151","source_objectid":41362},"geometry":{"type":"Point","coordinates":[17.060070819940123,51.13495946499556]}},{"type":"Feature","properties":{"district":5,"street":"Bezpieczna","number":"34","postal_code":"51-114","source_objectid":41399},"geometry":{"type":"Point","coordinates":[17.022185368687573,51.138997965564904]}},{"type":"Feature","properties":{"district":1,"street":"Tadeusza Zelenaya","number":"7","postal_code":"51-140","source_objectid":41457},"geometry":{"type":"Point","coordinates":[17.047153818881398,51.138117738349926]}},{"type":"Feature","properties":{"district":1,"street":"Jana Długosza","number":"19a","postal_code":"51-162","source_objectid":41465},"geometry":{"type":"Point","coordinates":[17.060852191442365,51.13231162177802]}},{"type":"Feature","properties":{"district":1,"street":"Wacława Berenta","number":"42","postal_code":"51-152","source_objectid":41469},"geometry":{"type":"Point","coordinates":[17.05864094144967,51.1370583455904]}},{"type":"Feature","properties":{"district":1,"street":"Poprzeczna","number":"33a","postal_code":"51-167","source_objectid":41497},"geometry":{"type":"Point","coordinates":[17.081491635437658,51.14143545428508]}},{"type":"Feature","properties":{"district":1,"street":"Wacława Potockiego","number":"15","postal_code":"51-153","source_objectid":41539},"geometry":{"type":"Point","coordinates":[17.052430269308207,51.13597575628064]}},{"type":"Feature","properties":{"district":5,"street":"Obodrzycka","number":"1a","postal_code":"51-112","source_objectid":41544},"geometry":{"type":"Point","coordinates":[17.02446136684242,51.133706177943395]}},{"type":"Feature","properties":{"district":1,"street":"Bolesława Krzywoustego","number":"87a","postal_code":"51-166","source_objectid":41615},"geometry":{"type":"Point","coordinates":[17.07758325302263,51.13818073607642]}},{"type":"Feature","properties":{"district":1,"street":"Tadeusza Boya-Żeleńskiego","number":"71a","postal_code":"51-162","source_objectid":41629},"geometry":{"type":"Point","coordinates":[17.062123560709015,51.13245146432006]}},{"type":"Feature","properties":{"district":1,"street":"Franciszka Karpińskiego","number":"24","postal_code":"51-144","source_objectid":41636},"geometry":{"type":"Point","coordinates":[17.054459842642068,51.140108872207584]}},{"type":"Feature","properties":{"district":4,"street":"Obornicka","number":"205","postal_code":"51-114","source_objectid":41660},"geometry":{"type":"Point","coordinates":[17.016361122091666,51.15299396170588]}},{"type":"Feature","properties":{"district":1,"street":"Tadeusza Boya-Żeleńskiego","number":"43a","postal_code":"51-160","source_objectid":41663},"geometry":{"type":"Point","coordinates":[17.057418088074744,51.13484738226981]}},{"type":"Feature","properties":{"district":5,"street":"Serbska","number":"29a","postal_code":"51-111","source_objectid":41673},"geometry":{"type":"Point","coordinates":[17.017878493580767,51.1369788478437]}},{"type":"Feature","properties":{"district":1,"street":"Wacława Potockiego","number":"36","postal_code":"51-153","source_objectid":41677},"geometry":{"type":"Point","coordinates":[17.055177732663452,51.135118923504336]}},{"type":"Feature","properties":{"district":4,"street":"Żmigrodzka","number":"143","postal_code":"51-130","source_objectid":41728},"geometry":{"type":"Point","coordinates":[17.031204330828608,51.146991535624196]}},{"type":"Feature","properties":{"district":3,"street":"Krzysztofa Kamila Baczyńskiego","number":"22","postal_code":"51-122","source_objectid":41759},"geometry":{"type":"Point","coordinates":[17.038649234250826,51.14234850765819]}},{"type":"Feature","properties":{"district":3,"street":"Ignacego Chrzanowskiego","number":"102","postal_code":"51-141","source_objectid":41769},"geometry":{"type":"Point","coordinates":[17.042907000780357,51.14236090903855]}},{"type":"Feature","properties":{"district":1,"street":"Bolesława Krzywoustego","number":"52","postal_code":"51-165","source_objectid":41799},"geometry":{"type":"Point","coordinates":[17.075219336245745,51.13826141215191]}},{"type":"Feature","properties":{"district":4,"street":"Obornicka","number":"6","postal_code":"51-113","source_objectid":41829},"geometry":{"type":"Point","coordinates":[17.034834383601694,51.1343737242236]}},{"type":"Feature","properties":{"district":1,"street":"Łąka Mazurska","number":"3","postal_code":"51-164","source_objectid":41846},"geometry":{"type":"Point","coordinates":[17.06471164427908,51.13044241918175]}},{"type":"Feature","properties":{"district":1,"street":"Tadeusza Boya-Żeleńskiego","number":"3","postal_code":"51-160","source_objectid":41850},"geometry":{"type":"Point","coordinates":[17.052759705798266,51.13717918078744]}},{"type":"Feature","properties":{"district":1,"street":"Bolesława Krzywoustego","number":"1","postal_code":"51-165","source_objectid":41897},"geometry":{"type":"Point","coordinates":[17.072044591807195,51.13612907748053]}},{"type":"Feature","properties":{"district":1,"street":"Bolesława Krzywoustego","number":"104","postal_code":"51-166","source_objectid":41901},"geometry":{"type":"Point","coordinates":[17.08067626871475,51.139585563938326]}},{"type":"Feature","properties":{"district":3,"street":"Tadeusza Gajcego","number":"3","postal_code":"51-143","source_objectid":41916},"geometry":{"type":"Point","coordinates":[17.0483879271213,51.13907467826316]}},{"type":"Feature","properties":{"district":1,"street":"marsz. Józefa Piłsudskiego","number":"7","postal_code":"51-152","source_objectid":41925},"geometry":{"type":"Point","coordinates":[17.055784376629184,51.137464456282714]}},{"type":"Feature","properties":{"district":3,"street":"Kazimierza Brodzińskiego","number":"7","postal_code":"51-112","source_objectid":41950},"geometry":{"type":"Point","coordinates":[17.03726498083371,51.14127708024001]}},{"type":"Feature","properties":{"district":5,"street":"Serbska","number":"9","postal_code":"51-111","source_objectid":41967},"geometry":{"type":"Point","coordinates":[17.020576512654735,51.13517026173938]}},{"type":"Feature","properties":{"district":4,"street":"ks. Norberta Bonczyka","number":"8","postal_code":"51-138","source_objectid":41971},"geometry":{"type":"Point","coordinates":[17.038809204572956,51.135377918568345]}},{"type":"Feature","properties":{"district":3,"street":"Marii Konopnickiej","number":"47","postal_code":"51-142","source_objectid":41975},"geometry":{"type":"Point","coordinates":[17.053321605474704,51.14156226037877]}},{"type":"Feature","properties":{"district":5,"street":"Morawska","number":"3b","postal_code":"51-111","source_objectid":41984},"geometry":{"type":"Point","coordinates":[17.023321167354638,51.1351002893446]}},{"type":"Feature","properties":{"district":1,"street":"Marcina Kromera","number":"23d","postal_code":"51-163","source_objectid":41987},"geometry":{"type":"Point","coordinates":[17.06629695515096,51.13239764150434]}},{"type":"Feature","properties":{"district":3,"street":"Wincentego Pola","number":"36","postal_code":"51-140","source_objectid":42006},"geometry":{"type":"Point","coordinates":[17.04257310111717,51.140217148879586]}},{"type":"Feature","properties":{"district":1,"street":"Bolesława Krzywoustego","number":"23","postal_code":"51-165","source_objectid":42010},"geometry":{"type":"Point","coordinates":[17.071514049950547,51.136553537363746]}},{"type":"Feature","properties":{"district":3,"street":"Ignacego Chrzanowskiego","number":"56","postal_code":"51-141","source_objectid":42015},"geometry":{"type":"Point","coordinates":[17.04757017540182,51.1427320246869]}},{"type":"Feature","properties":{"district":4,"street":"Jana Kasprowicza","number":"23","postal_code":"51-136","source_objectid":42016},"geometry":{"type":"Point","coordinates":[17.040860355220563,51.13596803781241]}},{"type":"Feature","properties":{"district":5,"street":"Jugosłowiańska","number":"104a","postal_code":"51-112","source_objectid":42037},"geometry":{"type":"Point","coordinates":[17.021573947454268,51.13665991842593]}},{"type":"Feature","properties":{"district":5,"street":"Łużycka","number":"12","postal_code":"51-111","source_objectid":42092},"geometry":{"type":"Point","coordinates":[17.017529036941838,51.13720309943235]}},{"type":"Feature","properties":{"district":2,"street":"Jana Kasprowicza","number":"81","postal_code":"51-136","source_objectid":42103},"geometry":{"type":"Point","coordinates":[17.051550056407155,51.13743091274936]}},{"type":"Feature","properties":{"district":5,"street":"Czeska","number":"25","postal_code":"51-112","source_objectid":42115},"geometry":{"type":"Point","coordinates":[17.025945462924575,51.13570996525952]}},{"type":"Feature","properties":{"district":1,"street":"Wacława Berenta","number":"7a","postal_code":"51-152","source_objectid":42118},"geometry":{"type":"Point","coordinates":[17.057122478793723,51.13429927398028]}},{"type":"Feature","properties":{"district":5,"street":"Serbska","number":"23a","postal_code":"51-111","source_objectid":42122},"geometry":{"type":"Point","coordinates":[17.018555166043463,51.13648504476385]}},{"type":"Feature","properties":{"district":5,"street":"Morawska","number":"10a","postal_code":"51-111","source_objectid":42142},"geometry":{"type":"Point","coordinates":[17.02182875542338,51.13542625902646]}},{"type":"Feature","properties":{"district":3,"street":"Maurycego Mochnackiego","number":"27","postal_code":"51-122","source_objectid":42151},"geometry":{"type":"Point","coordinates":[17.037906220336264,51.1423770619444]}},{"type":"Feature","properties":{"district":4,"street":"ks. Norberta Bonczyka","number":"30","postal_code":"51-138","source_objectid":42156},"geometry":{"type":"Point","coordinates":[17.037749478874016,51.1379100034241]}},{"type":"Feature","properties":{"district":3,"street":"Ignacego Chrzanowskiego","number":"64","postal_code":"51-141","source_objectid":42159},"geometry":{"type":"Point","coordinates":[17.04655613512725,51.14274736027719]}},{"type":"Feature","properties":{"district":1,"street":"Władysława Orkana","number":"71b","postal_code":"51-153","source_objectid":42200},"geometry":{"type":"Point","coordinates":[17.058716327697493,51.13391881627029]}},{"type":"Feature","properties":{"district":3,"street":"Kornela Makuszyńskiego","number":"6","postal_code":"51-142","source_objectid":42212},"geometry":{"type":"Point","coordinates":[17.052232435497306,51.142122087618574]}},{"type":"Feature","properties":{"district":3,"street":"Jana Brzechwy","number":"20","postal_code":"51-141","source_objectid":42220},"geometry":{"type":"Point","coordinates":[17.04610079827022,51.14022080369701]}},{"type":"Feature","properties":{"district":2,"street":"Jana Kasprowicza","number":"50a","postal_code":"51-137","source_objectid":42229},"geometry":{"type":"Point","coordinates":[17.04777205075151,51.137426696439285]}},{"type":"Feature","properties":{"district":3,"street":"Wincentego Pola","number":"17","postal_code":"51-140","source_objectid":42234},"geometry":{"type":"Point","coordinates":[17.043748139791905,51.13816748626213]}},{"type":"Feature","properties":{"district":5,"street":"Jugosłowiańska","number":"75","postal_code":"51-112","source_objectid":42259},"geometry":{"type":"Point","coordinates":[17.023588490553845,51.13719830820983]}},{"type":"Feature","properties":{"district":2,"street":"Koszarowa","number":"6h","postal_code":"51-149","source_objectid":42263},"geometry":{"type":"Point","coordinates":[17.06748021453672,51.14048952085325]}},{"type":"Feature","properties":{"district":3,"street":"Henryka Michała Kamieńskiego","number":"108","postal_code":"51-124","source_objectid":42269},"geometry":{"type":"Point","coordinates":[17.040997071730573,51.14742321373961]}},{"type":"Feature","properties":{"district":3,"street":"Ignacego Chrzanowskiego","number":"23","postal_code":"51-141","source_objectid":42292},"geometry":{"type":"Point","coordinates":[17.050804297792073,51.14355937438]}},{"type":"Feature","properties":{"district":1,"street":"Bolesława Krzywoustego","number":"63a","postal_code":"51-165","source_objectid":42302},"geometry":{"type":"Point","coordinates":[17.074601106348833,51.137764429630685]}},{"type":"Feature","properties":{"district":2,"street":"Jana Kasprowicza","number":"84","postal_code":"51-145","source_objectid":42312},"geometry":{"type":"Point","coordinates":[17.055364882687936,51.13835390186368]}},{"type":"Feature","properties":{"district":1,"street":"Bolesława Leśmiana","number":"6","postal_code":"51-141","source_objectid":42315},"geometry":{"type":"Point","coordinates":[17.048335682007153,51.14008410998997]}},{"type":"Feature","properties":{"district":2,"street":"Jana Kasprowicza","number":"106","postal_code":"51-145","source_objectid":42319},"geometry":{"type":"Point","coordinates":[17.059630641735037,51.13885511084186]}},{"type":"Feature","properties":{"district":5,"street":"Morawska","number":"32","postal_code":"51-111","source_objectid":42340},"geometry":{"type":"Point","coordinates":[17.018633776506288,51.13755569004051]}},{"type":"Feature","properties":{"district":5,"street":"Bezpieczna","number":"5a","postal_code":"51-114","source_objectid":42363},"geometry":{"type":"Point","coordinates":[17.024357888125344,51.14139890723582]}},{"type":"Feature","properties":{"district":1,"street":"Leopolda Staffa","number":"6","postal_code":"51-144","source_objectid":42378},"geometry":{"type":"Point","coordinates":[17.05858351775704,51.139147605791635]}},{"type":"Feature","properties":{"district":3,"street":"Henryka Michała Kamieńskiego","number":"57a","postal_code":"51-124","source_objectid":42393},"geometry":{"type":"Point","coordinates":[17.04223159097525,51.14606344404098]}},{"type":"Feature","properties":{"district":2,"street":"Sołtysowicka","number":"19b","postal_code":"51-168","source_objectid":42402},"geometry":{"type":"Point","coordinates":[17.071916441710542,51.140501713931855]}},{"type":"Feature","properties":{"district":5,"street":"Serbska","number":"4a","postal_code":"51-111","source_objectid":42410},"geometry":{"type":"Point","coordinates":[17.020314172847797,51.134599144468005]}},{"type":"Feature","properties":{"district":1,"street":"Władysława Orkana","number":"35","postal_code":"51-153","source_objectid":42418},"geometry":{"type":"Point","coordinates":[17.054765549235977,51.133967893655814]}},{"type":"Feature","properties":{"district":1,"street":"Toruńska","number":"9-29","postal_code":"51-164","source_objectid":42431},"geometry":{"type":"Point","coordinates":[17.067691224893284,51.131379190156636]}},{"type":"Feature","properties":{"district":3,"street":"Henryka Michała Kamieńskiego","number":"144","postal_code":"51-124","source_objectid":42454},"geometry":{"type":"Point","coordinates":[17.042322700108976,51.14904397490784]}},{"type":"Feature","properties":{"district":1,"street":"Tadeusza Boya-Żeleńskiego","number":"17","postal_code":"51-160","source_objectid":42465},"geometry":{"type":"Point","coordinates":[17.054003063269118,51.13655062942567]}},{"type":"Feature","properties":{"district":2,"street":"Jana Kasprowicza","number":"42-44","postal_code":"51-137","source_objectid":42466},"geometry":{"type":"Point","coordinates":[17.045702424773708,51.13762003196323]}},{"type":"Feature","properties":{"district":5,"street":"Jugosłowiańska","number":"100","postal_code":"51-112","source_objectid":42495},"geometry":{"type":"Point","coordinates":[17.02208994367563,51.13677061785645]}},{"type":"Feature","properties":{"district":4,"street":"Żmigrodzka","number":"34","postal_code":"51-120","source_objectid":42534},"geometry":{"type":"Point","coordinates":[17.034819333706402,51.13721039363153]}},{"type":"Feature","properties":{"district":3,"street":"Wincentego Pola","number":"11","postal_code":"51-140","source_objectid":42543},"geometry":{"type":"Point","coordinates":[17.04376092489069,51.137705630811666]}},{"type":"Feature","properties":{"district":1,"street":"Tadeusza Zelenaya","number":"9","postal_code":"51-140","source_objectid":42546},"geometry":{"type":"Point","coordinates":[17.046852674882008,51.138088971752005]}},{"type":"Feature","properties":{"district":3,"street":"Roberta Kocha","number":"3a","postal_code":"51-112","source_objectid":42548},"geometry":{"type":"Point","coordinates":[17.040411649974658,51.14212907056712]}},{"type":"Feature","properties":{"district":1,"street":"gen. Józefa Wybickiego","number":"18","postal_code":"51-144","source_objectid":42549},"geometry":{"type":"Point","coordinates":[17.054858204359768,51.13955756634297]}},{"type":"Feature","properties":{"district":3,"street":"Jana Brzechwy","number":"30","postal_code":"51-141","source_objectid":42566},"geometry":{"type":"Point","coordinates":[17.046035370244642,51.14049088523466]}},{"type":"Feature","properties":{"district":2,"street":"Piotra Czajkowskiego","number":"37a","postal_code":"51-171","source_objectid":42599},"geometry":{"type":"Point","coordinates":[17.06725143074081,51.13996398753387]}},{"type":"Feature","properties":{"district":3,"street":"Jana Brzechwy","number":"55","postal_code":"51-141","source_objectid":42625},"geometry":{"type":"Point","coordinates":[17.046210501538212,51.14140667698394]}},{"type":"Feature","properties":{"district":4,"street":"Obornicka","number":"35","postal_code":"51-113","source_objectid":42628},"geometry":{"type":"Point","coordinates":[17.031169247402946,51.13733037616509]}},{"type":"Feature","properties":{"district":4,"street":"Obornicka","number":"29","postal_code":"51-113","source_objectid":42629},"geometry":{"type":"Point","coordinates":[17.031273604945188,51.13694240207458]}},{"type":"Feature","properties":{"district":3,"street":"Artura Oppmana","number":"5","postal_code":"51-142","source_objectid":42636},"geometry":{"type":"Point","coordinates":[17.04873662297268,51.142445048556446]}},{"type":"Feature","properties":{"district":5,"street":"Czeska","number":"30","postal_code":"51-112","source_objectid":42644},"geometry":{"type":"Point","coordinates":[17.0260340879845,51.13641391052435]}},{"type":"Feature","properties":{"district":5,"street":"Chorwacka","number":"12","postal_code":"51-107","source_objectid":42645},"geometry":{"type":"Point","coordinates":[17.02442377212723,51.13677901624745]}},{"type":"Feature","properties":{"district":1,"street":"Leopolda Staffa","number":"12","postal_code":"51-144","source_objectid":42671},"geometry":{"type":"Point","coordinates":[17.058583269059056,51.13964952217964]}},{"type":"Feature","properties":{"district":4,"street":"Żmigrodzka","number":"93","postal_code":"51-130","source_objectid":42687},"geometry":{"type":"Point","coordinates":[17.03208091068446,51.142659123800506]}},{"type":"Feature","properties":{"district":5,"street":"Jugosłowiańska","number":"70","postal_code":"51-112","source_objectid":42711},"geometry":{"type":"Point","coordinates":[17.024043460505357,51.135394788501145]}},{"type":"Feature","properties":{"district":5,"street":"Bezpieczna","number":"3","postal_code":"51-114","source_objectid":42741},"geometry":{"type":"Point","coordinates":[17.02519775929111,51.14141091772023]}},{"type":"Feature","properties":{"district":2,"street":"Koszarowa","number":"72","postal_code":"51-149","source_objectid":42745},"geometry":{"type":"Point","coordinates":[17.059110007287696,51.14221611235259]}},{"type":"Feature","properties":{"district":1,"street":"Wacława Potockiego","number":"14","postal_code":"51-153","source_objectid":42755},"geometry":{"type":"Point","coordinates":[17.052174134925753,51.13642135604934]}},{"type":"Feature","properties":{"district":3,"street":"Stanisława Grochowiaka","number":"1","postal_code":"51-142","source_objectid":42761},"geometry":{"type":"Point","coordinates":[17.046223123722797,51.14307489738662]}},{"type":"Feature","properties":{"district":2,"street":"Piotra Czajkowskiego","number":"27","postal_code":"51-171","source_objectid":42762},"geometry":{"type":"Point","coordinates":[17.065799758665978,51.13956640411514]}},{"type":"Feature","properties":{"district":2,"street":"Piotra Czajkowskiego","number":"68-70","postal_code":"51-147","source_objectid":42777},"geometry":{"type":"Point","coordinates":[17.06135370785654,51.14054191464168]}},{"type":"Feature","properties":{"district":5,"street":"Teodora Parnickiego","number":"14","postal_code":"51-116","source_objectid":42813},"geometry":{"type":"Point","coordinates":[17.029823902580315,51.140204551712586]}},{"type":"Feature","properties":{"district":2,"street":"Piotra Czajkowskiego","number":"116","postal_code":"51-147","source_objectid":42837},"geometry":{"type":"Point","coordinates":[17.05358433767483,51.14251541825655]}},{"type":"Feature","properties":{"district":1,"street":"Kazimierza Przerwy-Tetmajera","number":"13a","postal_code":"51-153","source_objectid":42843},"geometry":{"type":"Point","coordinates":[17.050330252200713,51.13532692998928]}},{"type":"Feature","properties":{"district":1,"street":"Marcina Kromera","number":"12","postal_code":"51-163","source_objectid":42845},"geometry":{"type":"Point","coordinates":[17.060954858627998,51.13156936200944]}},{"type":"Feature","properties":{"district":5,"street":"Jugosłowiańska","number":"108","postal_code":"51-112","source_objectid":42863},"geometry":{"type":"Point","coordinates":[17.02162699293143,51.13706398000856]}},{"type":"Feature","properties":{"district":4,"street":"ks. Norberta Bonczyka","number":"26","postal_code":"51-138","source_objectid":42869},"geometry":{"type":"Point","coordinates":[17.038325257453877,51.137306077102956]}},{"type":"Feature","properties":{"district":3,"street":"Ignacego Chrzanowskiego","number":"54","postal_code":"51-141","source_objectid":42888},"geometry":{"type":"Point","coordinates":[17.047734006826882,51.14272921450654]}},{"type":"Feature","properties":{"district":5,"street":"Jugosłowiańska","number":"72a","postal_code":"51-112","source_objectid":42897},"geometry":{"type":"Point","coordinates":[17.023318668464906,51.13543815393339]}},{"type":"Feature","properties":{"district":3,"street":"Tadeusza Gajcego","number":"27","postal_code":"51-143","source_objectid":42901},"geometry":{"type":"Point","coordinates":[17.04926401573268,51.13987092320665]}},{"type":"Feature","properties":{"district":4,"street":"Obornicka","number":"103","postal_code":"51-114","source_objectid":42910},"geometry":{"type":"Point","coordinates":[17.027151595047474,51.143218814617406]}},{"type":"Feature","properties":{"district":1,"street":"Teofila Lenartowicza","number":"3a","postal_code":"51-140","source_objectid":42914},"geometry":{"type":"Point","coordinates":[17.04514356676341,51.13737565366061]}},{"type":"Feature","properties":{"district":4,"street":"Żmigrodzka","number":"104","postal_code":"51-131","source_objectid":42917},"geometry":{"type":"Point","coordinates":[17.03011961591526,51.14440410932194]}},{"type":"Feature","properties":{"district":5,"street":"Bezpieczna","number":"22","postal_code":"51-114","source_objectid":42947},"geometry":{"type":"Point","coordinates":[17.022991108368327,51.13975156009126]}},{"type":"Feature","properties":{"district":4,"street":"Obornicka","number":"193","postal_code":"51-114","source_objectid":42958},"geometry":{"type":"Point","coordinates":[17.01870051753938,51.150485904824194]}},{"type":"Feature","properties":{"district":3,"street":"Jana Brzechwy","number":"15","postal_code":"51-141","source_objectid":42964},"geometry":{"type":"Point","coordinates":[17.046600373492947,51.13970710082622]}},{"type":"Feature","properties":{"district":3,"street":"Wincentego Pola","number":"77","postal_code":"51-123","source_objectid":42986},"geometry":{"type":"Point","coordinates":[17.040610920379294,51.143689077674104]}},{"type":"Feature","properties":{"district":2,"street":"Stanisława Przybyszewskiego","number":"108","postal_code":"51-148","source_objectid":43006},"geometry":{"type":"Point","coordinates":[17.062649990217203,51.14149145794693]}},{"type":"Feature","properties":{"district":5,"street":"Czeska","number":"21c","postal_code":"51-112","source_objectid":43010},"geometry":{"type":"Point","coordinates":[17.025883234572728,51.13525234966824]}},{"type":"Feature","properties":{"district":1,"street":"Bolesława Krzywoustego","number":"19","postal_code":"51-165","source_objectid":43029},"geometry":{"type":"Point","coordinates":[17.070671240443243,51.1363195582492]}},{"type":"Feature","properties":{"district":4,"street":"Jana Kasprowicza","number":"24","postal_code":"51-137","source_objectid":43048},"geometry":{"type":"Point","coordinates":[17.040429732299884,51.13651953543249]}},{"type":"Feature","properties":{"district":1,"street":"Ludwika Nabielaka","number":"9","postal_code":"51-140","source_objectid":43059},"geometry":{"type":"Point","coordinates":[17.04556724350762,51.1383624444819]}},{"type":"Feature","properties":{"district":5,"street":"Łużycka","number":"4","postal_code":"51-111","source_objectid":43066},"geometry":{"type":"Point","coordinates":[17.016617899160558,51.13652312265646]}},{"type":"Feature","properties":{"district":2,"street":"Sportowa","number":"4","postal_code":"51-149","source_objectid":43139},"geometry":{"type":"Point","coordinates":[17.062345653278797,51.14275084791679]}},{"type":"Feature","properties":{"district":1,"street":"Władysława Orkana","number":"11","postal_code":"51-153","source_objectid":43152},"geometry":{"type":"Point","coordinates":[17.051683029326362,51.13478060208942]}},{"type":"Feature","properties":{"district":5,"street":"Bałkańska","number":"15","postal_code":"51-111","source_objectid":43200},"geometry":{"type":"Point","coordinates":[17.017878168194777,51.13617658954246]}},{"type":"Feature","properties":{"district":1,"street":"Franciszka Karpińskiego","number":"6a","postal_code":"51-144","source_objectid":43206},"geometry":{"type":"Point","coordinates":[17.055536927982423,51.13897370664597]}},{"type":"Feature","properties":{"district":2,"street":"Piotra Czajkowskiego","number":"13","postal_code":"51-171","source_objectid":43232},"geometry":{"type":"Point","coordinates":[17.068675801931075,51.137483331719814]}},{"type":"Feature","properties":{"district":5,"street":"Łużycka","number":"21","postal_code":"51-111","source_objectid":43245},"geometry":{"type":"Point","coordinates":[17.019169733257893,51.137980857366024]}},{"type":"Feature","properties":{"district":1,"street":"Macieja Miechowity","number":"3","postal_code":"51-162","source_objectid":43255},"geometry":{"type":"Point","coordinates":[17.066254697576525,51.13389635388771]}},{"type":"Feature","properties":{"district":1,"street":"Teofila Lenartowicza","number":"3","postal_code":"51-140","source_objectid":43256},"geometry":{"type":"Point","coordinates":[17.04515003442464,51.13732534646225]}},{"type":"Feature","properties":{"district":1,"street":"Władysława Orkana","number":"52-54","postal_code":"51-153","source_objectid":43269},"geometry":{"type":"Point","coordinates":[17.057652936309985,51.133637803318166]}},{"type":"Feature","properties":{"district":5,"street":"Jugosłowiańska","number":"94","postal_code":"51-112","source_objectid":43277},"geometry":{"type":"Point","coordinates":[17.022434854362928,51.13649112716673]}},{"type":"Feature","properties":{"district":2,"street":"Jana Kasprowicza","number":"52","postal_code":"51-137","source_objectid":43290},"geometry":{"type":"Point","coordinates":[17.047969354406536,51.13745390524613]}},{"type":"Feature","properties":{"district":5,"street":"Jugosłowiańska","number":"124","postal_code":"51-112","source_objectid":43299},"geometry":{"type":"Point","coordinates":[17.020731720943367,51.13772651339309]}},{"type":"Feature","properties":{"district":1,"street":"Toruńska","number":"32","postal_code":"51-164","source_objectid":43308},"geometry":{"type":"Point","coordinates":[17.07109376886363,51.13168572707719]}},{"type":"Feature","properties":{"district":3,"street":"Mieczysława Romanowskiego","number":"30","postal_code":"51-122","source_objectid":43310},"geometry":{"type":"Point","coordinates":[17.03863675210725,51.14085110785322]}},{"type":"Feature","properties":{"district":5,"street":"Słowacka","number":"2","postal_code":"51-111","source_objectid":43329},"geometry":{"type":"Point","coordinates":[17.01912362646691,51.13526846916209]}},{"type":"Feature","properties":{"district":3,"street":"Władysława Syrokomli","number":"4","postal_code":"51-141","source_objectid":43352},"geometry":{"type":"Point","coordinates":[17.04795231123669,51.1377191048784]}},{"type":"Feature","properties":{"district":3,"street":"Kazimierza Brodzińskiego","number":"9","postal_code":"51-112","source_objectid":43354},"geometry":{"type":"Point","coordinates":[17.037155000197927,51.14137262476983]}},{"type":"Feature","properties":{"district":4,"street":"Obornicka","number":"104","postal_code":"51-114","source_objectid":43356},"geometry":{"type":"Point","coordinates":[17.024516696610327,51.141615956611574]}},{"type":"Feature","properties":{"district":1,"street":"Franciszka Karpińskiego","number":"7","postal_code":"51-144","source_objectid":43363},"geometry":{"type":"Point","coordinates":[17.055993064894786,51.138920718643426]}},{"type":"Feature","properties":{"district":5,"street":"Chorwacka","number":"62","postal_code":"51-107","source_objectid":43374},"geometry":{"type":"Point","coordinates":[17.023574717364358,51.139183649095514]}},{"type":"Feature","properties":{"district":3,"street":"Henryka Michała Kamieńskiego","number":"80","postal_code":"51-124","source_objectid":43375},"geometry":{"type":"Point","coordinates":[17.0408388838064,51.146231778758676]}},{"type":"Feature","properties":{"district":1,"street":"Wacława Potockiego","number":"18","postal_code":"51-153","source_objectid":43404},"geometry":{"type":"Point","coordinates":[17.052607818790413,51.136216777740614]}},{"type":"Feature","properties":{"district":3,"street":"Jana Brzechwy","number":"3c","postal_code":"51-141","source_objectid":43405},"geometry":{"type":"Point","coordinates":[17.047319499229616,51.138899775764074]}},{"type":"Feature","properties":{"district":1,"street":"Franciszka Karpińskiego","number":"31","postal_code":"51-144","source_objectid":43411},"geometry":{"type":"Point","coordinates":[17.054807750707347,51.14021234140298]}},{"type":"Feature","properties":{"district":4,"street":"Kępińska","number":"4","postal_code":"51-132","source_objectid":43420},"geometry":{"type":"Point","coordinates":[17.033254719452152,51.145193142291625]}},{"type":"Feature","properties":{"district":4,"street":"Jana Kasprowicza","number":"30","postal_code":"51-137","source_objectid":43431},"geometry":{"type":"Point","coordinates":[17.04349873496919,51.136906689286]}},{"type":"Feature","properties":{"district":5,"street":"Bezpieczna","number":"6d","postal_code":"51-114","source_objectid":43437},"geometry":{"type":"Point","coordinates":[17.02512301849208,51.14080378983475]}},{"type":"Feature","properties":{"district":5,"street":"Chorwacka","number":"1","postal_code":"51-107","source_objectid":43458},"geometry":{"type":"Point","coordinates":[17.024291268028936,51.13578460730016]}},{"type":"Feature","properties":{"district":4,"street":"Macedońska","number":"3","postal_code":"51-113","source_objectid":43461},"geometry":{"type":"Point","coordinates":[17.031702829960608,51.1339042520532]}},{"type":"Feature","properties":{"district":3,"street":"Torowa","number":"81","postal_code":"51-125","source_objectid":43469},"geometry":{"type":"Point","coordinates":[17.042444714478492,51.15033216308128]}},{"type":"Feature","properties":{"district":1,"street":"Franciszka Karpińskiego","number":"6-8","postal_code":"51-144","source_objectid":43477},"geometry":{"type":"Point","coordinates":[17.05536796936026,51.13902396958241]}},{"type":"Feature","properties":{"district":1,"street":"Kętrzyńska","number":"56","postal_code":"51-413","source_objectid":43480},"geometry":{"type":"Point","coordinates":[17.078649174894604,51.13463934893464]}},{"type":"Feature","properties":{"district":1,"street":"Wacława Berenta","number":"35","postal_code":"51-152","source_objectid":43482},"geometry":{"type":"Point","coordinates":[17.058561416937003,51.13633215154517]}},{"type":"Feature","properties":{"district":3,"street":"Wincentego Pola","number":"65","postal_code":"51-140","source_objectid":43553},"geometry":{"type":"Point","coordinates":[17.042169785763573,51.14186427309668]}},{"type":"Feature","properties":{"district":2,"street":"Sportowa","number":"12a","postal_code":"51-149","source_objectid":43574},"geometry":{"type":"Point","coordinates":[17.062385973889853,51.14343194679044]}},{"type":"Feature","properties":{"district":1,"street":"Łąka Mazurska","number":"14","postal_code":"51-164","source_objectid":43579},"geometry":{"type":"Point","coordinates":[17.06431590493418,51.13137708940331]}},{"type":"Feature","properties":{"district":1,"street":"Jana Długosza","number":"49-53","postal_code":"51-162","source_objectid":43602},"geometry":{"type":"Point","coordinates":[17.065393230277174,51.134892455748215]}},{"type":"Feature","properties":{"district":4,"street":"Obornicka","number":"10","postal_code":"51-113","source_objectid":43634},"geometry":{"type":"Point","coordinates":[17.0348779023479,51.13474329758106]}},{"type":"Feature","properties":{"district":5,"street":"Jarocińska","number":"99","postal_code":"51-011","source_objectid":43646},"geometry":{"type":"Point","coordinates":[17.00522724453039,51.14387935620192]}},{"type":"Feature","properties":{"district":5,"street":"Czeska","number":"22","postal_code":"51-112","source_objectid":43647},"geometry":{"type":"Point","coordinates":[17.02533994314864,51.1357618159656]}},{"type":"Feature","properties":{"district":5,"street":"Jugosłowiańska","number":"44a","postal_code":"51-112","source_objectid":43679},"geometry":{"type":"Point","coordinates":[17.027254179890363,51.1342828359598]}},{"type":"Feature","properties":{"district":1,"street":"Władysława Orkana","number":"15","postal_code":"51-153","source_objectid":43680},"geometry":{"type":"Point","coordinates":[17.052288219834587,51.1347831984526]}},{"type":"Feature","properties":{"district":1,"street":"Marcina Kromera","number":"23a","postal_code":"51-163","source_objectid":43685},"geometry":{"type":"Point","coordinates":[17.065966805468754,51.132638633452345]}},{"type":"Feature","properties":{"district":1,"street":"Juliana Klaczki","number":"8a","postal_code":"51-151","source_objectid":43734},"geometry":{"type":"Point","coordinates":[17.061350094295214,51.13646262227597]}},{"type":"Feature","properties":{"district":3,"street":"Henryka Michała Kamieńskiego","number":"69","postal_code":"51-124","source_objectid":43747},"geometry":{"type":"Point","coordinates":[17.042499260525563,51.14710519703087]}},{"type":"Feature","properties":{"district":5,"street":"Chorwacka","number":"86","postal_code":"51-107","source_objectid":43748},"geometry":{"type":"Point","coordinates":[17.02504622004403,51.140021040773235]}},{"type":"Feature","properties":{"district":5,"street":"Bułgarska","number":"19","postal_code":"51-112","source_objectid":43763},"geometry":{"type":"Point","coordinates":[17.02706275008642,51.136178007969946]}},{"type":"Feature","properties":{"district":2,"street":"Koszarowa","number":"38","postal_code":"51-149","source_objectid":43784},"geometry":{"type":"Point","coordinates":[17.061727885245784,51.142037582594156]}},{"type":"Feature","properties":{"district":1,"street":"Bolesława Krzywoustego","number":"11","postal_code":"51-165","source_objectid":43788},"geometry":{"type":"Point","coordinates":[17.070927715693358,51.13570567114731]}},{"type":"Feature","properties":{"district":4,"street":"Na Polance","number":"8","postal_code":"51-109","source_objectid":43810},"geometry":{"type":"Point","coordinates":[17.033677871290855,51.133286098040436]}},{"type":"Feature","properties":{"district":1,"street":"Władysława Orkana","number":"34","postal_code":"51-153","source_objectid":43824},"geometry":{"type":"Point","coordinates":[17.055041021368055,51.134172622411924]}},{"type":"Feature","properties":{"district":3,"street":"Jana Brzechwy","number":"28","postal_code":"51-141","source_objectid":43832},"geometry":{"type":"Point","coordinates":[17.046048243994782,51.14043758277835]}},{"type":"Feature","properties":{"district":3,"street":"Henryka Michała Kamieńskiego","number":"100","postal_code":"51-124","source_objectid":43864},"geometry":{"type":"Point","coordinates":[17.04151751793766,51.147138022688026]}},{"type":"Feature","properties":{"district":5,"street":"Jugosłowiańska","number":"78a","postal_code":"51-112","source_objectid":43918},"geometry":{"type":"Point","coordinates":[17.023026993644784,51.135635189311365]}},{"type":"Feature","properties":{"district":3,"street":"Roberta Kocha","number":"11","postal_code":"51-112","source_objectid":43927},"geometry":{"type":"Point","coordinates":[17.039815355096998,51.14276486843037]}},{"type":"Feature","properties":{"district":4,"street":"Zawalna","number":"6","postal_code":"51-118","source_objectid":43931},"geometry":{"type":"Point","coordinates":[17.03819899166271,51.134466825426514]}},{"type":"Feature","properties":{"district":1,"street":"Bolesława Krzywoustego","number":"81","postal_code":"51-166","source_objectid":43933},"geometry":{"type":"Point","coordinates":[17.07663036892205,51.13822328894337]}},{"type":"Feature","properties":{"district":1,"street":"Wacława Berenta","number":"52","postal_code":"51-152","source_objectid":43936},"geometry":{"type":"Point","coordinates":[17.059047516507146,51.137465728743685]}},{"type":"Feature","properties":{"district":4,"street":"Jana Kasprowicza","number":"9b","postal_code":"51-136","source_objectid":43985},"geometry":{"type":"Point","coordinates":[17.038269955179114,51.13584680855211]}},{"type":"Feature","properties":{"district":4,"street":"Kępińska","number":"12","postal_code":"51-132","source_objectid":43997},"geometry":{"type":"Point","coordinates":[17.03583060661124,51.146517615617796]}},{"type":"Feature","properties":{"district":3,"street":"Tadeusza Gajcego","number":"41","postal_code":"51-143","source_objectid":43998},"geometry":{"type":"Point","coordinates":[17.04964090648849,51.14080673979553]}},{"type":"Feature","properties":{"district":5,"street":"Bezpieczna","number":"65","postal_code":"51-114","source_objectid":44002},"geometry":{"type":"Point","coordinates":[17.020821281476074,51.139838970071054]}},{"type":"Feature","properties":{"district":1,"street":"Galla Anonima","number":"4","postal_code":"51-162","source_objectid":44014},"geometry":{"type":"Point","coordinates":[17.059249618287783,51.13127225833065]}},{"type":"Feature","properties":{"district":1,"street":"bp. Ignacego Krasickiego","number":"31","postal_code":"51-144","source_objectid":44028},"geometry":{"type":"Point","coordinates":[17.056699366894215,51.14115787914896]}},{"type":"Feature","properties":{"district":3,"street":"Artura Oppmana","number":"6","postal_code":"51-142","source_objectid":44029},"geometry":{"type":"Point","coordinates":[17.048601412178407,51.142432109385815]}},{"type":"Feature","properties":{"district":1,"street":"bp. Ignacego Krasickiego","number":"12a","postal_code":"51-144","source_objectid":44036},"geometry":{"type":"Point","coordinates":[17.0567515750581,51.13978187905048]}},{"type":"Feature","properties":{"district":1,"street":"marsz. Józefa Piłsudskiego","number":"21","postal_code":"51-152","source_objectid":44050},"geometry":{"type":"Point","coordinates":[17.056114002866632,51.13674820644904]}},{"type":"Feature","properties":{"district":3,"street":"Władysława Syrokomli","number":"58","postal_code":"51-141","source_objectid":44059},"geometry":{"type":"Point","coordinates":[17.046853347791114,51.1421517650905]}},{"type":"Feature","properties":{"district":1,"street":"gen. Józefa Wybickiego","number":"11","postal_code":"51-144","source_objectid":44073},"geometry":{"type":"Point","coordinates":[17.0547138637143,51.13916215917065]}},{"type":"Feature","properties":{"district":1,"street":"Łąka Mazurska","number":"11","postal_code":"51-164","source_objectid":44095},"geometry":{"type":"Point","coordinates":[17.06479876783501,51.1309926709995]}},{"type":"Feature","properties":{"district":5,"street":"Słowacka","number":"9","postal_code":"51-111","source_objectid":44108},"geometry":{"type":"Point","coordinates":[17.020713889433647,51.13601289861198]}},{"type":"Feature","properties":{"district":1,"street":"Stanisława Piętaka","number":"8","postal_code":"51-141","source_objectid":44119},"geometry":{"type":"Point","coordinates":[17.049076982361488,51.13870123099504]}},{"type":"Feature","properties":{"district":3,"street":"Roberta Kocha","number":"9a","postal_code":"51-112","source_objectid":44140},"geometry":{"type":"Point","coordinates":[17.039922395813843,51.142648360417034]}},{"type":"Feature","properties":{"district":3,"street":"Wincentego Pola","number":"60","postal_code":"51-123","source_objectid":44157},"geometry":{"type":"Point","coordinates":[17.040796565969217,51.142896698223495]}},{"type":"Feature","properties":{"district":3,"street":"Marii Konopnickiej","number":"37","postal_code":"51-142","source_objectid":44158},"geometry":{"type":"Point","coordinates":[17.051855204551625,51.141481700770804]}},{"type":"Feature","properties":{"district":2,"street":"Piotra Czajkowskiego","number":"122","postal_code":"51-147","source_objectid":44163},"geometry":{"type":"Point","coordinates":[17.05281915651871,51.14344099049379]}},{"type":"Feature","properties":{"district":5,"street":"Chorwacka","number":"19","postal_code":"51-107","source_objectid":44169},"geometry":{"type":"Point","coordinates":[17.02551106061122,51.136477443462546]}},{"type":"Feature","properties":{"district":2,"street":"Jana Kasprowicza","number":"87","postal_code":"51-146","source_objectid":44189},"geometry":{"type":"Point","coordinates":[17.05381190514244,51.13772224039337]}},{"type":"Feature","properties":{"district":4,"street":"Władysława Broniewskiego","number":"1","postal_code":"51-120","source_objectid":44206},"geometry":{"type":"Point","coordinates":[17.034818813278743,51.13633145289953]}},{"type":"Feature","properties":{"district":1,"street":"Leopolda Staffa","number":"6a","postal_code":"51-144","source_objectid":44207},"geometry":{"type":"Point","coordinates":[17.058487913547292,51.13912680727324]}},{"type":"Feature","properties":{"district":5,"street":"Jugosłowiańska","number":"66","postal_code":"51-112","source_objectid":44236},"geometry":{"type":"Point","coordinates":[17.024872325933444,51.134844891896044]}},{"type":"Feature","properties":{"district":2,"street":"Stanisława Przybyszewskiego","number":"35","postal_code":"51-151","source_objectid":44255},"geometry":{"type":"Point","coordinates":[17.060677303279615,51.13679338808509]}},{"type":"Feature","properties":{"district":3,"street":"Marii Konopnickiej","number":"49","postal_code":"51-142","source_objectid":44264},"geometry":{"type":"Point","coordinates":[17.053594640384855,51.141520322000375]}},{"type":"Feature","properties":{"district":1,"street":"Kętrzyńska","number":"9","postal_code":"51-413","source_objectid":44274},"geometry":{"type":"Point","coordinates":[17.07459350441208,51.13288759179116]}},{"type":"Feature","properties":{"district":5,"street":"Jugosłowiańska","number":"101","postal_code":"51-112","source_objectid":44276},"geometry":{"type":"Point","coordinates":[17.02197311662166,51.13796153501542]}},{"type":"Feature","properties":{"district":2,"street":"Stanisława Przybyszewskiego","number":"85a","postal_code":"51-148","source_objectid":44280},"geometry":{"type":"Point","coordinates":[17.06284471252346,51.140659382867646]}},{"type":"Feature","properties":{"district":1,"street":"Tadeusza Boya-Żeleńskiego","number":"43b","postal_code":"51-160","source_objectid":44289},"geometry":{"type":"Point","coordinates":[17.057474575318892,51.13481555571673]}},{"type":"Feature","properties":{"district":1,"street":"Wacława Berenta","number":"5","postal_code":"51-152","source_objectid":44350},"geometry":{"type":"Point","coordinates":[17.056503589405814,51.13429190040701]}},{"type":"Feature","properties":{"district":3,"street":"Marii Konopnickiej","number":"58","postal_code":"51-142","source_objectid":44365},"geometry":{"type":"Point","coordinates":[17.049634394624125,51.14155590047532]}},{"type":"Feature","properties":{"district":3,"street":"Wincentego Pola","number":"34","postal_code":"51-140","source_objectid":44366},"geometry":{"type":"Point","coordinates":[17.042615228663976,51.140035444453495]}},{"type":"Feature","properties":{"district":5,"street":"Jugosłowiańska","number":"80a","postal_code":"51-112","source_objectid":44385},"geometry":{"type":"Point","coordinates":[17.02287424642021,51.13572728880969]}},{"type":"Feature","properties":{"district":1,"street":"Grudziądzka","number":"100a","postal_code":"51-165","source_objectid":44393},"geometry":{"type":"Point","coordinates":[17.07479324837013,51.137433764985495]}},{"type":"Feature","properties":{"district":1,"street":"Władysława Orkana","number":"49","postal_code":"51-153","source_objectid":44429},"geometry":{"type":"Point","coordinates":[17.056384296414166,51.13335048608305]}},{"type":"Feature","properties":{"district":1,"street":"bp. Ignacego Krasickiego","number":"33","postal_code":"51-144","source_objectid":44451},"geometry":{"type":"Point","coordinates":[17.056173367854353,51.14125659381245]}},{"type":"Feature","properties":{"district":5,"street":"Łużycka","number":"5","postal_code":"51-111","source_objectid":44472},"geometry":{"type":"Point","coordinates":[17.01697412501918,51.1364006127625]}},{"type":"Feature","properties":{"district":3,"street":"Mieczysława Romanowskiego","number":"36","postal_code":"51-122","source_objectid":44544},"geometry":{"type":"Point","coordinates":[17.039343816618857,51.141069648740725]}},{"type":"Feature","properties":{"district":3,"street":"Maurycego Mochnackiego","number":"8","postal_code":"51-122","source_objectid":44567},"geometry":{"type":"Point","coordinates":[17.038575653029756,51.141442420914764]}},{"type":"Feature","properties":{"district":4,"street":"Jana Kasprowicza","number":"33","postal_code":"51-136","source_objectid":44590},"geometry":{"type":"Point","coordinates":[17.04296693750411,51.13568339607773]}},{"type":"Feature","properties":{"district":2,"street":"Piotra Czajkowskiego","number":"37","postal_code":"51-171","source_objectid":44599},"geometry":{"type":"Point","coordinates":[17.067387986414943,51.139863268958294]}},{"type":"Feature","properties":{"district":3,"street":"Wincentego Pola","number":"38a","postal_code":"51-140","source_objectid":44600},"geometry":{"type":"Point","coordinates":[17.042516871220425,51.14046781425811]}},{"type":"Feature","properties":{"district":3,"street":"Kornela Ujejskiego","number":"11a","postal_code":"51-141","source_objectid":44617},"geometry":{"type":"Point","coordinates":[17.045261626282226,51.14002540745809]}},{"type":"Feature","properties":{"district":2,"street":"Sołtysowicka","number":"5a","postal_code":"51-168","source_objectid":44627},"geometry":{"type":"Point","coordinates":[17.06932435471157,51.13892570309135]}},{"type":"Feature","properties":{"district":3,"street":"Władysława Syrokomli","number":"41","postal_code":"51-141","source_objectid":44633},"geometry":{"type":"Point","coordinates":[17.047564067468834,51.14086224685496]}},{"type":"Feature","properties":{"district":2,"street":"Piotra Czajkowskiego","number":"39a","postal_code":"51-171","source_objectid":44656},"geometry":{"type":"Point","coordinates":[17.06679768331865,51.140017676764714]}},{"type":"Feature","properties":{"district":2,"street":"Jana Kasprowicza","number":"111","postal_code":"51-146","source_objectid":44664},"geometry":{"type":"Point","coordinates":[17.059174991887485,51.13837750358005]}},{"type":"Feature","properties":{"district":1,"street":"Wacława Berenta","number":"1a","postal_code":"51-152","source_objectid":44669},"geometry":{"type":"Point","coordinates":[17.05621086147874,51.133912935185776]}},{"type":"Feature","properties":{"district":1,"street":"Tadeusza Zelenaya","number":"6","postal_code":"51-140","source_objectid":44670},"geometry":{"type":"Point","coordinates":[17.04750331672197,51.13795772889386]}},{"type":"Feature","properties":{"district":3,"street":"Marii Konopnickiej","number":"26","postal_code":"51-141","source_objectid":44688},"geometry":{"type":"Point","coordinates":[17.044506388832453,51.14117900251735]}},{"type":"Feature","properties":{"district":5,"street":"Jugosłowiańska","number":"61","postal_code":"51-112","source_objectid":44703},"geometry":{"type":"Point","coordinates":[17.025136004379682,51.13516994489317]}},{"type":"Feature","properties":{"district":4,"street":"Obornicka","number":"58b","postal_code":"51-114","source_objectid":44705},"geometry":{"type":"Point","coordinates":[17.028671397224922,51.1383329945535]}},{"type":"Feature","properties":{"district":3,"street":"Henryka Michała Kamieńskiego","number":"65","postal_code":"51-124","source_objectid":44708},"geometry":{"type":"Point","coordinates":[17.042193483434936,51.14660295957957]}},{"type":"Feature","properties":{"district":5,"street":"Morawska","number":"27","postal_code":"51-111","source_objectid":44713},"geometry":{"type":"Point","coordinates":[17.0196893466619,51.13717698955532]}},{"type":"Feature","properties":{"district":4,"street":"Obornicka","number":"24","postal_code":"51-113","source_objectid":44729},"geometry":{"type":"Point","coordinates":[17.03346908196364,51.13504417022646]}},{"type":"Feature","properties":{"district":3,"street":"Henryka Michała Kamieńskiego","number":"47b","postal_code":"51-124","source_objectid":44762},"geometry":{"type":"Point","coordinates":[17.039692705555083,51.14358122661456]}},{"type":"Feature","properties":{"district":3,"street":"Marii Konopnickiej","number":"54","postal_code":"51-142","source_objectid":44833},"geometry":{"type":"Point","coordinates":[17.049187514374232,51.141514224167125]}},{"type":"Feature","properties":{"district":3,"street":"Tadeusza Gajcego","number":"14","postal_code":"51-143","source_objectid":44840},"geometry":{"type":"Point","coordinates":[17.04893114842595,51.13972809166023]}},{"type":"Feature","properties":{"district":4,"street":"Obornicka","number":"34","postal_code":"51-113","source_objectid":44880},"geometry":{"type":"Point","coordinates":[17.032415321348648,51.13548147846907]}},{"type":"Feature","properties":{"district":1,"street":"Bolesława Krzywoustego","number":"89","postal_code":"51-166","source_objectid":44904},"geometry":{"type":"Point","coordinates":[17.07764157426217,51.13808578013114]}},{"type":"Feature","properties":{"district":3,"street":"Wincentego Pola","number":"34a","postal_code":"51-140","source_objectid":44920},"geometry":{"type":"Point","coordinates":[17.04209965936733,51.1400125693427]}},{"type":"Feature","properties":{"district":2,"street":"Piotra Czajkowskiego","number":"60a","postal_code":"51-171","source_objectid":44921},"geometry":{"type":"Point","coordinates":[17.06218335711572,51.13997544515175]}},{"type":"Feature","properties":{"district":1,"street":"Wacława Berenta","number":"11","postal_code":"51-152","source_objectid":44934},"geometry":{"type":"Point","coordinates":[17.056974658835117,51.13478503320427]}},{"type":"Feature","properties":{"district":1,"street":"marsz. Józefa Piłsudskiego","number":"9","postal_code":"51-152","source_objectid":44964},"geometry":{"type":"Point","coordinates":[17.05577857057956,51.137313374443146]}},{"type":"Feature","properties":{"district":1,"street":"bp. Ignacego Krasickiego","number":"21","postal_code":"51-144","source_objectid":44988},"geometry":{"type":"Point","coordinates":[17.056122474400716,51.14057995571522]}},{"type":"Feature","properties":{"district":1,"street":"Zenona Miriama Przesmyckiego","number":"21","postal_code":"51-151","source_objectid":45004},"geometry":{"type":"Point","coordinates":[17.06526199374597,51.13758480129171]}},{"type":"Feature","properties":{"district":4,"street":"Obornicka","number":"84a","postal_code":"51-114","source_objectid":45033},"geometry":{"type":"Point","coordinates":[17.026776810606453,51.14033610460367]}},{"type":"Feature","properties":{"district":1,"street":"Marcina Kromera","number":"23h","postal_code":"51-163","source_objectid":45042},"geometry":{"type":"Point","coordinates":[17.066380736122913,51.132034984953485]}},{"type":"Feature","properties":{"district":3,"street":"Samuela Bogumiła Lindego","number":"11","postal_code":"51-138","source_objectid":45074},"geometry":{"type":"Point","coordinates":[17.04000633520611,51.137624008177696]}},{"type":"Feature","properties":{"district":3,"street":"Kornela Ujejskiego","number":"33","postal_code":"51-141","source_objectid":45101},"geometry":{"type":"Point","coordinates":[17.044788625143223,51.14243359190773]}},{"type":"Feature","properties":{"district":3,"street":"Jana Brzechwy","number":"19","postal_code":"51-141","source_objectid":45121},"geometry":{"type":"Point","coordinates":[17.046555546160214,51.13990617960142]}},{"type":"Feature","properties":{"district":3,"street":"Ignacego Chrzanowskiego","number":"17b","postal_code":"51-147","source_objectid":45156},"geometry":{"type":"Point","coordinates":[17.05097069506139,51.14307685759648]}},{"type":"Feature","properties":{"district":3,"street":"Henryka Michała Kamieńskiego","number":"73a","postal_code":"51-124","source_objectid":45164},"geometry":{"type":"Point","coordinates":[17.044746439475478,51.14831074290211]}},{"type":"Feature","properties":{"district":5,"street":"Osobowicka","number":"31a","postal_code":"51-110","source_objectid":45186},"geometry":{"type":"Point","coordinates":[17.022534305833066,51.133649004364436]}},{"type":"Feature","properties":{"district":5,"street":"Morawska","number":"2","postal_code":"51-111","source_objectid":45187},"geometry":{"type":"Point","coordinates":[17.02290549699964,51.134623808079525]}},{"type":"Feature","properties":{"district":3,"street":"Jana Brzechwy","number":"2c","postal_code":"51-141","source_objectid":45197},"geometry":{"type":"Point","coordinates":[17.046119197330476,51.13878651231301]}},{"type":"Feature","properties":{"district":2,"street":"Koszarowa","number":"6m","postal_code":"51-149","source_objectid":45212},"geometry":{"type":"Point","coordinates":[17.066782592008266,51.140690313352906]}},{"type":"Feature","properties":{"district":3,"street":"Mieczysława Romanowskiego","number":"48","postal_code":"51-122","source_objectid":45218},"geometry":{"type":"Point","coordinates":[17.040930256809737,51.141660972659324]}},{"type":"Feature","properties":{"district":5,"street":"Bałkańska","number":"6","postal_code":"51-111","source_objectid":45221},"geometry":{"type":"Point","coordinates":[17.017939907549273,51.135823130971374]}},{"type":"Feature","properties":{"district":5,"street":"Zaułek Rogoziński","number":"9","postal_code":"51-116","source_objectid":45229},"geometry":{"type":"Point","coordinates":[17.02975537040916,51.14117305855883]}},{"type":"Feature","properties":{"district":2,"street":"Stanisława Przybyszewskiego","number":"43","postal_code":"51-151","source_objectid":45260},"geometry":{"type":"Point","coordinates":[17.060721296413455,51.137004081000825]}},{"type":"Feature","properties":{"district":1,"street":"Bydgoska","number":"8a","postal_code":"51-164","source_objectid":45309},"geometry":{"type":"Point","coordinates":[17.063217467159635,51.13072585056425]}},{"type":"Feature","properties":{"district":4,"street":"Obornicka","number":"77f","postal_code":"51-114","source_objectid":45320},"geometry":{"type":"Point","coordinates":[17.02887036594492,51.14069352287232]}},{"type":"Feature","properties":{"district":1,"street":"Bolesława Krzywoustego","number":"95a","postal_code":"51-166","source_objectid":45350},"geometry":{"type":"Point","coordinates":[17.078377078289254,51.138319096933806]}},{"type":"Feature","properties":{"district":3,"street":"Stanisława Grochowiaka","number":"4","postal_code":"51-142","source_objectid":45371},"geometry":{"type":"Point","coordinates":[17.045850996830836,51.14313329729651]}},{"type":"Feature","properties":{"district":4,"street":"Jana Kasprowicza","number":"16","postal_code":"51-137","source_objectid":45385},"geometry":{"type":"Point","coordinates":[17.039084681945294,51.13637155227859]}},{"type":"Feature","properties":{"district":1,"street":"Wacława Berenta","number":"55","postal_code":"51-152","source_objectid":45400},"geometry":{"type":"Point","coordinates":[17.05924577456866,51.13704554777866]}},{"type":"Feature","properties":{"district":2,"street":"Jana Kasprowicza","number":"110","postal_code":"51-145","source_objectid":45422},"geometry":{"type":"Point","coordinates":[17.060189700802606,51.138923188363975]}},{"type":"Feature","properties":{"district":5,"street":"Bezpieczna","number":"32","postal_code":"51-114","source_objectid":45424},"geometry":{"type":"Point","coordinates":[17.02235849001259,51.13908654962012]}},{"type":"Feature","properties":{"district":1,"street":"bp. Ignacego Krasickiego","number":"18a","postal_code":"51-144","source_objectid":45426},"geometry":{"type":"Point","coordinates":[17.055554238962028,51.14017514077841]}},{"type":"Feature","properties":{"district":5,"street":"Chorwacka","number":"2b","postal_code":"51-107","source_objectid":45437},"geometry":{"type":"Point","coordinates":[17.024108233805727,51.136363875125845]}},{"type":"Feature","properties":{"district":1,"street":"Jana Długosza","number":"40","postal_code":"51-162","source_objectid":45440},"geometry":{"type":"Point","coordinates":[17.06316386986734,51.134044694745654]}},{"type":"Feature","properties":{"district":2,"street":"Sportowa","number":"39a","postal_code":"51-149","source_objectid":45465},"geometry":{"type":"Point","coordinates":[17.064450253584052,51.14484070978271]}},{"type":"Feature","properties":{"district":5,"street":"Czeska","number":"27b","postal_code":"51-112","source_objectid":45476},"geometry":{"type":"Point","coordinates":[17.02656017563037,51.135816118287806]}},{"type":"Feature","properties":{"district":2,"street":"Jana Kasprowicza","number":"80","postal_code":"51-145","source_objectid":45507},"geometry":{"type":"Point","coordinates":[17.054642107236983,51.13826558175452]}},{"type":"Feature","properties":{"district":3,"street":"Henryka Michała Kamieńskiego","number":"120","postal_code":"51-124","source_objectid":45535},"geometry":{"type":"Point","coordinates":[17.041722668963526,51.14809936508974]}},{"type":"Feature","properties":{"district":1,"street":"Wacława Potockiego","number":"25","postal_code":"51-153","source_objectid":45539},"geometry":{"type":"Point","coordinates":[17.053403404205795,51.13555528929952]}},{"type":"Feature","properties":{"district":3,"street":"Władysława Syrokomli","number":"36","postal_code":"51-141","source_objectid":45540},"geometry":{"type":"Point","coordinates":[17.047305910522002,51.14048470086221]}},{"type":"Feature","properties":{"district":2,"street":"Sołtysowicka","number":"21e","postal_code":"51-168","source_objectid":45565},"geometry":{"type":"Point","coordinates":[17.07381977152402,51.14096270559793]}},{"type":"Feature","properties":{"district":3,"street":"Marii Konopnickiej","number":"41","postal_code":"51-142","source_objectid":45576},"geometry":{"type":"Point","coordinates":[17.05258572769509,51.14154837274029]}},{"type":"Feature","properties":{"district":5,"street":"Chorwacka","number":"28","postal_code":"51-107","source_objectid":45597},"geometry":{"type":"Point","coordinates":[17.025491958805564,51.137519850979665]}},{"type":"Feature","properties":{"district":3,"street":"Marii Konopnickiej","number":"48","postal_code":"51-142","source_objectid":45601},"geometry":{"type":"Point","coordinates":[17.048554775906904,51.14145570697973]}},{"type":"Feature","properties":{"district":3,"street":"Jana Brzechwy","number":"22","postal_code":"51-141","source_objectid":45615},"geometry":{"type":"Point","coordinates":[17.046087421310318,51.14027634047729]}},{"type":"Feature","properties":{"district":3,"street":"Władysława Syrokomli","number":"60","postal_code":"51-141","source_objectid":45625},"geometry":{"type":"Point","coordinates":[17.046716883869166,51.142363464602504]}},{"type":"Feature","properties":{"district":4,"street":"ks. Norberta Bonczyka","number":"40","postal_code":"51-138","source_objectid":45629},"geometry":{"type":"Point","coordinates":[17.038327442618655,51.1386901496843]}},{"type":"Feature","properties":{"district":3,"street":"Henryka Michała Kamieńskiego","number":"90","postal_code":"51-124","source_objectid":45645},"geometry":{"type":"Point","coordinates":[17.04071531671675,51.1469804110705]}},{"type":"Feature","properties":{"district":3,"street":"Jana Brzechwy","number":"11","postal_code":"51-141","source_objectid":45647},"geometry":{"type":"Point","coordinates":[17.046589482813275,51.139440100552065]}},{"type":"Feature","properties":{"district":3,"street":"Mieczysława Romanowskiego","number":"46","postal_code":"51-122","source_objectid":45692},"geometry":{"type":"Point","coordinates":[17.040855869371917,51.141632944222614]}},{"type":"Feature","properties":{"district":1,"street":"Władysława Orkana","number":"44","postal_code":"51-153","source_objectid":45693},"geometry":{"type":"Point","coordinates":[17.0565464342826,51.13361210741179]}},{"type":"Feature","properties":{"district":5,"street":"Bezpieczna","number":"39","postal_code":"51-114","source_objectid":45699},"geometry":{"type":"Point","coordinates":[17.02232795511699,51.14036571126168]}},{"type":"Feature","properties":{"district":5,"street":"Jugosłowiańska","number":"91","postal_code":"51-112","source_objectid":45725},"geometry":{"type":"Point","coordinates":[17.02257785516946,51.13794687636844]}},{"type":"Feature","properties":{"district":1,"street":"Bolesława Leśmiana","number":"15","postal_code":"51-141","source_objectid":45758},"geometry":{"type":"Point","coordinates":[17.048532367704006,51.14097679940848]}},{"type":"Feature","properties":{"district":2,"street":"Sołtysowicka","number":"15b","postal_code":"51-168","source_objectid":45761},"geometry":{"type":"Point","coordinates":[17.071954198208807,51.139860208012934]}},{"type":"Feature","properties":{"district":1,"street":"Juliana Klaczki","number":"22","postal_code":"51-151","source_objectid":45768},"geometry":{"type":"Point","coordinates":[17.061754341031495,51.13698015433197]}},{"type":"Feature","properties":{"district":5,"street":"Jugosłowiańska","number":"50","postal_code":"51-112","source_objectid":45814},"geometry":{"type":"Point","coordinates":[17.02669241841835,51.133707345408624]}},{"type":"Feature","properties":{"district":3,"street":"Henryka Michała Kamieńskiego","number":"60","postal_code":"51-124","source_objectid":45820},"geometry":{"type":"Point","coordinates":[17.039867109216658,51.144563554961614]}},{"type":"Feature","properties":{"district":2,"street":"Piotra Czajkowskiego","number":"94","postal_code":"51-147","source_objectid":45839},"geometry":{"type":"Point","coordinates":[17.057584227208483,51.14134460756369]}},{"type":"Feature","properties":{"district":5,"street":"Zaułek Rogoziński","number":"4","postal_code":"51-116","source_objectid":45853},"geometry":{"type":"Point","coordinates":[17.03037909829533,51.14223539603089]}},{"type":"Feature","properties":{"district":2,"street":"Stanisława Przybyszewskiego","number":"47a","postal_code":"51-151","source_objectid":45855},"geometry":{"type":"Point","coordinates":[17.06078904003594,51.13730695560234]}},{"type":"Feature","properties":{"district":3,"street":"Marii Konopnickiej","number":"19b","postal_code":"51-142","source_objectid":45863},"geometry":{"type":"Point","coordinates":[17.048536344589944,51.141235185017706]}},{"type":"Feature","properties":{"district":5,"street":"Serbska","number":"13","postal_code":"51-111","source_objectid":45872},"geometry":{"type":"Point","coordinates":[17.020042729412637,51.135483673708514]}},{"type":"Feature","properties":{"district":3,"street":"Władysława Syrokomli","number":"31","postal_code":"51-141","source_objectid":45917},"geometry":{"type":"Point","coordinates":[17.04773181952503,51.14026225081468]}},{"type":"Feature","properties":{"district":3,"street":"Torowa","number":"18","postal_code":"51-125","source_objectid":45919},"geometry":{"type":"Point","coordinates":[17.038904751913137,51.148971718949284]}},{"type":"Feature","properties":{"district":1,"street":"Wacława Potockiego","number":"5a","postal_code":"51-153","source_objectid":45962},"geometry":{"type":"Point","coordinates":[17.049661357864142,51.13653111634478]}},{"type":"Feature","properties":{"district":5,"street":"Bałtycka","number":"11","postal_code":"51-109","source_objectid":45978},"geometry":{"type":"Point","coordinates":[17.031743088629213,51.13894523837724]}},{"type":"Feature","properties":{"district":5,"street":"Chorwacka","number":"48","postal_code":"51-107","source_objectid":45996},"geometry":{"type":"Point","coordinates":[17.02341210864956,51.13786456038994]}},{"type":"Feature","properties":{"district":3,"street":"Jutrosińska","number":"29","postal_code":"51-124","source_objectid":46003},"geometry":{"type":"Point","coordinates":[17.045988404210824,51.14563870610983]}},{"type":"Feature","properties":{"district":2,"street":"Koszarowa","number":"8p","postal_code":"51-149","source_objectid":46025},"geometry":{"type":"Point","coordinates":[17.06443218361168,51.141403219165866]}},{"type":"Feature","properties":{"district":1,"street":"Tadeusza Boya-Żeleńskiego","number":"16","postal_code":"51-160","source_objectid":46034},"geometry":{"type":"Point","coordinates":[17.055245596843534,51.136455764357635]}},{"type":"Feature","properties":{"district":3,"street":"Marii Konopnickiej","number":"36","postal_code":"51-141","source_objectid":46041},"geometry":{"type":"Point","coordinates":[17.04580437104626,51.14121027571072]}},{"type":"Feature","properties":{"district":3,"street":"Jana Brzechwy","number":"43","postal_code":"51-141","source_objectid":46062},"geometry":{"type":"Point","coordinates":[17.046383152192345,51.14060456376815]}},{"type":"Feature","properties":{"district":2,"street":"Piotra Czajkowskiego","number":"97","postal_code":"51-147","source_objectid":46094},"geometry":{"type":"Point","coordinates":[17.05763616040346,51.141741765546065]}},{"type":"Feature","properties":{"district":3,"street":"Roberta Kocha","number":"1a","postal_code":"51-112","source_objectid":46123},"geometry":{"type":"Point","coordinates":[17.04064785952021,51.141867863542274]}},{"type":"Feature","properties":{"district":4,"street":"Obornicka","number":"32","postal_code":"51-113","source_objectid":46136},"geometry":{"type":"Point","coordinates":[17.032710125445874,51.13543222664338]}},{"type":"Feature","properties":{"district":4,"street":"Żmigrodzka","number":"54","postal_code":"51-120","source_objectid":46148},"geometry":{"type":"Point","coordinates":[17.03308576305088,51.13802330176603]}},{"type":"Feature","properties":{"district":1,"street":"Bolesława Leśmiana","number":"11","postal_code":"51-141","source_objectid":46163},"geometry":{"type":"Point","coordinates":[17.04857002769427,51.140715875828526]}},{"type":"Feature","properties":{"district":1,"street":"Bolesława Krzywoustego","number":"85a","postal_code":"51-166","source_objectid":46186},"geometry":{"type":"Point","coordinates":[17.0772356633616,51.13830753463446]}},{"type":"Feature","properties":{"district":1,"street":"Tadeusza Boya-Żeleńskiego","number":"18-20","postal_code":"51-160","source_objectid":46196},"geometry":{"type":"Point","coordinates":[17.055473594984996,51.1363435363768]}},{"type":"Feature","properties":{"district":3,"street":"Henryka Michała Kamieńskiego","number":"126","postal_code":"51-124","source_objectid":46209},"geometry":{"type":"Point","coordinates":[17.04145885709915,51.14848916931467]}},{"type":"Feature","properties":{"district":3,"street":"Torowa","number":"23","postal_code":"51-125","source_objectid":46210},"geometry":{"type":"Point","coordinates":[17.03839096170421,51.15000220264162]}},{"type":"Feature","properties":{"district":5,"street":"Teodora Parnickiego","number":"15","postal_code":"51-116","source_objectid":46237},"geometry":{"type":"Point","coordinates":[17.03014872799095,51.139044695007875]}},{"type":"Feature","properties":{"district":4,"street":"Obornicka","number":"117-119","postal_code":"51-114","source_objectid":46247},"geometry":{"type":"Point","coordinates":[17.02438496392932,51.14440630604533]}},{"type":"Feature","properties":{"district":4,"street":"Na Polance","number":"12a","postal_code":"51-109","source_objectid":46258},"geometry":{"type":"Point","coordinates":[17.032515509852207,51.133216607677696]}},{"type":"Feature","properties":{"district":5,"street":"Teodora Parnickiego","number":"17","postal_code":"51-116","source_objectid":46282},"geometry":{"type":"Point","coordinates":[17.030249088873557,51.13893470278401]}},{"type":"Feature","properties":{"district":1,"street":"Leopolda Staffa","number":"30","postal_code":"51-144","source_objectid":46309},"geometry":{"type":"Point","coordinates":[17.057669579987067,51.140647852456894]}},{"type":"Feature","properties":{"district":5,"street":"Czeska","number":"36","postal_code":"51-112","source_objectid":46312},"geometry":{"type":"Point","coordinates":[17.026724918615244,51.13674068247136]}},{"type":"Feature","properties":{"district":3,"street":"Wincentego Pola","number":"51","postal_code":"51-140","source_objectid":46353},"geometry":{"type":"Point","coordinates":[17.042801857991783,51.140953690983835]}},{"type":"Feature","properties":{"district":4,"street":"Obornicka","number":"31","postal_code":"51-113","source_objectid":46365},"geometry":{"type":"Point","coordinates":[17.03112422207599,51.13707095725635]}},{"type":"Feature","properties":{"district":5,"street":"Bezpieczna","number":"5","postal_code":"51-114","source_objectid":46382},"geometry":{"type":"Point","coordinates":[17.02489332344952,51.14129043564383]}},{"type":"Feature","properties":{"district":3,"street":"Marii Konopnickiej","number":"13","postal_code":"51-141","source_objectid":46412},"geometry":{"type":"Point","coordinates":[17.044393167910155,51.14081485098089]}},{"type":"Feature","properties":{"district":1,"street":"gen. Józefa Wybickiego","number":"15","postal_code":"51-144","source_objectid":46413},"geometry":{"type":"Point","coordinates":[17.056182336502268,51.139652114960406]}},{"type":"Feature","properties":{"district":5,"street":"Serbska","number":"6","postal_code":"51-111","source_objectid":46427},"geometry":{"type":"Point","coordinates":[17.020265863455702,51.13476929169388]}},{"type":"Feature","properties":{"district":3,"street":"Wacława Gąsiorowskiego","number":"26","postal_code":"51-142","source_objectid":46441},"geometry":{"type":"Point","coordinates":[17.044156193708247,51.143863414067994]}},{"type":"Feature","properties":{"district":1,"street":"Zenona Miriama Przesmyckiego","number":"19","postal_code":"51-151","source_objectid":46474},"geometry":{"type":"Point","coordinates":[17.06495568963056,51.13743478787809]}},{"type":"Feature","properties":{"district":5,"street":"Jugosłowiańska","number":"110a","postal_code":"51-112","source_objectid":46483},"geometry":{"type":"Point","coordinates":[17.021288392852423,51.13685196646343]}},{"type":"Feature","properties":{"district":1,"street":"Marcina Kromera","number":"23b","postal_code":"51-163","source_objectid":46496},"geometry":{"type":"Point","coordinates":[17.06616707907252,51.1325329863812]}},{"type":"Feature","properties":{"district":2,"street":"Piotra Czajkowskiego","number":"55","postal_code":"51-171","source_objectid":46497},"geometry":{"type":"Point","coordinates":[17.064724924887564,51.14045132018736]}},{"type":"Feature","properties":{"district":3,"street":"Henryka Michała Kamieńskiego","number":"59","postal_code":"51-124","source_objectid":46522},"geometry":{"type":"Point","coordinates":[17.042842399278573,51.14597638144939]}},{"type":"Feature","properties":{"district":3,"street":"Wincentego Pola","number":"8","postal_code":"51-140","source_objectid":46531},"geometry":{"type":"Point","coordinates":[17.043535445199158,51.13732775900765]}},{"type":"Feature","properties":{"district":4,"street":"ks. Norberta Bonczyka","number":"10","postal_code":"51-138","source_objectid":46549},"geometry":{"type":"Point","coordinates":[17.038722881032733,51.13557775024795]}},{"type":"Feature","properties":{"district":1,"street":"Leopolda Staffa","number":"40","postal_code":"51-144","source_objectid":46570},"geometry":{"type":"Point","coordinates":[17.05734537399771,51.14079185176722]}},{"type":"Feature","properties":{"district":1,"street":"Juliana Klaczki","number":"14","postal_code":"51-151","source_objectid":46588},"geometry":{"type":"Point","coordinates":[17.062241732740965,51.136577174404586]}},{"type":"Feature","properties":{"district":1,"street":"Marcina Kromera","number":"53","postal_code":"51-163","source_objectid":46600},"geometry":{"type":"Point","coordinates":[17.069946174821727,51.135247735036636]}},{"type":"Feature","properties":{"district":2,"street":"Stanisława Przybyszewskiego","number":"30","postal_code":"51-151","source_objectid":46611},"geometry":{"type":"Point","coordinates":[17.060145902495105,51.13656493515364]}},{"type":"Feature","properties":{"district":1,"street":"Tadeusza Boya-Żeleńskiego","number":"70","postal_code":"51-162","source_objectid":46624},"geometry":{"type":"Point","coordinates":[17.06278155931672,51.13263673904827]}},{"type":"Feature","properties":{"district":1,"street":"Jana Długosza","number":"10","postal_code":"51-162","source_objectid":46644},"geometry":{"type":"Point","coordinates":[17.05955026121545,51.133048522569936]}},{"type":"Feature","properties":{"district":3,"street":"Władysława Anczyca","number":"11","postal_code":"51-141","source_objectid":46654},"geometry":{"type":"Point","coordinates":[17.044398267868175,51.13911505889893]}},{"type":"Feature","properties":{"district":5,"street":"Zaułek Rogoziński","number":"11","postal_code":"51-116","source_objectid":46658},"geometry":{"type":"Point","coordinates":[17.02974474778801,51.14102468615373]}},{"type":"Feature","properties":{"district":3,"street":"Krzysztofa Kamila Baczyńskiego","number":"8","postal_code":"51-122","source_objectid":46662},"geometry":{"type":"Point","coordinates":[17.039262664239793,51.141714564457764]}},{"type":"Feature","properties":{"district":2,"street":"Stanisława Przybyszewskiego","number":"82b","postal_code":"51-148","source_objectid":46664},"geometry":{"type":"Point","coordinates":[17.059862979023006,51.13950580574455]}},{"type":"Feature","properties":{"district":5,"street":"Łużycka","number":"14a","postal_code":"51-111","source_objectid":46673},"geometry":{"type":"Point","coordinates":[17.017425865636245,51.13740250438084]}},{"type":"Feature","properties":{"district":1,"street":"Marcina Kromera","number":"1","postal_code":"51-163","source_objectid":46737},"geometry":{"type":"Point","coordinates":[17.062244104266433,51.131002688693066]}},{"type":"Feature","properties":{"district":5,"street":"Bułgarska","number":"4","postal_code":"51-112","source_objectid":46753},"geometry":{"type":"Point","coordinates":[17.026810922409435,51.135106197067074]}},{"type":"Feature","properties":{"district":1,"street":"Jana Długosza","number":"21","postal_code":"51-162","source_objectid":46799},"geometry":{"type":"Point","coordinates":[17.061302549299082,51.13255561166432]}},{"type":"Feature","properties":{"district":2,"street":"Sportowa","number":"16","postal_code":"51-149","source_objectid":46824},"geometry":{"type":"Point","coordinates":[17.06303182438634,51.14366592663174]}},{"type":"Feature","properties":{"district":1,"street":"bp. Ignacego Krasickiego","number":"9a","postal_code":"51-144","source_objectid":46829},"geometry":{"type":"Point","coordinates":[17.05743307707427,51.13960790436358]}},{"type":"Feature","properties":{"district":3,"street":"Jana Brzechwy","number":"5b","postal_code":"51-141","source_objectid":46833},"geometry":{"type":"Point","coordinates":[17.047116282462255,51.13906788963311]}},{"type":"Feature","properties":{"district":1,"street":"Władysława Orkana","number":"28","postal_code":"51-153","source_objectid":46877},"geometry":{"type":"Point","coordinates":[17.054305567279187,51.134405872265006]}},{"type":"Feature","properties":{"district":1,"street":"gen. Józefa Wybickiego","number":"10","postal_code":"51-144","source_objectid":46958},"geometry":{"type":"Point","coordinates":[17.053909388054198,51.13962794282374]}},{"type":"Feature","properties":{"district":5,"street":"Bułgarska","number":"17","postal_code":"51-112","source_objectid":46981},"geometry":{"type":"Point","coordinates":[17.027267754994,51.136065023211664]}},{"type":"Feature","properties":{"district":2,"street":"Sportowa","number":"27a","postal_code":"51-149","source_objectid":47017},"geometry":{"type":"Point","coordinates":[17.06400491137028,51.144257972006706]}},{"type":"Feature","properties":{"district":1,"street":"Adama Asnyka","number":"24a","postal_code":"51-143","source_objectid":47022},"geometry":{"type":"Point","coordinates":[17.052218569772936,51.14006855322008]}},{"type":"Feature","properties":{"district":1,"street":"marsz. Józefa Piłsudskiego","number":"15","postal_code":"51-152","source_objectid":47058},"geometry":{"type":"Point","coordinates":[17.055459734882767,51.13694926342287]}},{"type":"Feature","properties":{"district":2,"street":"Sołtysowicka","number":"21f","postal_code":"51-168","source_objectid":47065},"geometry":{"type":"Point","coordinates":[17.07422227405656,51.140759742259405]}},{"type":"Feature","properties":{"district":3,"street":"Marii Konopnickiej","number":"17","postal_code":"51-141","source_objectid":47068},"geometry":{"type":"Point","coordinates":[17.046730323754794,51.14107890967295]}},{"type":"Feature","properties":{"district":4,"street":"Żmigrodzka","number":"30","postal_code":"51-120","source_objectid":47073},"geometry":{"type":"Point","coordinates":[17.035117132880007,51.137067218569655]}},{"type":"Feature","properties":{"district":3,"street":"Roberta Kocha","number":"10a","postal_code":"51-112","source_objectid":47090},"geometry":{"type":"Point","coordinates":[17.039737399951473,51.142408013829716]}},{"type":"Feature","properties":{"district":5,"street":"Jugosłowiańska","number":"138","postal_code":"51-112","source_objectid":47161},"geometry":{"type":"Point","coordinates":[17.01859666259027,51.138649051770756]}},{"type":"Feature","properties":{"district":5,"street":"Czeska","number":"20","postal_code":"51-112","source_objectid":47170},"geometry":{"type":"Point","coordinates":[17.02509331737022,51.13560042756689]}},{"type":"Feature","properties":{"district":1,"street":"Ludwika Nabielaka","number":"17","postal_code":"51-140","source_objectid":47198},"geometry":{"type":"Point","coordinates":[17.046565328628464,51.138458009771476]}},{"type":"Feature","properties":{"district":1,"street":"Władysława Orkana","number":"2","postal_code":"51-153","source_objectid":47216},"geometry":{"type":"Point","coordinates":[17.050926693917777,51.13547503977946]}},{"type":"Feature","properties":{"district":5,"street":"Jugosłowiańska","number":"56b","postal_code":"51-112","source_objectid":47237},"geometry":{"type":"Point","coordinates":[17.026604657289802,51.13432452842414]}},{"type":"Feature","properties":{"district":5,"street":"Jugosłowiańska","number":"90","postal_code":"51-112","source_objectid":47246},"geometry":{"type":"Point","coordinates":[17.022657831908248,51.13633421538926]}},{"type":"Feature","properties":{"district":1,"street":"Bolesława Krzywoustego","number":"74","postal_code":"51-166","source_objectid":47273},"geometry":{"type":"Point","coordinates":[17.076094757033548,51.13968869230425]}},{"type":"Feature","properties":{"district":4,"street":"ks. Norberta Bonczyka","number":"32","postal_code":"51-138","source_objectid":47291},"geometry":{"type":"Point","coordinates":[17.038028963082766,51.137925930931075]}},{"type":"Feature","properties":{"district":3,"street":"Władysława Syrokomli","number":"5","postal_code":"51-141","source_objectid":47295},"geometry":{"type":"Point","coordinates":[17.048194727036233,51.138364817472564]}},{"type":"Feature","properties":{"district":3,"street":"Jutrosińska","number":"2","postal_code":"51-124","source_objectid":47296},"geometry":{"type":"Point","coordinates":[17.04277136166845,51.14697919614897]}},{"type":"Feature","properties":{"district":4,"street":"ks. Norberta Bonczyka","number":"24a","postal_code":"51-138","source_objectid":47338},"geometry":{"type":"Point","coordinates":[17.038347923625267,51.13722543752859]}},{"type":"Feature","properties":{"district":4,"street":"Obornicka","number":"197","postal_code":"51-114","source_objectid":47342},"geometry":{"type":"Point","coordinates":[17.01728329440646,51.15198039125825]}},{"type":"Feature","properties":{"district":2,"street":"Koszarowa","number":"8k","postal_code":"51-149","source_objectid":47394},"geometry":{"type":"Point","coordinates":[17.065047300015117,51.14101567778496]}},{"type":"Feature","properties":{"district":3,"street":"Henryka Michała Kamieńskiego","number":"25","postal_code":"51-124","source_objectid":47417},"geometry":{"type":"Point","coordinates":[17.036929851806654,51.142064268182146]}},{"type":"Feature","properties":{"district":1,"street":"Wacława Potockiego","number":"3c","postal_code":"51-153","source_objectid":47420},"geometry":{"type":"Point","coordinates":[17.050037297723474,51.13659323259329]}},{"type":"Feature","properties":{"district":3,"street":"Kornela Makuszyńskiego","number":"18","postal_code":"51-142","source_objectid":47428},"geometry":{"type":"Point","coordinates":[17.051484294054138,51.14194472502567]}},{"type":"Feature","properties":{"district":1,"street":"Toruńska","number":"36a","postal_code":"51-164","source_objectid":47459},"geometry":{"type":"Point","coordinates":[17.07240198651264,51.13125140235102]}},{"type":"Feature","properties":{"district":3,"street":"Włodzimierza Perzyńskiego","number":"12","postal_code":"51-141","source_objectid":47473},"geometry":{"type":"Point","coordinates":[17.043182360584602,51.14163210647456]}},{"type":"Feature","properties":{"district":3,"street":"Samuela Bogumiła Lindego","number":"1","postal_code":"51-138","source_objectid":47478},"geometry":{"type":"Point","coordinates":[17.04040993411984,51.13656816881413]}},{"type":"Feature","properties":{"district":1,"street":"Gustawa Daniłowskiego","number":"1","postal_code":"51-151","source_objectid":47482},"geometry":{"type":"Point","coordinates":[17.060446090126206,51.1379437957429]}},{"type":"Feature","properties":{"district":4,"street":"Na Polance","number":"6c","postal_code":"51-109","source_objectid":47485},"geometry":{"type":"Point","coordinates":[17.034032340821604,51.1337894537994]}},{"type":"Feature","properties":{"district":3,"street":"Stanisława Grochowiaka","number":"10","postal_code":"51-142","source_objectid":47494},"geometry":{"type":"Point","coordinates":[17.045845833323295,51.1436034671668]}},{"type":"Feature","properties":{"district":3,"street":"Włodzimierza Perzyńskiego","number":"13","postal_code":"51-141","source_objectid":47505},"geometry":{"type":"Point","coordinates":[17.043451662423614,51.14181412914261]}},{"type":"Feature","properties":{"district":3,"street":"Wacława Gąsiorowskiego","number":"19","postal_code":"51-142","source_objectid":47511},"geometry":{"type":"Point","coordinates":[17.044518654915365,51.14335502715822]}},{"type":"Feature","properties":{"district":1,"street":"Ludwika Nabielaka","number":"4a","postal_code":"51-140","source_objectid":47525},"geometry":{"type":"Point","coordinates":[17.044499110307978,51.138562003802306]}},{"type":"Feature","properties":{"district":4,"street":"Na Polance","number":"8b","postal_code":"51-109","source_objectid":47546},"geometry":{"type":"Point","coordinates":[17.033562340041343,51.133555012943184]}},{"type":"Feature","properties":{"district":3,"street":"Jana Brzechwy","number":"50","postal_code":"51-141","source_objectid":47571},"geometry":{"type":"Point","coordinates":[17.04493755456246,51.14148185233828]}},{"type":"Feature","properties":{"district":1,"street":"Bolesława Krzywoustego","number":"7","postal_code":"51-165","source_objectid":47579},"geometry":{"type":"Point","coordinates":[17.071566342628888,51.13568889794379]}},{"type":"Feature","properties":{"district":2,"street":"Koszarowa","number":"10","postal_code":"51-149","source_objectid":47596},"geometry":{"type":"Point","coordinates":[17.061815529120725,51.1423470974771]}},{"type":"Feature","properties":{"district":3,"street":"Jana Brzechwy","number":"83","postal_code":"51-141","source_objectid":47620},"geometry":{"type":"Point","coordinates":[17.04538473892382,51.142646901784516]}},{"type":"Feature","properties":{"district":3,"street":"Maurycego Mochnackiego","number":"13","postal_code":"51-122","source_objectid":47645},"geometry":{"type":"Point","coordinates":[17.038700750715027,51.141719754922796]}},{"type":"Feature","properties":{"district":1,"street":"Tadeusza Boya-Żeleńskiego","number":"41a","postal_code":"51-160","source_objectid":47657},"geometry":{"type":"Point","coordinates":[17.057244214479553,51.134934960262015]}},{"type":"Feature","properties":{"district":1,"street":"Tadeusza Micińskiego","number":"9","postal_code":"51-152","source_objectid":47670},"geometry":{"type":"Point","coordinates":[17.057426030445328,51.13639903171029]}},{"type":"Feature","properties":{"district":1,"street":"Grudziądzka","number":"118","postal_code":"51-165","source_objectid":47685},"geometry":{"type":"Point","coordinates":[17.076884174716835,51.13769397847925]}},{"type":"Feature","properties":{"district":3,"street":"Jana Brzechwy","number":"8","postal_code":"51-141","source_objectid":47691},"geometry":{"type":"Point","coordinates":[17.046275933569127,51.13934027611293]}},{"type":"Feature","properties":{"district":4,"street":"Żmigrodzka","number":"15","postal_code":"51-118","source_objectid":47734},"geometry":{"type":"Point","coordinates":[17.03701520397645,51.1352332866128]}},{"type":"Feature","properties":{"district":3,"street":"Bohdana Zaleskiego","number":"3","postal_code":"51-138","source_objectid":47752},"geometry":{"type":"Point","coordinates":[17.040071782845263,51.14041579498994]}},{"type":"Feature","properties":{"district":5,"street":"Czeska","number":"21","postal_code":"51-112","source_objectid":47762},"geometry":{"type":"Point","coordinates":[17.025339770810586,51.13540964456099]}},{"type":"Feature","properties":{"district":4,"street":"Żmigrodzka","number":"93a","postal_code":"51-130","source_objectid":47763},"geometry":{"type":"Point","coordinates":[17.032771981005677,51.14318739114552]}},{"type":"Feature","properties":{"district":5,"street":"Morawska","number":"24a","postal_code":"51-111","source_objectid":47766},"geometry":{"type":"Point","coordinates":[17.01954588230195,51.13684983974177]}},{"type":"Feature","properties":{"district":1,"street":"Marcina Kromera","number":"19","postal_code":"51-163","source_objectid":47774},"geometry":{"type":"Point","coordinates":[17.064329528244166,51.131581739807686]}},{"type":"Feature","properties":{"district":1,"street":"Marcina Kromera","number":"2","postal_code":"51-163","source_objectid":47776},"geometry":{"type":"Point","coordinates":[17.06016539814868,51.130804006226754]}},{"type":"Feature","properties":{"district":1,"street":"Wacława Potockiego","number":"33","postal_code":"51-153","source_objectid":47790},"geometry":{"type":"Point","coordinates":[17.054587313618253,51.13506937465751]}},{"type":"Feature","properties":{"district":3,"street":"Wincentego Pola","number":"62","postal_code":"51-123","source_objectid":47814},"geometry":{"type":"Point","coordinates":[17.040622215919214,51.1431000881668]}},{"type":"Feature","properties":{"district":1,"street":"Leopolda Staffa","number":"39","postal_code":"51-144","source_objectid":47830},"geometry":{"type":"Point","coordinates":[17.059142704170856,51.14063234804234]}},{"type":"Feature","properties":{"district":4,"street":"ks. Norberta Bonczyka","number":"50a","postal_code":"51-138","source_objectid":47837},"geometry":{"type":"Point","coordinates":[17.03960108123343,51.13922184796206]}},{"type":"Feature","properties":{"district":4,"street":"Obornicka","number":"18","postal_code":"51-113","source_objectid":47842},"geometry":{"type":"Point","coordinates":[17.034126154475505,51.13505990992955]}},{"type":"Feature","properties":{"district":1,"street":"Adolfa Dygasińskiego","number":"12","postal_code":"51-153","source_objectid":47849},"geometry":{"type":"Point","coordinates":[17.053735649963407,51.135098562202344]}},{"type":"Feature","properties":{"district":2,"street":"Stanisława Przybyszewskiego","number":"24","postal_code":"51-151","source_objectid":47852},"geometry":{"type":"Point","coordinates":[17.06005259827752,51.13616017286931]}},{"type":"Feature","properties":{"district":3,"street":"Włodzimierza Perzyńskiego","number":"16","postal_code":"51-141","source_objectid":47884},"geometry":{"type":"Point","coordinates":[17.042972052056673,51.14198359775051]}},{"type":"Feature","properties":{"district":4,"street":"ks. Norberta Bonczyka","number":"36","postal_code":"51-138","source_objectid":47918},"geometry":{"type":"Point","coordinates":[17.038435137568133,51.139318243859606]}},{"type":"Feature","properties":{"district":3,"street":"Henryka Michała Kamieńskiego","number":"56a","postal_code":"51-124","source_objectid":47933},"geometry":{"type":"Point","coordinates":[17.03858764835706,51.14372467524664]}},{"type":"Feature","properties":{"district":1,"street":"Wacława Berenta","number":"18","postal_code":"51-152","source_objectid":47937},"geometry":{"type":"Point","coordinates":[17.05714145785455,51.135620059670075]}},{"type":"Feature","properties":{"district":1,"street":"Wacława Berenta","number":"4","postal_code":"51-152","source_objectid":47990},"geometry":{"type":"Point","coordinates":[17.055848463429257,51.13408984789994]}},{"type":"Feature","properties":{"district":5,"street":"Chorwacka","number":"41","postal_code":"51-107","source_objectid":48027},"geometry":{"type":"Point","coordinates":[17.0257636572588,51.13855646456372]}},{"type":"Feature","properties":{"district":3,"street":"Wincentego Pola","number":"47","postal_code":"51-140","source_objectid":48040},"geometry":{"type":"Point","coordinates":[17.042898880483357,51.14049942027217]}},{"type":"Feature","properties":{"district":3,"street":"Władysława Syrokomli","number":"14","postal_code":"51-141","source_objectid":48062},"geometry":{"type":"Point","coordinates":[17.0476764575365,51.138846227990534]}},{"type":"Feature","properties":{"district":5,"street":"Bezpieczna","number":"28","postal_code":"51-114","source_objectid":48089},"geometry":{"type":"Point","coordinates":[17.02268615887016,51.139254194518855]}},{"type":"Feature","properties":{"district":1,"street":"Władysława Orkana","number":"29","postal_code":"51-153","source_objectid":48090},"geometry":{"type":"Point","coordinates":[17.05389006305357,51.1342569602209]}},{"type":"Feature","properties":{"district":4,"street":"ks. Norberta Bonczyka","number":"7","postal_code":"51-138","source_objectid":48094},"geometry":{"type":"Point","coordinates":[17.039288096727145,51.13562603948923]}},{"type":"Feature","properties":{"district":5,"street":"Jugosłowiańska","number":"54a","postal_code":"51-112","source_objectid":48110},"geometry":{"type":"Point","coordinates":[17.02675685235913,51.13401276606113]}},{"type":"Feature","properties":{"district":5,"street":"Morawska","number":"16","postal_code":"51-111","source_objectid":48126},"geometry":{"type":"Point","coordinates":[17.021101374597023,51.135926389815324]}},{"type":"Feature","properties":{"district":1,"street":"Kętrzyńska","number":"21","postal_code":"51-413","source_objectid":48129},"geometry":{"type":"Point","coordinates":[17.076607005171642,51.13383802486862]}},{"type":"Feature","properties":{"district":2,"street":"Piotra Czajkowskiego","number":"79","postal_code":"51-147","source_objectid":48155},"geometry":{"type":"Point","coordinates":[17.0599788254066,51.14116075777435]}},{"type":"Feature","properties":{"district":1,"street":"Bolesława Krzywoustego","number":"61","postal_code":"51-165","source_objectid":48159},"geometry":{"type":"Point","coordinates":[17.074416338807907,51.13773045199539]}},{"type":"Feature","properties":{"district":1,"street":"Adama Asnyka","number":"33","postal_code":"51-143","source_objectid":48165},"geometry":{"type":"Point","coordinates":[17.05612541826689,51.14164714809774]}},{"type":"Feature","properties":{"district":1,"street":"Wacława Berenta","number":"32","postal_code":"51-152","source_objectid":48179},"geometry":{"type":"Point","coordinates":[17.058075674141318,51.13647638965807]}},{"type":"Feature","properties":{"district":5,"street":"Słowacka","number":"10","postal_code":"51-111","source_objectid":48218},"geometry":{"type":"Point","coordinates":[17.02019197669387,51.13605738598767]}},{"type":"Feature","properties":{"district":1,"street":"Tadeusza Micińskiego","number":"2","postal_code":"51-152","source_objectid":48222},"geometry":{"type":"Point","coordinates":[17.0568787227662,51.136924972265376]}},{"type":"Feature","properties":{"district":3,"street":"Kornela Ujejskiego","number":"17","postal_code":"51-141","source_objectid":48235},"geometry":{"type":"Point","coordinates":[17.04512241521069,51.14066113319235]}},{"type":"Feature","properties":{"district":4,"street":"Jana Kasprowicza","number":"1a","postal_code":"51-136","source_objectid":48237},"geometry":{"type":"Point","coordinates":[17.03712026740875,51.13537138775051]}},{"type":"Feature","properties":{"district":5,"street":"Jugosłowiańska","number":"97","postal_code":"51-112","source_objectid":48245},"geometry":{"type":"Point","coordinates":[17.0216989705423,51.137802804040184]}},{"type":"Feature","properties":{"district":2,"street":"Koszarowa","number":"6i","postal_code":"51-149","source_objectid":48261},"geometry":{"type":"Point","coordinates":[17.067156909675212,51.14035783350946]}},{"type":"Feature","properties":{"district":1,"street":"Tadeusza Zelenaya","number":"5a","postal_code":"51-140","source_objectid":48285},"geometry":{"type":"Point","coordinates":[17.047359167057166,51.1382908976713]}},{"type":"Feature","properties":{"district":5,"street":"Serbska","number":"27a","postal_code":"51-111","source_objectid":48307},"geometry":{"type":"Point","coordinates":[17.018182414901982,51.13678793317059]}},{"type":"Feature","properties":{"district":3,"street":"Wincentego Pola","number":"41","postal_code":"51-140","source_objectid":48325},"geometry":{"type":"Point","coordinates":[17.042990612845326,51.140098405764256]}},{"type":"Feature","properties":{"district":5,"street":"Morawska","number":"1a","postal_code":"51-111","source_objectid":48336},"geometry":{"type":"Point","coordinates":[17.023234080848315,51.134766333189795]}},{"type":"Feature","properties":{"district":2,"street":"Sołtysowicka","number":"24","postal_code":"51-168","source_objectid":48352},"geometry":{"type":"Point","coordinates":[17.070297621913703,51.1418078239042]}},{"type":"Feature","properties":{"district":5,"street":"Bałtycka","number":"8","postal_code":"51-109","source_objectid":48375},"geometry":{"type":"Point","coordinates":[17.03034687654923,51.13879950013038]}},{"type":"Feature","properties":{"district":1,"street":"bp. Ignacego Krasickiego","number":"35","postal_code":"51-144","source_objectid":48385},"geometry":{"type":"Point","coordinates":[17.05574356527614,51.14112369174358]}},{"type":"Feature","properties":{"district":1,"street":"Teofila Lenartowicza","number":"14","postal_code":"51-140","source_objectid":48395},"geometry":{"type":"Point","coordinates":[17.044466747462916,51.13824482740171]}},{"type":"Feature","properties":{"district":4,"street":"Macedońska","number":"15","postal_code":"51-113","source_objectid":48397},"geometry":{"type":"Point","coordinates":[17.030701072320944,51.13447606522634]}},{"type":"Feature","properties":{"district":3,"street":"Henryka Michała Kamieńskiego","number":"154","postal_code":"51-124","source_objectid":48439},"geometry":{"type":"Point","coordinates":[17.04200058182304,51.14927939139954]}},{"type":"Feature","properties":{"district":1,"street":"Jana Długosza","number":"6","postal_code":"51-162","source_objectid":48440},"geometry":{"type":"Point","coordinates":[17.0604182423171,51.13242165738225]}},{"type":"Feature","properties":{"district":1,"street":"Franciszka Karpińskiego","number":"20","postal_code":"51-144","source_objectid":48460},"geometry":{"type":"Point","coordinates":[17.05454904196267,51.139985716113515]}},{"type":"Feature","properties":{"district":2,"street":"Stanisława Przybyszewskiego","number":"10","postal_code":"51-151","source_objectid":48463},"geometry":{"type":"Point","coordinates":[17.059574874208685,51.13520808696078]}},{"type":"Feature","properties":{"district":1,"street":"Władysława Orkana","number":"10","postal_code":"51-153","source_objectid":48489},"geometry":{"type":"Point","coordinates":[17.051916745376122,51.1351595677598]}},{"type":"Feature","properties":{"district":4,"street":"Na Polance","number":"8c","postal_code":"51-109","source_objectid":48500},"geometry":{"type":"Point","coordinates":[17.033505863068772,51.133686235731524]}},{"type":"Feature","properties":{"district":2,"street":"Piotra Czajkowskiego","number":"100","postal_code":"51-147","source_objectid":48502},"geometry":{"type":"Point","coordinates":[17.056729632181217,51.14153940063282]}},{"type":"Feature","properties":{"district":3,"street":"Wincentego Pola","number":"1","postal_code":"51-140","source_objectid":48509},"geometry":{"type":"Point","coordinates":[17.04394864731276,51.13704131132104]}},{"type":"Feature","properties":{"district":1,"street":"Tadeusza Zelenaya","number":"13","postal_code":"51-140","source_objectid":48510},"geometry":{"type":"Point","coordinates":[17.04636502149959,51.13804166631531]}},{"type":"Feature","properties":{"district":5,"street":"Jugosłowiańska","number":"82a","postal_code":"51-112","source_objectid":48518},"geometry":{"type":"Point","coordinates":[17.022822604278335,51.1357646408718]}},{"type":"Feature","properties":{"district":3,"street":"Jana Brzechwy","number":"87","postal_code":"51-141","source_objectid":48521},"geometry":{"type":"Point","coordinates":[17.044944058557274,51.14276400703335]}},{"type":"Feature","properties":{"district":3,"street":"Wincentego Pola","number":"13","postal_code":"51-140","source_objectid":48534},"geometry":{"type":"Point","coordinates":[17.043667000739383,51.13788892584563]}},{"type":"Feature","properties":{"district":1,"street":"Zenona Miriama Przesmyckiego","number":"11a","postal_code":"51-151","source_objectid":48535},"geometry":{"type":"Point","coordinates":[17.0632238213557,51.13771711910532]}},{"type":"Feature","properties":{"district":3,"street":"Władysława Syrokomli","number":"11a","postal_code":"51-141","source_objectid":48549},"geometry":{"type":"Point","coordinates":[17.048039854520518,51.13902221016284]}},{"type":"Feature","properties":{"district":1,"street":"Kętrzyńska","number":"38","postal_code":"51-413","source_objectid":48552},"geometry":{"type":"Point","coordinates":[17.078388002276778,51.13469367405499]}},{"type":"Feature","properties":{"district":5,"street":"Teodora Parnickiego","number":"18","postal_code":"51-116","source_objectid":48579},"geometry":{"type":"Point","coordinates":[17.03015261548191,51.1403165292875]}},{"type":"Feature","properties":{"district":5,"street":"Morawska","number":"26","postal_code":"51-111","source_objectid":48595},"geometry":{"type":"Point","coordinates":[17.0193579171249,51.13701943594192]}},{"type":"Feature","properties":{"district":1,"street":"Toruńska","number":"2","postal_code":"51-164","source_objectid":48632},"geometry":{"type":"Point","coordinates":[17.06642609252947,51.131919821126324]}},{"type":"Feature","properties":{"district":5,"street":"Zaułek Rogoziński","number":"5a","postal_code":"51-116","source_objectid":48670},"geometry":{"type":"Point","coordinates":[17.030592925208605,51.14143333217201]}},{"type":"Feature","properties":{"district":3,"street":"Ignacego Chrzanowskiego","number":"1","postal_code":"51-147","source_objectid":48673},"geometry":{"type":"Point","coordinates":[17.053127106982416,51.14301324015545]}},{"type":"Feature","properties":{"district":2,"street":"Piotra Czajkowskiego","number":"83","postal_code":"51-147","source_objectid":48772},"geometry":{"type":"Point","coordinates":[17.05937547316562,51.14126469934521]}},{"type":"Feature","properties":{"district":5,"street":"Jugosłowiańska","number":"79","postal_code":"51-112","source_objectid":48782},"geometry":{"type":"Point","coordinates":[17.023465358657724,51.137404977218495]}},{"type":"Feature","properties":{"district":3,"street":"Wincentego Pola","number":"50a","postal_code":"51-123","source_objectid":48784},"geometry":{"type":"Point","coordinates":[17.04138536573683,51.1421412987019]}},{"type":"Feature","properties":{"district":4,"street":"Obornicka","number":"105","postal_code":"51-114","source_objectid":48805},"geometry":{"type":"Point","coordinates":[17.02693767756753,51.143371486193594]}},{"type":"Feature","properties":{"district":1,"street":"Władysława Orkana","number":"37","postal_code":"51-153","source_objectid":48812},"geometry":{"type":"Point","coordinates":[17.055003013044274,51.133889777886615]}},{"type":"Feature","properties":{"district":3,"street":"Samuela Bogumiła Lindego","number":"10","postal_code":"51-138","source_objectid":48817},"geometry":{"type":"Point","coordinates":[17.03969301841876,51.13750253879163]}},{"type":"Feature","properties":{"district":1,"street":"Marcina Kromera","number":"25d","postal_code":"51-163","source_objectid":48838},"geometry":{"type":"Point","coordinates":[17.066440753323587,51.132966970866995]}},{"type":"Feature","properties":{"district":2,"street":"Sołtysowicka","number":"8","postal_code":"51-168","source_objectid":48862},"geometry":{"type":"Point","coordinates":[17.068530437553186,51.139370005932726]}},{"type":"Feature","properties":{"district":1,"street":"Wacława Potockiego","number":"8","postal_code":"51-153","source_objectid":48866},"geometry":{"type":"Point","coordinates":[17.051405164560688,51.136755199669]}},{"type":"Feature","properties":{"district":1,"street":"Wacława Potockiego","number":"9","postal_code":"51-153","source_objectid":48872},"geometry":{"type":"Point","coordinates":[17.05159755504536,51.136303133528436]}},{"type":"Feature","properties":{"district":1,"street":"Marcina Kromera","number":"16","postal_code":"51-163","source_objectid":48878},"geometry":{"type":"Point","coordinates":[17.06166924560077,51.13144946582743]}},{"type":"Feature","properties":{"district":5,"street":"Czeska","number":"38","postal_code":"51-112","source_objectid":48895},"geometry":{"type":"Point","coordinates":[17.02773540557501,51.13686753523611]}},{"type":"Feature","properties":{"district":1,"street":"Marcina Kromera","number":"7","postal_code":"51-163","source_objectid":48905},"geometry":{"type":"Point","coordinates":[17.06292205635213,51.131214795013015]}},{"type":"Feature","properties":{"district":5,"street":"Jugosłowiańska","number":"92a","postal_code":"51-112","source_objectid":48916},"geometry":{"type":"Point","coordinates":[17.02220198334376,51.136205826271365]}},{"type":"Feature","properties":{"district":3,"street":"Tadeusza Gajcego","number":"8","postal_code":"51-143","source_objectid":48972},"geometry":{"type":"Point","coordinates":[17.048721102920627,51.13931002990447]}},{"type":"Feature","properties":{"district":3,"street":"Wacława Gąsiorowskiego","number":"30","postal_code":"51-142","source_objectid":48977},"geometry":{"type":"Point","coordinates":[17.044510970422635,51.143570095415896]}},{"type":"Feature","properties":{"district":3,"street":"Kornela Ujejskiego","number":"4a","postal_code":"51-141","source_objectid":49014},"geometry":{"type":"Point","coordinates":[17.045111265142406,51.13920882819713]}},{"type":"Feature","properties":{"district":4,"street":"Na Polance","number":"6","postal_code":"51-109","source_objectid":49020},"geometry":{"type":"Point","coordinates":[17.034237864708455,51.13338725482143]}},{"type":"Feature","properties":{"district":5,"street":"Bezpieczna","number":"87","postal_code":"51-114","source_objectid":49023},"geometry":{"type":"Point","coordinates":[17.01983750338037,51.13903442539942]}},{"type":"Feature","properties":{"district":4,"street":"Jana Kasprowicza","number":"9a","postal_code":"51-136","source_objectid":49062},"geometry":{"type":"Point","coordinates":[17.038190806763026,51.13579055664619]}},{"type":"Feature","properties":{"district":3,"street":"Henryka Michała Kamieńskiego","number":"162","postal_code":"51-124","source_objectid":49071},"geometry":{"type":"Point","coordinates":[17.041397034911654,51.14890202391337]}},{"type":"Feature","properties":{"district":4,"street":"Jana Kasprowicza","number":"3","postal_code":"51-136","source_objectid":49077},"geometry":{"type":"Point","coordinates":[17.037446424371876,51.13543850150026]}},{"type":"Feature","properties":{"district":3,"street":"Kazimierza Brodzińskiego","number":"12","postal_code":"51-112","source_objectid":49091},"geometry":{"type":"Point","coordinates":[17.036415896489327,51.14160325302059]}},{"type":"Feature","properties":{"district":4,"street":"Żmigrodzka","number":"71","postal_code":"51-131","source_objectid":49096},"geometry":{"type":"Point","coordinates":[17.032923610267584,51.14001060679877]}},{"type":"Feature","properties":{"district":3,"street":"Wincentego Pola","number":"58","postal_code":"51-123","source_objectid":49099},"geometry":{"type":"Point","coordinates":[17.04084508624664,51.14275522162676]}},{"type":"Feature","properties":{"district":5,"street":"Jugosłowiańska","number":"100a","postal_code":"51-112","source_objectid":49101},"geometry":{"type":"Point","coordinates":[17.021779922509673,51.136522050006484]}},{"type":"Feature","properties":{"district":5,"street":"Chorwacka","number":"72","postal_code":"51-107","source_objectid":49111},"geometry":{"type":"Point","coordinates":[17.024446579824172,51.13929493526649]}},{"type":"Feature","properties":{"district":2,"street":"Koszarowa","number":"68","postal_code":"51-149","source_objectid":49121},"geometry":{"type":"Point","coordinates":[17.059078614718874,51.14189819315699]}},{"type":"Feature","properties":{"district":3,"street":"Marii Konopnickiej","number":"23","postal_code":"51-142","source_objectid":49137},"geometry":{"type":"Point","coordinates":[17.048960307475493,51.14127370190058]}},{"type":"Feature","properties":{"district":2,"street":"Jana Kasprowicza","number":"46","postal_code":"51-137","source_objectid":49138},"geometry":{"type":"Point","coordinates":[17.046662478262206,51.137495273548296]}},{"type":"Feature","properties":{"district":4,"street":"ks. Norberta Bonczyka","number":"34a","postal_code":"51-138","source_objectid":49141},"geometry":{"type":"Point","coordinates":[17.03866171583321,51.13959214225285]}},{"type":"Feature","properties":{"district":1,"street":"Władysława Orkana","number":"2a","postal_code":"51-153","source_objectid":49159},"geometry":{"type":"Point","coordinates":[17.05110994632521,51.13541994593366]}},{"type":"Feature","properties":{"district":3,"street":"Jana Brzechwy","number":"2b","postal_code":"51-141","source_objectid":49175},"geometry":{"type":"Point","coordinates":[17.046291519892378,51.138803685508165]}},{"type":"Feature","properties":{"district":3,"street":"Wincentego Pola","number":"30","postal_code":"51-140","source_objectid":49183},"geometry":{"type":"Point","coordinates":[17.042775126558624,51.13946578496262]}},{"type":"Feature","properties":{"district":3,"street":"Torowa","number":"21","postal_code":"51-125","source_objectid":49191},"geometry":{"type":"Point","coordinates":[17.039005937293254,51.14998436945279]}},{"type":"Feature","properties":{"district":1,"street":"Adama Asnyka","number":"2","postal_code":"51-143","source_objectid":49192},"geometry":{"type":"Point","coordinates":[17.052898438773337,51.13810175171386]}},{"type":"Feature","properties":{"district":1,"street":"Juliana Klaczki","number":"2","postal_code":"51-151","source_objectid":49198},"geometry":{"type":"Point","coordinates":[17.06073791319792,51.13573235117619]}},{"type":"Feature","properties":{"district":1,"street":"Juliana Klaczki","number":"3","postal_code":"51-151","source_objectid":49231},"geometry":{"type":"Point","coordinates":[17.061147903057456,51.13565889864538]}},{"type":"Feature","properties":{"district":5,"street":"Jugosłowiańska","number":"60","postal_code":"51-112","source_objectid":49246},"geometry":{"type":"Point","coordinates":[17.025805718835066,51.13449027872993]}},{"type":"Feature","properties":{"district":1,"street":"gen. Józefa Wybickiego","number":"6","postal_code":"51-144","source_objectid":49323},"geometry":{"type":"Point","coordinates":[17.053702698629586,51.139375621512784]}},{"type":"Feature","properties":{"district":2,"street":"Stanisława Przybyszewskiego","number":"1","postal_code":"51-151","source_objectid":49344},"geometry":{"type":"Point","coordinates":[17.05939315148494,51.13434598405685]}},{"type":"Feature","properties":{"district":4,"street":"Obornicka","number":"86a","postal_code":"51-114","source_objectid":49347},"geometry":{"type":"Point","coordinates":[17.026685970730743,51.14072330610428]}},{"type":"Feature","properties":{"district":3,"street":"Kornela Ujejskiego","number":"1","postal_code":"51-141","source_objectid":49356},"geometry":{"type":"Point","coordinates":[17.045607607708945,51.13859340323223]}},{"type":"Feature","properties":{"district":1,"street":"Tadeusza Zelenaya","number":"18","postal_code":"51-140","source_objectid":49359},"geometry":{"type":"Point","coordinates":[17.04688582147748,51.13789837373969]}},{"type":"Feature","properties":{"district":5,"street":"Morawska","number":"25","postal_code":"51-111","source_objectid":49371},"geometry":{"type":"Point","coordinates":[17.02001783249162,51.13695736528755]}},{"type":"Feature","properties":{"district":5,"street":"Morawska","number":"29","postal_code":"51-111","source_objectid":49407},"geometry":{"type":"Point","coordinates":[17.019461642706343,51.13735263546761]}},{"type":"Feature","properties":{"district":3,"street":"Tadeusza Gajcego","number":"15","postal_code":"51-143","source_objectid":49409},"geometry":{"type":"Point","coordinates":[17.049146484533054,51.13924872594063]}},{"type":"Feature","properties":{"district":5,"street":"Osobowicka","number":"2","postal_code":"51-110","source_objectid":49411},"geometry":{"type":"Point","coordinates":[17.026106717402243,51.13291551420448]}},{"type":"Feature","properties":{"district":4,"street":"Obornicka","number":"12","postal_code":"51-113","source_objectid":49414},"geometry":{"type":"Point","coordinates":[17.034761091319865,51.134876387299265]}},{"type":"Feature","properties":{"district":1,"street":"Juliana Klaczki","number":"13","postal_code":"51-151","source_objectid":49422},"geometry":{"type":"Point","coordinates":[17.061788788943105,51.13598696765586]}},{"type":"Feature","properties":{"district":3,"street":"Ignacego Chrzanowskiego","number":"72","postal_code":"51-141","source_objectid":49442},"geometry":{"type":"Point","coordinates":[17.045864678971324,51.14283426971018]}},{"type":"Feature","properties":{"district":4,"street":"Jana Kasprowicza","number":"7","postal_code":"51-136","source_objectid":49502},"geometry":{"type":"Point","coordinates":[17.037893379747825,51.1353323832786]}},{"type":"Feature","properties":{"district":5,"street":"Jugosłowiańska","number":"48","postal_code":"51-112","source_objectid":49539},"geometry":{"type":"Point","coordinates":[17.027144508596294,51.13399088337783]}},{"type":"Feature","properties":{"district":1,"street":"Tadeusza Boya-Żeleńskiego","number":"24","postal_code":"51-160","source_objectid":49565},"geometry":{"type":"Point","coordinates":[17.05641868108152,51.13608190756378]}},{"type":"Feature","properties":{"district":1,"street":"Tadeusza Boya-Żeleńskiego","number":"8b","postal_code":"51-160","source_objectid":49611},"geometry":{"type":"Point","coordinates":[17.054872438241663,51.13700527072827]}},{"type":"Feature","properties":{"district":1,"street":"bp. Ignacego Krasickiego","number":"19","postal_code":"51-144","source_objectid":49612},"geometry":{"type":"Point","coordinates":[17.056384134781343,51.140412118070905]}},{"type":"Feature","properties":{"district":3,"street":"Bohdana Zaleskiego","number":"12","postal_code":"51-138","source_objectid":49623},"geometry":{"type":"Point","coordinates":[17.039094562184925,51.13985692954082]}},{"type":"Feature","properties":{"district":3,"street":"Henryka Michała Kamieńskiego","number":"102","postal_code":"51-124","source_objectid":49648},"geometry":{"type":"Point","coordinates":[17.04142708354438,51.14726462870921]}},{"type":"Feature","properties":{"district":3,"street":"Jana Brzechwy","number":"42","postal_code":"51-141","source_objectid":49653},"geometry":{"type":"Point","coordinates":[17.045679570600885,51.141504926727976]}},{"type":"Feature","properties":{"district":5,"street":"Morawska","number":"14a","postal_code":"51-111","source_objectid":49713},"geometry":{"type":"Point","coordinates":[17.021174601960794,51.13562513883025]}},{"type":"Feature","properties":{"district":5,"street":"Bałtycka","number":"4","postal_code":"51-109","source_objectid":49720},"geometry":{"type":"Point","coordinates":[17.029919889725196,51.138281157671685]}},{"type":"Feature","properties":{"district":1,"street":"Wacława Potockiego","number":"13","postal_code":"51-153","source_objectid":49772},"geometry":{"type":"Point","coordinates":[17.05215783177953,51.136099628358735]}},{"type":"Feature","properties":{"district":3,"street":"Henryka Michała Kamieńskiego","number":"47","postal_code":"51-124","source_objectid":49793},"geometry":{"type":"Point","coordinates":[17.039414100293033,51.14331955160461]}},{"type":"Feature","properties":{"district":3,"street":"Krzysztofa Kamila Baczyńskiego","number":"1","postal_code":"51-122","source_objectid":49798},"geometry":{"type":"Point","coordinates":[17.040044636562676,51.14140148449316]}},{"type":"Feature","properties":{"district":4,"street":"Obornicka","number":"77a","postal_code":"51-114","source_objectid":49814},"geometry":{"type":"Point","coordinates":[17.028289225733392,51.14014343756039]}},{"type":"Feature","properties":{"district":5,"street":"Czeska","number":"35","postal_code":"51-112","source_objectid":49817},"geometry":{"type":"Point","coordinates":[17.028123321594784,51.136598238051015]}},{"type":"Feature","properties":{"district":1,"street":"Władysława Orkana","number":"67","postal_code":"51-153","source_objectid":49847},"geometry":{"type":"Point","coordinates":[17.058288279126415,51.133675975994365]}},{"type":"Feature","properties":{"district":4,"street":"Rowerowa","number":"11","postal_code":"51-138","source_objectid":49872},"geometry":{"type":"Point","coordinates":[17.037394082794435,51.13746770058334]}},{"type":"Feature","properties":{"district":1,"street":"Bolesława Krzywoustego","number":"39","postal_code":"51-165","source_objectid":49926},"geometry":{"type":"Point","coordinates":[17.07233963620384,51.13726519072439]}},{"type":"Feature","properties":{"district":5,"street":"Obodrzycka","number":"12","postal_code":"51-112","source_objectid":49943},"geometry":{"type":"Point","coordinates":[17.024838387912183,51.13448756648207]}},{"type":"Feature","properties":{"district":4,"street":"Obornicka","number":"75","postal_code":"51-114","source_objectid":49966},"geometry":{"type":"Point","coordinates":[17.02846863968624,51.139845177113315]}},{"type":"Feature","properties":{"district":5,"street":"Czeska","number":"31a","postal_code":"51-112","source_objectid":49983},"geometry":{"type":"Point","coordinates":[17.027231602337487,51.136256858487904]}},{"type":"Feature","properties":{"district":4,"street":"Obornicka","number":"101a","postal_code":"51-114","source_objectid":50022},"geometry":{"type":"Point","coordinates":[17.026712088354568,51.14303667745878]}},{"type":"Feature","properties":{"district":1,"street":"Jana Długosza","number":"25","postal_code":"51-162","source_objectid":50028},"geometry":{"type":"Point","coordinates":[17.062158968750577,51.13299863332031]}},{"type":"Feature","properties":{"district":1,"street":"Wacława Berenta","number":"37","postal_code":"51-152","source_objectid":50040},"geometry":{"type":"Point","coordinates":[17.058612616373594,51.136386843137586]}},{"type":"Feature","properties":{"district":1,"street":"Grudziądzka","number":"93","postal_code":"51-165","source_objectid":50042},"geometry":{"type":"Point","coordinates":[17.077501781075167,51.13760322899026]}},{"type":"Feature","properties":{"district":5,"street":"Morawska","number":"10","postal_code":"51-111","source_objectid":50054},"geometry":{"type":"Point","coordinates":[17.02188211303153,51.13538821156406]}},{"type":"Feature","properties":{"district":1,"street":"marsz. Józefa Piłsudskiego","number":"8","postal_code":"51-152","source_objectid":50091},"geometry":{"type":"Point","coordinates":[17.056888966889638,51.1373879045257]}},{"type":"Feature","properties":{"district":3,"street":"Skwer Obrońców Helu","number":"6","postal_code":"51-138","source_objectid":50093},"geometry":{"type":"Point","coordinates":[17.040257679121567,51.139910879950456]}},{"type":"Feature","properties":{"district":1,"street":"Adama Asnyka","number":"29","postal_code":"51-143","source_objectid":50115},"geometry":{"type":"Point","coordinates":[17.055668758432788,51.14128671710121]}},{"type":"Feature","properties":{"district":1,"street":"Wacława Potockiego","number":"16","postal_code":"51-153","source_objectid":50175},"geometry":{"type":"Point","coordinates":[17.052395229203977,51.13631937124008]}},{"type":"Feature","properties":{"district":5,"street":"Chorwacka","number":"46","postal_code":"51-107","source_objectid":50198},"geometry":{"type":"Point","coordinates":[17.02357998480388,51.13795851962377]}},{"type":"Feature","properties":{"district":1,"street":"Marcina Kromera","number":"27b","postal_code":"51-163","source_objectid":50205},"geometry":{"type":"Point","coordinates":[17.06668406845315,51.13303394399603]}},{"type":"Feature","properties":{"district":1,"street":"Wacława Berenta","number":"6","postal_code":"51-152","source_objectid":50207},"geometry":{"type":"Point","coordinates":[17.055995746542838,51.13422437128674]}},{"type":"Feature","properties":{"district":3,"street":"Samuela Bogumiła Lindego","number":"16","postal_code":"51-138","source_objectid":50221},"geometry":{"type":"Point","coordinates":[17.039540010280678,51.13801964349846]}},{"type":"Feature","properties":{"district":5,"street":"Lutycka","number":"11","postal_code":"51-112","source_objectid":50225},"geometry":{"type":"Point","coordinates":[17.02612442183614,51.134427336467546]}},{"type":"Feature","properties":{"district":3,"street":"Wincentego Pola","number":"66","postal_code":"51-123","source_objectid":50230},"geometry":{"type":"Point","coordinates":[17.040282129286236,51.14355370205702]}},{"type":"Feature","properties":{"district":3,"street":"Seweryna Goszczyńskiego","number":"1a","postal_code":"51-138","source_objectid":50248},"geometry":{"type":"Point","coordinates":[17.04170204182364,51.13948304017772]}},{"type":"Feature","properties":{"district":2,"street":"Koszarowa","number":"78","postal_code":"51-149","source_objectid":50254},"geometry":{"type":"Point","coordinates":[17.05968466030257,51.14235423894443]}},{"type":"Feature","properties":{"district":3,"street":"Tadeusza Gajcego","number":"24","postal_code":"51-143","source_objectid":50279},"geometry":{"type":"Point","coordinates":[17.049139138518186,51.14047237753634]}},{"type":"Feature","properties":{"district":3,"street":"Jana Brzechwy","number":"66","postal_code":"51-141","source_objectid":50282},"geometry":{"type":"Point","coordinates":[17.045570854891796,51.14204027163478]}},{"type":"Feature","properties":{"district":3,"street":"Wincentego Pola","number":"52","postal_code":"51-123","source_objectid":50318},"geometry":{"type":"Point","coordinates":[17.041345485008232,51.142187987644725]}},{"type":"Feature","properties":{"district":5,"street":"Bezpieczna","number":"37","postal_code":"51-114","source_objectid":50343},"geometry":{"type":"Point","coordinates":[17.02244080493463,51.14028112699257]}},{"type":"Feature","properties":{"district":4,"street":"Na Polance","number":"10b","postal_code":"51-109","source_objectid":50372},"geometry":{"type":"Point","coordinates":[17.033065167974975,51.13340198961436]}},{"type":"Feature","properties":{"district":3,"street":"Henryka Michała Kamieńskiego","number":"132","postal_code":"51-124","source_objectid":50384},"geometry":{"type":"Point","coordinates":[17.04200798968568,51.14829479972529]}},{"type":"Feature","properties":{"district":1,"street":"Leopolda Staffa","number":"4","postal_code":"51-144","source_objectid":50406},"geometry":{"type":"Point","coordinates":[17.058837883225102,51.13923086541398]}},{"type":"Feature","properties":{"district":5,"street":"Bezpieczna","number":"53","postal_code":"51-114","source_objectid":50417},"geometry":{"type":"Point","coordinates":[17.02155073667765,51.13981431249287]}},{"type":"Feature","properties":{"district":3,"street":"Marii Konopnickiej","number":"42","postal_code":"51-142","source_objectid":50466},"geometry":{"type":"Point","coordinates":[17.047699095768188,51.14137067674246]}},{"type":"Feature","properties":{"district":2,"street":"Koszarowa","number":"8f","postal_code":"51-149","source_objectid":50489},"geometry":{"type":"Point","coordinates":[17.06556238741879,51.14086531650913]}},{"type":"Feature","properties":{"district":2,"street":"Stanisława Przybyszewskiego","number":"49","postal_code":"51-151","source_objectid":50492},"geometry":{"type":"Point","coordinates":[17.060815780390705,51.1374320544044]}},{"type":"Feature","properties":{"district":3,"street":"Roberta Kocha","number":"1","postal_code":"51-112","source_objectid":50544},"geometry":{"type":"Point","coordinates":[17.04069053122211,51.14182236637985]}},{"type":"Feature","properties":{"district":1,"street":"Leopolda Staffa","number":"14a","postal_code":"51-144","source_objectid":50551},"geometry":{"type":"Point","coordinates":[17.058205406820896,51.13956423378615]}},{"type":"Feature","properties":{"district":2,"street":"Piotra Czajkowskiego","number":"87","postal_code":"51-147","source_objectid":50626},"geometry":{"type":"Point","coordinates":[17.05875053257111,51.14151373654799]}},{"type":"Feature","properties":{"district":1,"street":"Bolesława Leśmiana","number":"16","postal_code":"51-141","source_objectid":50627},"geometry":{"type":"Point","coordinates":[17.04828967691191,51.140677168800835]}},{"type":"Feature","properties":{"district":2,"street":"Stanisława Przybyszewskiego","number":"20","postal_code":"51-151","source_objectid":50628},"geometry":{"type":"Point","coordinates":[17.0599791458747,51.13586150397935]}},{"type":"Feature","properties":{"district":4,"street":"ks. Norberta Bonczyka","number":"23","postal_code":"51-138","source_objectid":50647},"geometry":{"type":"Point","coordinates":[17.038821744382204,51.137209357646675]}},{"type":"Feature","properties":{"district":3,"street":"Wincentego Pola","number":"64","postal_code":"51-123","source_objectid":50665},"geometry":{"type":"Point","coordinates":[17.04039177035351,51.14337660680722]}},{"type":"Feature","properties":{"district":5,"street":"Łużycka","number":"2","postal_code":"51-111","source_objectid":50674},"geometry":{"type":"Point","coordinates":[17.016327306225932,51.136249334776856]}},{"type":"Feature","properties":{"district":3,"street":"Ignacego Chrzanowskiego","number":"33","postal_code":"51-141","source_objectid":50692},"geometry":{"type":"Point","coordinates":[17.04995328055969,51.143748429681025]}},{"type":"Feature","properties":{"district":3,"street":"Ignacego Chrzanowskiego","number":"84","postal_code":"51-141","source_objectid":50696},"geometry":{"type":"Point","coordinates":[17.04457743354274,51.14293071993292]}},{"type":"Feature","properties":{"district":4,"street":"Zawalna","number":"21","postal_code":"51-139","source_objectid":50698},"geometry":{"type":"Point","coordinates":[17.04024556761607,51.1350230450455]}},{"type":"Feature","properties":{"district":4,"street":"Żmigrodzka","number":"26","postal_code":"51-120","source_objectid":50717},"geometry":{"type":"Point","coordinates":[17.035091736487225,51.1366883648309]}},{"type":"Feature","properties":{"district":1,"street":"bp. Ignacego Krasickiego","number":"27","postal_code":"51-144","source_objectid":50718},"geometry":{"type":"Point","coordinates":[17.056163383240772,51.1410433510002]}},{"type":"Feature","properties":{"district":2,"street":"Stanisława Przybyszewskiego","number":"91","postal_code":"51-148","source_objectid":50734},"geometry":{"type":"Point","coordinates":[17.06416438332758,51.14064332262778]}},{"type":"Feature","properties":{"district":4,"street":"Obornicka","number":"68","postal_code":"51-114","source_objectid":50743},"geometry":{"type":"Point","coordinates":[17.02670393450584,51.13815387975304]}},{"type":"Feature","properties":{"district":3,"street":"Mieczysława Romanowskiego","number":"50","postal_code":"51-122","source_objectid":50806},"geometry":{"type":"Point","coordinates":[17.041099113920122,51.14172650731318]}},{"type":"Feature","properties":{"district":3,"street":"Wincentego Pola","number":"23-25","postal_code":"51-140","source_objectid":50812},"geometry":{"type":"Point","coordinates":[17.04344547431532,51.13905530975108]}},{"type":"Feature","properties":{"district":1,"street":"Tadeusza Zelenaya","number":"16","postal_code":"51-140","source_objectid":50813},"geometry":{"type":"Point","coordinates":[17.046971302866964,51.137906594683585]}},{"type":"Feature","properties":{"district":5,"street":"Bułgarska","number":"9","postal_code":"51-112","source_objectid":50814},"geometry":{"type":"Point","coordinates":[17.027402591763128,51.13567567878751]}},{"type":"Feature","properties":{"district":2,"street":"Piotra Czajkowskiego","number":"71","postal_code":"51-147","source_objectid":50818},"geometry":{"type":"Point","coordinates":[17.06118832114974,51.140957876963284]}},{"type":"Feature","properties":{"district":3,"street":"Henryka Michała Kamieńskiego","number":"106","postal_code":"51-124","source_objectid":50826},"geometry":{"type":"Point","coordinates":[17.04087632577872,51.147321368923905]}},{"type":"Feature","properties":{"district":5,"street":"Bułgarska","number":"5a","postal_code":"51-112","source_objectid":50829},"geometry":{"type":"Point","coordinates":[17.027246382821886,51.13548366844729]}},{"type":"Feature","properties":{"district":1,"street":"Teofila Lenartowicza","number":"7","postal_code":"51-140","source_objectid":50830},"geometry":{"type":"Point","coordinates":[17.04501503794968,51.137747440827475]}},{"type":"Feature","properties":{"district":1,"street":"Wacława Berenta","number":"56","postal_code":"51-152","source_objectid":50835},"geometry":{"type":"Point","coordinates":[17.05923491897912,51.137659830398285]}},{"type":"Feature","properties":{"district":1,"street":"Galla Anonima","number":"2a","postal_code":"51-162","source_objectid":50845},"geometry":{"type":"Point","coordinates":[17.059742568337022,51.130963715579156]}},{"type":"Feature","properties":{"district":1,"street":"Zenona Miriama Przesmyckiego","number":"24","postal_code":"51-151","source_objectid":50866},"geometry":{"type":"Point","coordinates":[17.065118770580973,51.13788910633556]}},{"type":"Feature","properties":{"district":3,"street":"Wincentego Pola","number":"59","postal_code":"51-140","source_objectid":50867},"geometry":{"type":"Point","coordinates":[17.042691903399486,51.1415017885076]}},{"type":"Feature","properties":{"district":4,"street":"Jana Kasprowicza","number":"11","postal_code":"51-136","source_objectid":50872},"geometry":{"type":"Point","coordinates":[17.038253676720295,51.13578852061827]}},{"type":"Feature","properties":{"district":2,"street":"Piotra Czajkowskiego","number":"98","postal_code":"51-147","source_objectid":50876},"geometry":{"type":"Point","coordinates":[17.056992265594697,51.14148037104084]}},{"type":"Feature","properties":{"district":1,"street":"Wacława Potockiego","number":"8a","postal_code":"51-153","source_objectid":50891},"geometry":{"type":"Point","coordinates":[17.051538395639266,51.13698742197527]}},{"type":"Feature","properties":{"district":1,"street":"Tadeusza Boya-Żeleńskiego","number":"74","postal_code":"51-162","source_objectid":50900},"geometry":{"type":"Point","coordinates":[17.06317071017744,51.132443514234524]}},{"type":"Feature","properties":{"district":1,"street":"Tadeusza Zelenaya","number":"20","postal_code":"51-140","source_objectid":50917},"geometry":{"type":"Point","coordinates":[17.04654638200059,51.13792795168476]}},{"type":"Feature","properties":{"district":5,"street":"Jugosłowiańska","number":"65a","postal_code":"51-112","source_objectid":50933},"geometry":{"type":"Point","coordinates":[17.024263349083174,51.135744550169434]}},{"type":"Feature","properties":{"district":3,"street":"Marii Konopnickiej","number":"3a","postal_code":"51-141","source_objectid":50956},"geometry":{"type":"Point","coordinates":[17.041130100293827,51.14054887530762]}},{"type":"Feature","properties":{"district":5,"street":"Obodrzycka","number":"6a","postal_code":"51-112","source_objectid":50972},"geometry":{"type":"Point","coordinates":[17.024204090150903,51.13417412804416]}},{"type":"Feature","properties":{"district":1,"street":"Łąka Mazurska","number":"13","postal_code":"51-164","source_objectid":50977},"geometry":{"type":"Point","coordinates":[17.06482006578061,51.131133646138444]}},{"type":"Feature","properties":{"district":3,"street":"Tadeusza Gajcego","number":"29","postal_code":"51-143","source_objectid":50982},"geometry":{"type":"Point","coordinates":[17.049343445686773,51.14002069533728]}},{"type":"Feature","properties":{"district":1,"street":"Wacława Berenta","number":"48","postal_code":"51-152","source_objectid":50983},"geometry":{"type":"Point","coordinates":[17.05896126008373,51.13737678343133]}},{"type":"Feature","properties":{"district":3,"street":"Mieczysława Romanowskiego","number":"21a","postal_code":"51-122","source_objectid":50990},"geometry":{"type":"Point","coordinates":[17.038761101076666,51.14028784086896]}},{"type":"Feature","properties":{"district":5,"street":"Osobowicka","number":"63","postal_code":"51-008","source_objectid":51022},"geometry":{"type":"Point","coordinates":[17.00503584134781,51.13597087627754]}},{"type":"Feature","properties":{"district":3,"street":"Artura Oppmana","number":"3a","postal_code":"51-142","source_objectid":51070},"geometry":{"type":"Point","coordinates":[17.048886169263984,51.14223399248415]}},{"type":"Feature","properties":{"district":5,"street":"Bezpieczna","number":"4b","postal_code":"51-114","source_objectid":51100},"geometry":{"type":"Point","coordinates":[17.025649927788912,51.14114605683101]}},{"type":"Feature","properties":{"district":3,"street":"Jana Brzechwy","number":"12","postal_code":"51-141","source_objectid":51113},"geometry":{"type":"Point","coordinates":[17.04622930081354,51.13969002445539]}},{"type":"Feature","properties":{"district":2,"street":"Piotra Czajkowskiego","number":"49","postal_code":"51-171","source_objectid":51127},"geometry":{"type":"Point","coordinates":[17.065467465192757,51.14030155544233]}},{"type":"Feature","properties":{"district":3,"street":"Wincentego Pola","number":"9","postal_code":"51-140","source_objectid":51143},"geometry":{"type":"Point","coordinates":[17.04383684110141,51.13746574247384]}},{"type":"Feature","properties":{"district":5,"street":"Chorwacka","number":"23","postal_code":"51-107","source_objectid":51144},"geometry":{"type":"Point","coordinates":[17.025886152322,51.13651857660132]}},{"type":"Feature","properties":{"district":5,"street":"Chorwacka","number":"50","postal_code":"51-107","source_objectid":51153},"geometry":{"type":"Point","coordinates":[17.02417593213282,51.13838862354024]}},{"type":"Feature","properties":{"district":5,"street":"Zaułek Rogoziński","number":"6","postal_code":"51-116","source_objectid":51160},"geometry":{"type":"Point","coordinates":[17.03066615800872,51.142059978293574]}},{"type":"Feature","properties":{"district":4,"street":"Obornicka","number":"66","postal_code":"51-114","source_objectid":51178},"geometry":{"type":"Point","coordinates":[17.02780173284076,51.13855081545857]}},{"type":"Feature","properties":{"district":2,"street":"Piotra Czajkowskiego","number":"11","postal_code":"51-171","source_objectid":51186},"geometry":{"type":"Point","coordinates":[17.068939642186052,51.13720041610998]}},{"type":"Feature","properties":{"district":3,"street":"Krzysztofa Kamila Baczyńskiego","number":"11","postal_code":"51-122","source_objectid":51244},"geometry":{"type":"Point","coordinates":[17.039437999505694,51.14202145474374]}},{"type":"Feature","properties":{"district":1,"street":"Kazimierza Przerwy-Tetmajera","number":"9","postal_code":"51-153","source_objectid":51249},"geometry":{"type":"Point","coordinates":[17.05051735868137,51.13572693329043]}},{"type":"Feature","properties":{"district":5,"street":"Teodora Parnickiego","number":"23","postal_code":"51-116","source_objectid":51257},"geometry":{"type":"Point","coordinates":[17.03046225630541,51.1395421749538]}},{"type":"Feature","properties":{"district":3,"street":"Maurycego Mochnackiego","number":"16","postal_code":"51-122","source_objectid":51259},"geometry":{"type":"Point","coordinates":[17.038174016712034,51.14182827131089]}},{"type":"Feature","properties":{"district":2,"street":"Piotra Czajkowskiego","number":"65a","postal_code":"51-171","source_objectid":51272},"geometry":{"type":"Point","coordinates":[17.06407571984325,51.140251456259406]}},{"type":"Feature","properties":{"district":4,"street":"Żmigrodzka","number":"44","postal_code":"51-120","source_objectid":51307},"geometry":{"type":"Point","coordinates":[17.034046165824357,51.13766407370689]}},{"type":"Feature","properties":{"district":4,"street":"Jana Kasprowicza","number":"26","postal_code":"51-137","source_objectid":51311},"geometry":{"type":"Point","coordinates":[17.042032017004605,51.13707250855263]}},{"type":"Feature","properties":{"district":1,"street":"Ludwika Nabielaka","number":"4","postal_code":"51-140","source_objectid":51315},"geometry":{"type":"Point","coordinates":[17.04439420593252,51.13855806323771]}},{"type":"Feature","properties":{"district":1,"street":"Kazimierza Przerwy-Tetmajera","number":"15","postal_code":"51-153","source_objectid":51325},"geometry":{"type":"Point","coordinates":[17.050230171810632,51.135171774000476]}},{"type":"Feature","properties":{"district":1,"street":"Bolesława Leśmiana","number":"14","postal_code":"51-141","source_objectid":51327},"geometry":{"type":"Point","coordinates":[17.048319152335516,51.140557199178225]}},{"type":"Feature","properties":{"district":5,"street":"Łużycka","number":"16","postal_code":"51-111","source_objectid":51329},"geometry":{"type":"Point","coordinates":[17.017890179779975,51.13744028648399]}},{"type":"Feature","properties":{"district":3,"street":"Jutrosińska","number":"36","postal_code":"51-124","source_objectid":51345},"geometry":{"type":"Point","coordinates":[17.046949200808598,51.14660938284525]}},{"type":"Feature","properties":{"district":5,"street":"Morawska","number":"17","postal_code":"51-111","source_objectid":51352},"geometry":{"type":"Point","coordinates":[17.021154399157915,51.136289314806795]}},{"type":"Feature","properties":{"district":1,"street":"Wacława Berenta","number":"39","postal_code":"51-152","source_objectid":51359},"geometry":{"type":"Point","coordinates":[17.05865934337949,51.13643451375689]}},{"type":"Feature","properties":{"district":1,"street":"Leopolda Staffa","number":"33","postal_code":"51-144","source_objectid":51367},"geometry":{"type":"Point","coordinates":[17.05910419260075,51.14040104955789]}},{"type":"Feature","properties":{"district":3,"street":"Władysława Anczyca","number":"3-5","postal_code":"51-141","source_objectid":51372},"geometry":{"type":"Point","coordinates":[17.044008938951805,51.139228023325416]}},{"type":"Feature","properties":{"district":3,"street":"Krzysztofa Kamila Baczyńskiego","number":"7","postal_code":"51-122","source_objectid":51382},"geometry":{"type":"Point","coordinates":[17.03974622043936,51.14173495076093]}},{"type":"Feature","properties":{"district":1,"street":"Grudziądzka","number":"114","postal_code":"51-165","source_objectid":51448},"geometry":{"type":"Point","coordinates":[17.076533576112666,51.13758204957072]}},{"type":"Feature","properties":{"district":5,"street":"Bezpieczna","number":"26","postal_code":"51-114","source_objectid":51449},"geometry":{"type":"Point","coordinates":[17.0229341662106,51.139481979029625]}},{"type":"Feature","properties":{"district":3,"street":"Filomatów","number":"10","postal_code":"51-142","source_objectid":51463},"geometry":{"type":"Point","coordinates":[17.049873492925187,51.14268828103928]}},{"type":"Feature","properties":{"district":2,"street":"Koszarowa","number":"6f","postal_code":"51-149","source_objectid":51467},"geometry":{"type":"Point","coordinates":[17.067696985677227,51.14042195697447]}},{"type":"Feature","properties":{"district":1,"street":"Bolesława Krzywoustego","number":"35","postal_code":"51-165","source_objectid":51472},"geometry":{"type":"Point","coordinates":[17.07192735695916,51.137135156990134]}},{"type":"Feature","properties":{"district":1,"street":"bp. Ignacego Krasickiego","number":"23","postal_code":"51-144","source_objectid":51476},"geometry":{"type":"Point","coordinates":[17.05590441388129,51.14078902061087]}},{"type":"Feature","properties":{"district":3,"street":"Wincentego Pola","number":"31","postal_code":"51-140","source_objectid":51481},"geometry":{"type":"Point","coordinates":[17.04316014443019,51.13951736279857]}},{"type":"Feature","properties":{"district":4,"street":"Na Polance","number":"4b","postal_code":"51-109","source_objectid":51496},"geometry":{"type":"Point","coordinates":[17.034579601994206,51.13377247852363]}},{"type":"Feature","properties":{"district":5,"street":"Jugosłowiańska","number":"72","postal_code":"51-112","source_objectid":51497},"geometry":{"type":"Point","coordinates":[17.023615874636636,51.13569548355309]}},{"type":"Feature","properties":{"district":2,"street":"Sołtysowicka","number":"2","postal_code":"51-168","source_objectid":51527},"geometry":{"type":"Point","coordinates":[17.06775095948431,51.13882280815173]}},{"type":"Feature","properties":{"district":2,"street":"Jana Kasprowicza","number":"50","postal_code":"51-137","source_objectid":51528},"geometry":{"type":"Point","coordinates":[17.04768414974144,51.13741665844626]}},{"type":"Feature","properties":{"district":1,"street":"Wacława Potockiego","number":"12","postal_code":"51-153","source_objectid":51551},"geometry":{"type":"Point","coordinates":[17.05194869323674,51.1365234670133]}},{"type":"Feature","properties":{"district":3,"street":"Henryka Michała Kamieńskiego","number":"98","postal_code":"51-124","source_objectid":51555},"geometry":{"type":"Point","coordinates":[17.041472401427015,51.147021911405155]}},{"type":"Feature","properties":{"district":1,"street":"Wacława Berenta","number":"57","postal_code":"51-152","source_objectid":51572},"geometry":{"type":"Point","coordinates":[17.059287051237636,51.137090774061804]}},{"type":"Feature","properties":{"district":1,"street":"Tadeusza Zelenaya","number":"8","postal_code":"51-140","source_objectid":51579},"geometry":{"type":"Point","coordinates":[17.04742002364195,51.13794940030836]}},{"type":"Feature","properties":{"district":4,"street":"Zawalna","number":"4b","postal_code":"51-118","source_objectid":51637},"geometry":{"type":"Point","coordinates":[17.03784955629348,51.134371932982674]}},{"type":"Feature","properties":{"district":3,"street":"Marii Konopnickiej","number":"5b","postal_code":"51-141","source_objectid":51656},"geometry":{"type":"Point","coordinates":[17.04187871229693,51.14061907075266]}},{"type":"Feature","properties":{"district":3,"street":"Ignacego Chrzanowskiego","number":"12","postal_code":"51-147","source_objectid":51680},"geometry":{"type":"Point","coordinates":[17.05196865461512,51.142660118976465]}},{"type":"Feature","properties":{"district":1,"street":"Leopolda Staffa","number":"50","postal_code":"51-144","source_objectid":51694},"geometry":{"type":"Point","coordinates":[17.057885225587608,51.14123094945081]}},{"type":"Feature","properties":{"district":5,"street":"Bułgarska","number":"14","postal_code":"51-112","source_objectid":51701},"geometry":{"type":"Point","coordinates":[17.026945140052387,51.13588562967158]}},{"type":"Feature","properties":{"district":3,"street":"Jana Brzechwy","number":"41","postal_code":"51-141","source_objectid":51706},"geometry":{"type":"Point","coordinates":[17.046398961345428,51.140548875985864]}},{"type":"Feature","properties":{"district":4,"street":"Zawalna","number":"3","postal_code":"51-118","source_objectid":51763},"geometry":{"type":"Point","coordinates":[17.037461380568107,51.13469171911551]}},{"type":"Feature","properties":{"district":5,"street":"Jugosłowiańska","number":"40","postal_code":"51-112","source_objectid":51767},"geometry":{"type":"Point","coordinates":[17.027664173095967,51.134252678068584]}},{"type":"Feature","properties":{"district":5,"street":"Łużycka","number":"18b","postal_code":"51-111","source_objectid":51768},"geometry":{"type":"Point","coordinates":[17.01779070353608,51.13787974674817]}},{"type":"Feature","properties":{"district":3,"street":"Henryka Michała Kamieńskiego","number":"96","postal_code":"51-124","source_objectid":51776},"geometry":{"type":"Point","coordinates":[17.041426305059833,51.146903436786964]}},{"type":"Feature","properties":{"district":2,"street":"Stanisława Przybyszewskiego","number":"36","postal_code":"51-151","source_objectid":51777},"geometry":{"type":"Point","coordinates":[17.0602537582323,51.137098321154724]}},{"type":"Feature","properties":{"district":3,"street":"Kornela Ujejskiego","number":"14","postal_code":"51-141","source_objectid":51779},"geometry":{"type":"Point","coordinates":[17.04490873043963,51.14008579520897]}},{"type":"Feature","properties":{"district":1,"street":"Wacława Potockiego","number":"11","postal_code":"51-153","source_objectid":51787},"geometry":{"type":"Point","coordinates":[17.0520605488218,51.136144507271084]}},{"type":"Feature","properties":{"district":4,"street":"Żmigrodzka","number":"75","postal_code":"51-130","source_objectid":51812},"geometry":{"type":"Point","coordinates":[17.03283284815118,51.14060925913022]}},{"type":"Feature","properties":{"district":3,"street":"Wincentego Pola","number":"49","postal_code":"51-140","source_objectid":51816},"geometry":{"type":"Point","coordinates":[17.042862443490222,51.14070243186208]}},{"type":"Feature","properties":{"district":5,"street":"Czeska","number":"16","postal_code":"51-112","source_objectid":51861},"geometry":{"type":"Point","coordinates":[17.02409571641416,51.13520557866105]}},{"type":"Feature","properties":{"district":4,"street":"Obornicka","number":"47","postal_code":"51-113","source_objectid":51874},"geometry":{"type":"Point","coordinates":[17.031876315487683,51.138058963667774]}},{"type":"Feature","properties":{"district":3,"street":"Henryka Michała Kamieńskiego","number":"35","postal_code":"51-124","source_objectid":51878},"geometry":{"type":"Point","coordinates":[17.03789009882501,51.142622544366084]}},{"type":"Feature","properties":{"district":1,"street":"Franciszka Karpińskiego","number":"1","postal_code":"51-144","source_objectid":51886},"geometry":{"type":"Point","coordinates":[17.05647025845944,51.138611424344425]}},{"type":"Feature","properties":{"district":2,"street":"Jana Kasprowicza","number":"71","postal_code":"51-136","source_objectid":51917},"geometry":{"type":"Point","coordinates":[17.049539569430202,51.13717639225006]}},{"type":"Feature","properties":{"district":2,"street":"Koszarowa","number":"40","postal_code":"51-149","source_objectid":51932},"geometry":{"type":"Point","coordinates":[17.061450299359848,51.142106840893995]}},{"type":"Feature","properties":{"district":5,"street":"Jugosłowiańska","number":"77","postal_code":"51-112","source_objectid":51943},"geometry":{"type":"Point","coordinates":[17.023528791044026,51.137298520923416]}},{"type":"Feature","properties":{"district":1,"street":"Teofila Lenartowicza","number":"4","postal_code":"51-140","source_objectid":51948},"geometry":{"type":"Point","coordinates":[17.044639165760035,51.137666682456455]}},{"type":"Feature","properties":{"district":2,"street":"Piotra Czajkowskiego","number":"57","postal_code":"51-171","source_objectid":51952},"geometry":{"type":"Point","coordinates":[17.0646371320239,51.14058396129081]}},{"type":"Feature","properties":{"district":1,"street":"Bolesława Krzywoustego","number":"64","postal_code":"51-166","source_objectid":51963},"geometry":{"type":"Point","coordinates":[17.076116508617915,51.138565322484865]}},{"type":"Feature","properties":{"district":3,"street":"Samuela Bogumiła Lindego","number":"14","postal_code":"51-138","source_objectid":51983},"geometry":{"type":"Point","coordinates":[17.03958421557607,51.1378636135925]}},{"type":"Feature","properties":{"district":2,"street":"Jana Kasprowicza","number":"112","postal_code":"51-145","source_objectid":51992},"geometry":{"type":"Point","coordinates":[17.060448456485165,51.13895497813337]}},{"type":"Feature","properties":{"district":4,"street":"Obornicka","number":"80","postal_code":"51-114","source_objectid":52015},"geometry":{"type":"Point","coordinates":[17.027144635914762,51.14005957766721]}},{"type":"Feature","properties":{"district":1,"street":"Tadeusza Boya-Żeleńskiego","number":"14","postal_code":"51-160","source_objectid":52080},"geometry":{"type":"Point","coordinates":[17.05515982036393,51.13649846441107]}},{"type":"Feature","properties":{"district":1,"street":"gen. Józefa Wybickiego","number":"20","postal_code":"51-144","source_objectid":52098},"geometry":{"type":"Point","coordinates":[17.055630592760743,51.13972191548556]}},{"type":"Feature","properties":{"district":3,"street":"Marii Konopnickiej","number":"16","postal_code":"51-141","source_objectid":52126},"geometry":{"type":"Point","coordinates":[17.04164183008003,51.14082714597249]}},{"type":"Feature","properties":{"district":5,"street":"Jugosłowiańska","number":"130","postal_code":"51-112","source_objectid":52171},"geometry":{"type":"Point","coordinates":[17.020454472432768,51.13791519488834]}},{"type":"Feature","properties":{"district":1,"street":"Bolesława Krzywoustego","number":"71","postal_code":"51-166","source_objectid":52177},"geometry":{"type":"Point","coordinates":[17.075732159012027,51.13802517327811]}},{"type":"Feature","properties":{"district":1,"street":"Marcina Kromera","number":"57","postal_code":"51-163","source_objectid":52185},"geometry":{"type":"Point","coordinates":[17.069976650913798,51.13568392172813]}},{"type":"Feature","properties":{"district":2,"street":"Piotra Czajkowskiego","number":"29a","postal_code":"51-171","source_objectid":52193},"geometry":{"type":"Point","coordinates":[17.06525327006097,51.139693771687995]}},{"type":"Feature","properties":{"district":3,"street":"Tadeusza Gajcego","number":"17","postal_code":"51-143","source_objectid":52236},"geometry":{"type":"Point","coordinates":[17.049175397970565,51.139334244845095]}},{"type":"Feature","properties":{"district":1,"street":"Zenona Miriama Przesmyckiego","number":"34","postal_code":"51-151","source_objectid":52272},"geometry":{"type":"Point","coordinates":[17.066128937422757,51.13819468890731]}},{"type":"Feature","properties":{"district":1,"street":"Władysława Orkana","number":"57a","postal_code":"51-153","source_objectid":52275},"geometry":{"type":"Point","coordinates":[17.057452514562637,51.13307581857149]}},{"type":"Feature","properties":{"district":4,"street":"Żmigrodzka","number":"32","postal_code":"51-120","source_objectid":52276},"geometry":{"type":"Point","coordinates":[17.03501798918003,51.137151793275144]}},{"type":"Feature","properties":{"district":1,"street":"Giżycka","number":"68","postal_code":"51-412","source_objectid":52318},"geometry":{"type":"Point","coordinates":[17.07749265503234,51.133473733419656]}},{"type":"Feature","properties":{"district":3,"street":"Wincentego Pola","number":"14","postal_code":"51-140","source_objectid":52320},"geometry":{"type":"Point","coordinates":[17.04339952692278,51.13778060658498]}},{"type":"Feature","properties":{"district":1,"street":"Teofila Lenartowicza","number":"9","postal_code":"51-140","source_objectid":52322},"geometry":{"type":"Point","coordinates":[17.04499137014653,51.137821771733186]}},{"type":"Feature","properties":{"district":1,"street":"Kętrzyńska","number":"25a","postal_code":"51-413","source_objectid":52336},"geometry":{"type":"Point","coordinates":[17.07716697224449,51.13393328512349]}},{"type":"Feature","properties":{"district":5,"street":"Słowacka","number":"7","postal_code":"51-111","source_objectid":52365},"geometry":{"type":"Point","coordinates":[17.020341851351848,51.13572255399423]}},{"type":"Feature","properties":{"district":5,"street":"Czeska","number":"25a","postal_code":"51-112","source_objectid":52372},"geometry":{"type":"Point","coordinates":[17.026024092243077,51.13575282658099]}},{"type":"Feature","properties":{"district":3,"street":"Krzysztofa Kamila Baczyńskiego","number":"10","postal_code":"51-122","source_objectid":52379},"geometry":{"type":"Point","coordinates":[17.039187462040786,51.14179259707347]}},{"type":"Feature","properties":{"district":1,"street":"bp. Ignacego Krasickiego","number":"17a","postal_code":"51-144","source_objectid":52382},"geometry":{"type":"Point","coordinates":[17.05660214764788,51.1402935325864]}},{"type":"Feature","properties":{"district":1,"street":"Adama Asnyka","number":"13","postal_code":"51-143","source_objectid":52388},"geometry":{"type":"Point","coordinates":[17.052909461708975,51.13947026208117]}},{"type":"Feature","properties":{"district":4,"street":"Paprotna","number":"2","postal_code":"51-117","source_objectid":52397},"geometry":{"type":"Point","coordinates":[17.021829975522838,51.149714755483]}},{"type":"Feature","properties":{"district":3,"street":"Maurycego Mochnackiego","number":"24","postal_code":"51-122","source_objectid":52403},"geometry":{"type":"Point","coordinates":[17.037716376908804,51.142191023627376]}},{"type":"Feature","properties":{"district":3,"street":"Jana Brzechwy","number":"27","postal_code":"51-141","source_objectid":52451},"geometry":{"type":"Point","coordinates":[17.04650044924507,51.14011678924652]}},{"type":"Feature","properties":{"district":1,"street":"Marcina Kromera","number":"3","postal_code":"51-163","source_objectid":52456},"geometry":{"type":"Point","coordinates":[17.06247108193658,51.13107344115671]}},{"type":"Feature","properties":{"district":1,"street":"Kazimierza Przerwy-Tetmajera","number":"17","postal_code":"51-153","source_objectid":52470},"geometry":{"type":"Point","coordinates":[17.05010762405716,51.135008578484076]}},{"type":"Feature","properties":{"district":2,"street":"Piotra Czajkowskiego","number":"132","postal_code":"51-147","source_objectid":52500},"geometry":{"type":"Point","coordinates":[17.051837192123408,51.14349789410025]}},{"type":"Feature","properties":{"district":2,"street":"Sportowa","number":"6a","postal_code":"51-149","source_objectid":52521},"geometry":{"type":"Point","coordinates":[17.062052593700493,51.14297137794444]}},{"type":"Feature","properties":{"district":1,"street":"Kętrzyńska","number":"31","postal_code":"51-413","source_objectid":52538},"geometry":{"type":"Point","coordinates":[17.0779155187045,51.134316115814094]}},{"type":"Feature","properties":{"district":1,"street":"Tadeusza Boya-Żeleńskiego","number":"51","postal_code":"51-160","source_objectid":52551},"geometry":{"type":"Point","coordinates":[17.05843494240584,51.134318262412094]}},{"type":"Feature","properties":{"district":2,"street":"Stanisława Przybyszewskiego","number":"97","postal_code":"51-148","source_objectid":52562},"geometry":{"type":"Point","coordinates":[17.06339911268565,51.141435646757046]}},{"type":"Feature","properties":{"district":1,"street":"Bolesława Krzywoustego","number":"28","postal_code":"51-165","source_objectid":52567},"geometry":{"type":"Point","coordinates":[17.072088425504752,51.137837923021934]}},{"type":"Feature","properties":{"district":5,"street":"Serbska","number":"3b","postal_code":"51-111","source_objectid":52604},"geometry":{"type":"Point","coordinates":[17.021124310425286,51.13428158114229]}},{"type":"Feature","properties":{"district":2,"street":"Koszarowa","number":"48","postal_code":"51-149","source_objectid":52616},"geometry":{"type":"Point","coordinates":[17.06103161611004,51.141428269038194]}},{"type":"Feature","properties":{"district":1,"street":"Jana Długosza","number":"38a","postal_code":"51-162","source_objectid":52617},"geometry":{"type":"Point","coordinates":[17.062930847548078,51.13391250500269]}},{"type":"Feature","properties":{"district":1,"street":"Giżycka","number":"62","postal_code":"51-412","source_objectid":52621},"geometry":{"type":"Point","coordinates":[17.07595094145491,51.13294661761575]}},{"type":"Feature","properties":{"district":1,"street":"Wacława Berenta","number":"26","postal_code":"51-152","source_objectid":52622},"geometry":{"type":"Point","coordinates":[17.057723822611162,51.13610788364351]}},{"type":"Feature","properties":{"district":1,"street":"Władysława Orkana","number":"17","postal_code":"51-153","source_objectid":52639},"geometry":{"type":"Point","coordinates":[17.05254561088534,51.134693176045985]}},{"type":"Feature","properties":{"district":1,"street":"Bolesława Krzywoustego","number":"27","postal_code":"51-165","source_objectid":52645},"geometry":{"type":"Point","coordinates":[17.07172073158706,51.136315244711426]}},{"type":"Feature","properties":{"district":1,"street":"Tadeusza Boya-Żeleńskiego","number":"49","postal_code":"51-160","source_objectid":52659},"geometry":{"type":"Point","coordinates":[17.058128022949145,51.13447030498482]}},{"type":"Feature","properties":{"district":4,"street":"Obornicka","number":"109a","postal_code":"51-114","source_objectid":52667},"geometry":{"type":"Point","coordinates":[17.025706119883726,51.14337318952697]}},{"type":"Feature","properties":{"district":1,"street":"Franciszka Karpińskiego","number":"37","postal_code":"51-144","source_objectid":52697},"geometry":{"type":"Point","coordinates":[17.054671006538577,51.14039855326988]}},{"type":"Feature","properties":{"district":1,"street":"Tadeusza Zelenaya","number":"3a","postal_code":"51-140","source_objectid":52712},"geometry":{"type":"Point","coordinates":[17.047553017720407,51.13829788829882]}},{"type":"Feature","properties":{"district":1,"street":"Wacława Potockiego","number":"41","postal_code":"51-153","source_objectid":52738},"geometry":{"type":"Point","coordinates":[17.055523140094383,51.13465687692837]}},{"type":"Feature","properties":{"district":3,"street":"Kazimierza Brodzińskiego","number":"11","postal_code":"51-112","source_objectid":52739},"geometry":{"type":"Point","coordinates":[17.03704016789828,51.141467805622156]}},{"type":"Feature","properties":{"district":4,"street":"Żmigrodzka","number":"75a","postal_code":"51-130","source_objectid":52779},"geometry":{"type":"Point","coordinates":[17.032758728091256,51.14078072602372]}},{"type":"Feature","properties":{"district":4,"street":"Macedońska","number":"9","postal_code":"51-113","source_objectid":52781},"geometry":{"type":"Point","coordinates":[17.03116470302823,51.134187850941785]}},{"type":"Feature","properties":{"district":1,"street":"Władysława Orkana","number":"26","postal_code":"51-153","source_objectid":52813},"geometry":{"type":"Point","coordinates":[17.054059451286417,51.134481381558736]}},{"type":"Feature","properties":{"district":1,"street":"Wacława Potockiego","number":"43","postal_code":"51-153","source_objectid":52826},"geometry":{"type":"Point","coordinates":[17.055719095079006,51.13456912019293]}},{"type":"Feature","properties":{"district":1,"street":"Wacława Potockiego","number":"31","postal_code":"51-153","source_objectid":52835},"geometry":{"type":"Point","coordinates":[17.05437920528471,51.13515661770936]}},{"type":"Feature","properties":{"district":5,"street":"Bezpieczna","number":"20","postal_code":"51-114","source_objectid":52838},"geometry":{"type":"Point","coordinates":[17.023021368442624,51.139894694467074]}},{"type":"Feature","properties":{"district":2,"street":"Piotra Czajkowskiego","number":"1","postal_code":"51-171","source_objectid":52845},"geometry":{"type":"Point","coordinates":[17.06958765758423,51.1364908433188]}},{"type":"Feature","properties":{"district":4,"street":"Żmigrodzka","number":"36","postal_code":"51-120","source_objectid":52849},"geometry":{"type":"Point","coordinates":[17.03463478784983,51.13726387814101]}},{"type":"Feature","properties":{"district":2,"street":"Stanisława Przybyszewskiego","number":"49a","postal_code":"51-151","source_objectid":52867},"geometry":{"type":"Point","coordinates":[17.06082592494442,51.13748491403757]}},{"type":"Feature","properties":{"district":1,"street":"Macieja Miechowity","number":"2","postal_code":"51-162","source_objectid":52905},"geometry":{"type":"Point","coordinates":[17.065430469655833,51.133579366819035]}},{"type":"Feature","properties":{"district":3,"street":"Henryka Michała Kamieńskiego","number":"162a","postal_code":"51-124","source_objectid":52922},"geometry":{"type":"Point","coordinates":[17.04145072060586,51.1488522568079]}},{"type":"Feature","properties":{"district":3,"street":"Ignacego Chrzanowskiego","number":"7","postal_code":"51-147","source_objectid":53008},"geometry":{"type":"Point","coordinates":[17.052299386823265,51.14288838528392]}},{"type":"Feature","properties":{"district":1,"street":"Giżycka","number":"76","postal_code":"51-412","source_objectid":53009},"geometry":{"type":"Point","coordinates":[17.079173166123038,51.133664154173054]}},{"type":"Feature","properties":{"district":1,"street":"Juliana Klaczki","number":"12","postal_code":"51-151","source_objectid":53015},"geometry":{"type":"Point","coordinates":[17.062080259460757,51.13648447288618]}},{"type":"Feature","properties":{"district":5,"street":"Osobowicka","number":"29c","postal_code":"51-110","source_objectid":53023},"geometry":{"type":"Point","coordinates":[17.022761522487684,51.13359790019095]}},{"type":"Feature","properties":{"district":1,"street":"Wacława Berenta","number":"2","postal_code":"51-152","source_objectid":53043},"geometry":{"type":"Point","coordinates":[17.055600743583984,51.1339955420507]}},{"type":"Feature","properties":{"district":4,"street":"Żmigrodzka","number":"21","postal_code":"51-119","source_objectid":53046},"geometry":{"type":"Point","coordinates":[17.036340293029436,51.1372246620334]}},{"type":"Feature","properties":{"district":1,"street":"Toruńska","number":"41","postal_code":"51-164","source_objectid":53082},"geometry":{"type":"Point","coordinates":[17.071515659572004,51.13081175125352]}},{"type":"Feature","properties":{"district":3,"street":"Ignacego Chrzanowskiego","number":"17","postal_code":"51-147","source_objectid":53086},"geometry":{"type":"Point","coordinates":[17.05099308376728,51.14316701652478]}},{"type":"Feature","properties":{"district":2,"street":"Piotra Czajkowskiego","number":"45a","postal_code":"51-171","source_objectid":53098},"geometry":{"type":"Point","coordinates":[17.0661764297788,51.14013708955223]}},{"type":"Feature","properties":{"district":3,"street":"Władysława Syrokomli","number":"10c","postal_code":"51-141","source_objectid":53144},"geometry":{"type":"Point","coordinates":[17.047823832531744,51.138550050529865]}},{"type":"Feature","properties":{"district":1,"street":"Marcina Kromera","number":"5","postal_code":"51-163","source_objectid":53163},"geometry":{"type":"Point","coordinates":[17.06269288495454,51.13114294709027]}},{"type":"Feature","properties":{"district":1,"street":"Giżycka","number":"72","postal_code":"51-412","source_objectid":53166},"geometry":{"type":"Point","coordinates":[17.07843220282365,51.13361599445222]}},{"type":"Feature","properties":{"district":1,"street":"Marcina Kromera","number":"13","postal_code":"51-163","source_objectid":53178},"geometry":{"type":"Point","coordinates":[17.06362093541009,51.13143588378247]}},{"type":"Feature","properties":{"district":2,"street":"Piotra Czajkowskiego","number":"45","postal_code":"51-171","source_objectid":53194},"geometry":{"type":"Point","coordinates":[17.066212279885974,51.14005085957835]}},{"type":"Feature","properties":{"district":5,"street":"Łużycka","number":"30","postal_code":"51-111","source_objectid":53216},"geometry":{"type":"Point","coordinates":[17.019499712610607,51.13852083743357]}},{"type":"Feature","properties":{"district":3,"street":"Kornela Ujejskiego","number":"11b","postal_code":"51-141","source_objectid":53220},"geometry":{"type":"Point","coordinates":[17.045645923305578,51.14005893797549]}},{"type":"Feature","properties":{"district":3,"street":"Władysława Syrokomli","number":"37","postal_code":"51-141","source_objectid":53232},"geometry":{"type":"Point","coordinates":[17.047779081655882,51.140616261138696]}},{"type":"Feature","properties":{"district":1,"street":"Giżycka","number":"1","postal_code":"51-163","source_objectid":53250},"geometry":{"type":"Point","coordinates":[17.067180230294756,51.13253113851864]}},{"type":"Feature","properties":{"district":3,"street":"Maurycego Mochnackiego","number":"15","postal_code":"51-122","source_objectid":53261},"geometry":{"type":"Point","coordinates":[17.038606189815926,51.14181263176527]}},{"type":"Feature","properties":{"district":5,"street":"Zaułek Rogoziński","number":"2","postal_code":"51-116","source_objectid":53268},"geometry":{"type":"Point","coordinates":[17.030091591097545,51.142413650082524]}},{"type":"Feature","properties":{"district":3,"street":"Marii Konopnickiej","number":"39","postal_code":"51-142","source_objectid":53318},"geometry":{"type":"Point","coordinates":[17.05228763204687,51.14152093043973]}},{"type":"Feature","properties":{"district":2,"street":"Piotra Czajkowskiego","number":"136","postal_code":"51-147","source_objectid":53330},"geometry":{"type":"Point","coordinates":[17.05139431257002,51.14345803867847]}},{"type":"Feature","properties":{"district":3,"street":"Jutrosińska","number":"20","postal_code":"51-124","source_objectid":53396},"geometry":{"type":"Point","coordinates":[17.04513739145468,51.146744498346216]}},{"type":"Feature","properties":{"district":3,"street":"Ignacego Chrzanowskiego","number":"16","postal_code":"51-147","source_objectid":53410},"geometry":{"type":"Point","coordinates":[17.051649668143497,51.14265872850119]}},{"type":"Feature","properties":{"district":3,"street":"Krzysztofa Kamila Baczyńskiego","number":"15","postal_code":"51-122","source_objectid":53411},"geometry":{"type":"Point","coordinates":[17.03933516096504,51.142127613803765]}},{"type":"Feature","properties":{"district":1,"street":"Grudziądzka","number":"72a","postal_code":"51-165","source_objectid":53446},"geometry":{"type":"Point","coordinates":[17.07204720931075,51.136831044820234]}},{"type":"Feature","properties":{"district":5,"street":"Jugosłowiańska","number":"78","postal_code":"51-112","source_objectid":53450},"geometry":{"type":"Point","coordinates":[17.02331239732084,51.135885049576025]}},{"type":"Feature","properties":{"district":3,"street":"Marii Konopnickiej","number":"9d","postal_code":"51-141","source_objectid":53457},"geometry":{"type":"Point","coordinates":[17.04364217859202,51.140784683095205]}},{"type":"Feature","properties":{"district":1,"street":"Władysława Orkana","number":"49a","postal_code":"51-153","source_objectid":53474},"geometry":{"type":"Point","coordinates":[17.056136141751352,51.13303656974076]}},{"type":"Feature","properties":{"district":1,"street":"Tadeusza Micińskiego","number":"8","postal_code":"51-152","source_objectid":53493},"geometry":{"type":"Point","coordinates":[17.057514916571193,51.136636499265315]}},{"type":"Feature","properties":{"district":5,"street":"Łużycka","number":"28","postal_code":"51-111","source_objectid":53514},"geometry":{"type":"Point","coordinates":[17.019080497775523,51.13828553266625]}},{"type":"Feature","properties":{"district":5,"street":"Serbska","number":"5a","postal_code":"51-111","source_objectid":53561},"geometry":{"type":"Point","coordinates":[17.021819575435778,51.13477201340691]}},{"type":"Feature","properties":{"district":3,"street":"Kornela Ujejskiego","number":"18","postal_code":"51-141","source_objectid":53569},"geometry":{"type":"Point","coordinates":[17.044759712515404,51.14065845000809]}},{"type":"Feature","properties":{"district":1,"street":"Bolesława Krzywoustego","number":"109","postal_code":"51-421","source_objectid":53579},"geometry":{"type":"Point","coordinates":[17.079773679551895,51.13823774378197]}},{"type":"Feature","properties":{"district":2,"street":"Sportowa","number":"36a","postal_code":"51-149","source_objectid":53580},"geometry":{"type":"Point","coordinates":[17.063962573885515,51.144987455964504]}},{"type":"Feature","properties":{"district":3,"street":"Jutrosińska","number":"5","postal_code":"51-124","source_objectid":53594},"geometry":{"type":"Point","coordinates":[17.04318158624484,51.146664931056876]}},{"type":"Feature","properties":{"district":1,"street":"Wacława Potockiego","number":"24","postal_code":"51-153","source_objectid":53616},"geometry":{"type":"Point","coordinates":[17.053313124496867,51.135908319053904]}},{"type":"Feature","properties":{"district":1,"street":"Władysława Orkana","number":"22","postal_code":"51-153","source_objectid":53698},"geometry":{"type":"Point","coordinates":[17.053591925693425,51.1347286439191]}},{"type":"Feature","properties":{"district":4,"street":"Zawalna","number":"13","postal_code":"51-118","source_objectid":53718},"geometry":{"type":"Point","coordinates":[17.03852865561604,51.13483541512196]}},{"type":"Feature","properties":{"district":3,"street":"Kornela Ujejskiego","number":"10a","postal_code":"51-141","source_objectid":53743},"geometry":{"type":"Point","coordinates":[17.044970213299564,51.13981952062837]}},{"type":"Feature","properties":{"district":3,"street":"Kornela Makuszyńskiego","number":"9","postal_code":"51-142","source_objectid":53771},"geometry":{"type":"Point","coordinates":[17.052387006844516,51.142375984834366]}},{"type":"Feature","properties":{"district":2,"street":"Piotra Czajkowskiego","number":"67","postal_code":"51-147","source_objectid":53793},"geometry":{"type":"Point","coordinates":[17.061638419559756,51.1407395800056]}},{"type":"Feature","properties":{"district":2,"street":"Piotra Czajkowskiego","number":"130","postal_code":"51-147","source_objectid":53808},"geometry":{"type":"Point","coordinates":[17.051906204126226,51.14337092660288]}},{"type":"Feature","properties":{"district":5,"street":"Chorwacka","number":"52","postal_code":"51-107","source_objectid":53814},"geometry":{"type":"Point","coordinates":[17.024146976075826,51.138527146283074]}},{"type":"Feature","properties":{"district":1,"street":"Grudziądzka","number":"102b","postal_code":"51-165","source_objectid":53846},"geometry":{"type":"Point","coordinates":[17.075458015095244,51.137624621972826]}},{"type":"Feature","properties":{"district":1,"street":"bp. Ignacego Krasickiego","number":"16","postal_code":"51-144","source_objectid":53869},"geometry":{"type":"Point","coordinates":[17.05619690767201,51.14008332161961]}},{"type":"Feature","properties":{"district":2,"street":"Sportowa","number":"20","postal_code":"51-149","source_objectid":53879},"geometry":{"type":"Point","coordinates":[17.062891434695224,51.14417444182751]}},{"type":"Feature","properties":{"district":1,"street":"Juliana Klaczki","number":"20","postal_code":"51-151","source_objectid":53884},"geometry":{"type":"Point","coordinates":[17.061824986696433,51.136923735748184]}},{"type":"Feature","properties":{"district":5,"street":"Serbska","number":"29","postal_code":"51-111","source_objectid":53900},"geometry":{"type":"Point","coordinates":[17.017947547096338,51.136914468413075]}},{"type":"Feature","properties":{"district":1,"street":"Leopolda Staffa","number":"16","postal_code":"51-144","source_objectid":53901},"geometry":{"type":"Point","coordinates":[17.05808122622448,51.13972510112621]}},{"type":"Feature","properties":{"district":3,"street":"Kornela Ujejskiego","number":"29","postal_code":"51-141","source_objectid":53909},"geometry":{"type":"Point","coordinates":[17.044849152376337,51.14218334719757]}},{"type":"Feature","properties":{"district":3,"street":"Samuela Bogumiła Lindego","number":"4","postal_code":"51-138","source_objectid":53914},"geometry":{"type":"Point","coordinates":[17.039838519257884,51.13694213199516]}},{"type":"Feature","properties":{"district":4,"street":"ks. Norberta Bonczyka","number":"11","postal_code":"51-138","source_objectid":53928},"geometry":{"type":"Point","coordinates":[17.03922763369863,51.1358646046253]}},{"type":"Feature","properties":{"district":5,"street":"Bezpieczna","number":"42","postal_code":"51-114","source_objectid":53950},"geometry":{"type":"Point","coordinates":[17.02131106691475,51.138939708036766]}},{"type":"Feature","properties":{"district":3,"street":"Włodzimierza Perzyńskiego","number":"18","postal_code":"51-141","source_objectid":53988},"geometry":{"type":"Point","coordinates":[17.04326144433726,51.142115326382076]}},{"type":"Feature","properties":{"district":1,"street":"Juliana Klaczki","number":"34","postal_code":"51-151","source_objectid":53990},"geometry":{"type":"Point","coordinates":[17.062503789540774,51.13710506136004]}},{"type":"Feature","properties":{"district":5,"street":"Teodora Parnickiego","number":"21","postal_code":"51-116","source_objectid":54026},"geometry":{"type":"Point","coordinates":[17.030287067032184,51.1394791793466]}},{"type":"Feature","properties":{"district":3,"street":"Henryka Michała Kamieńskiego","number":"68","postal_code":"51-124","source_objectid":54045},"geometry":{"type":"Point","coordinates":[17.040125620878435,51.145570708546835]}},{"type":"Feature","properties":{"district":4,"street":"Jana Kasprowicza","number":"24a","postal_code":"51-137","source_objectid":54047},"geometry":{"type":"Point","coordinates":[17.040624464463267,51.13673868258489]}},{"type":"Feature","properties":{"district":4,"street":"Żmigrodzka","number":"105-117","postal_code":"51-130","source_objectid":54064},"geometry":{"type":"Point","coordinates":[17.032527517089118,51.14383482607798]}},{"type":"Feature","properties":{"district":3,"street":"Kornela Makuszyńskiego","number":"17","postal_code":"51-142","source_objectid":54076},"geometry":{"type":"Point","coordinates":[17.051445519320648,51.142437887659284]}},{"type":"Feature","properties":{"district":4,"street":"Obornicka","number":"33","postal_code":"51-113","source_objectid":54097},"geometry":{"type":"Point","coordinates":[17.03108341384169,51.137191026618744]}},{"type":"Feature","properties":{"district":1,"street":"Franciszka Karpińskiego","number":"5","postal_code":"51-144","source_objectid":54106},"geometry":{"type":"Point","coordinates":[17.056236640397003,51.13877598253714]}},{"type":"Feature","properties":{"district":2,"street":"Koszarowa","number":"8n","postal_code":"51-149","source_objectid":54127},"geometry":{"type":"Point","coordinates":[17.064625628604325,51.14131225415397]}},{"type":"Feature","properties":{"district":5,"street":"Chorwacka","number":"41a","postal_code":"51-107","source_objectid":54134},"geometry":{"type":"Point","coordinates":[17.026406597632963,51.13834211144367]}},{"type":"Feature","properties":{"district":4,"street":"Obornicka","number":"94","postal_code":"51-114","source_objectid":54143},"geometry":{"type":"Point","coordinates":[17.025616945624147,51.14182346696329]}},{"type":"Feature","properties":{"district":3,"street":"Roberta Kocha","number":"4a","postal_code":"51-112","source_objectid":54149},"geometry":{"type":"Point","coordinates":[17.040222883672346,51.14191339733207]}},{"type":"Feature","properties":{"district":1,"street":"bp. Ignacego Krasickiego","number":"4","postal_code":"51-144","source_objectid":54163},"geometry":{"type":"Point","coordinates":[17.05755113320976,51.13888821045133]}},{"type":"Feature","properties":{"district":4,"street":"Rowerowa","number":"1","postal_code":"51-138","source_objectid":54172},"geometry":{"type":"Point","coordinates":[17.03698459963548,51.136846587556775]}},{"type":"Feature","properties":{"district":5,"street":"Teodora Parnickiego","number":"10","postal_code":"51-116","source_objectid":54173},"geometry":{"type":"Point","coordinates":[17.030197341409956,51.14000428504642]}},{"type":"Feature","properties":{"district":1,"street":"Tadeusza Boya-Żeleńskiego","number":"8","postal_code":"51-160","source_objectid":54174},"geometry":{"type":"Point","coordinates":[17.0542632694142,51.13695258424065]}},{"type":"Feature","properties":{"district":5,"street":"Osobowicka","number":"61","postal_code":"51-110","source_objectid":54179},"geometry":{"type":"Point","coordinates":[17.004815896281812,51.13554403606609]}},{"type":"Feature","properties":{"district":3,"street":"Maurycego Mochnackiego","number":"28","postal_code":"51-122","source_objectid":54188},"geometry":{"type":"Point","coordinates":[17.037484183940407,51.14235098948583]}},{"type":"Feature","properties":{"district":5,"street":"Jugosłowiańska","number":"56a","postal_code":"51-112","source_objectid":54205},"geometry":{"type":"Point","coordinates":[17.026707615033548,51.134321313011114]}},{"type":"Feature","properties":{"district":2,"street":"Sportowa","number":"33a","postal_code":"51-149","source_objectid":54221},"geometry":{"type":"Point","coordinates":[17.06419638976867,51.14450730326692]}},{"type":"Feature","properties":{"district":3,"street":"Włodzimierza Perzyńskiego","number":"10","postal_code":"51-141","source_objectid":54238},"geometry":{"type":"Point","coordinates":[17.043200568482447,51.14155460290614]}},{"type":"Feature","properties":{"district":5,"street":"Morawska","number":"22","postal_code":"51-111","source_objectid":54249},"geometry":{"type":"Point","coordinates":[17.01981353335059,51.13667834907839]}},{"type":"Feature","properties":{"district":1,"street":"Tadeusza Boya-Żeleńskiego","number":"10a","postal_code":"51-160","source_objectid":54292},"geometry":{"type":"Point","coordinates":[17.05475298010133,51.136707934739604]}},{"type":"Feature","properties":{"district":5,"street":"Jugosłowiańska","number":"112","postal_code":"51-112","source_objectid":54320},"geometry":{"type":"Point","coordinates":[17.02140360987872,51.13725393242137]}},{"type":"Feature","properties":{"district":2,"street":"Koszarowa","number":"6l","postal_code":"51-149","source_objectid":54323},"geometry":{"type":"Point","coordinates":[17.066998724957077,51.140639619209146]}},{"type":"Feature","properties":{"district":5,"street":"Bezpieczna","number":"89","postal_code":"51-114","source_objectid":54335},"geometry":{"type":"Point","coordinates":[17.019713506924635,51.13912098137052]}},{"type":"Feature","properties":{"district":1,"street":"Bolesława Krzywoustego","number":"88","postal_code":"51-166","source_objectid":54345},"geometry":{"type":"Point","coordinates":[17.080220707738892,51.1397027397183]}},{"type":"Feature","properties":{"district":1,"street":"Tadeusza Boya-Żeleńskiego","number":"31","postal_code":"51-160","source_objectid":54357},"geometry":{"type":"Point","coordinates":[17.05605457988848,51.135534313814105]}},{"type":"Feature","properties":{"district":2,"street":"Piotra Czajkowskiego","number":"9","postal_code":"51-171","source_objectid":54359},"geometry":{"type":"Point","coordinates":[17.069051164184845,51.136984671677645]}},{"type":"Feature","properties":{"district":1,"street":"Tadeusza Micińskiego","number":"5","postal_code":"51-152","source_objectid":54377},"geometry":{"type":"Point","coordinates":[17.05711317152401,51.13649598016743]}},{"type":"Feature","properties":{"district":3,"street":"Wincentego Pola","number":"15","postal_code":"51-140","source_objectid":54390},"geometry":{"type":"Point","coordinates":[17.04364229444585,51.13798298026647]}},{"type":"Feature","properties":{"district":5,"street":"Jugosłowiańska","number":"132a","postal_code":"51-112","source_objectid":54409},"geometry":{"type":"Point","coordinates":[17.020022202877374,51.137998215886014]}},{"type":"Feature","properties":{"district":3,"street":"Włodzimierza Perzyńskiego","number":"2","postal_code":"51-141","source_objectid":54422},"geometry":{"type":"Point","coordinates":[17.043288511406175,51.141123271129686]}},{"type":"Feature","properties":{"district":1,"street":"Leopolda Staffa","number":"32","postal_code":"51-144","source_objectid":54425},"geometry":{"type":"Point","coordinates":[17.057450364928584,51.14058904674579]}},{"type":"Feature","properties":{"district":3,"street":"Władysława Syrokomli","number":"3","postal_code":"51-141","source_objectid":54444},"geometry":{"type":"Point","coordinates":[17.048258181530525,51.13811419917414]}},{"type":"Feature","properties":{"district":1,"street":"Tadeusza Micińskiego","number":"6","postal_code":"51-152","source_objectid":54467},"geometry":{"type":"Point","coordinates":[17.057358118852857,51.13668443586538]}},{"type":"Feature","properties":{"district":2,"street":"Piotra Czajkowskiego","number":"134","postal_code":"51-147","source_objectid":54469},"geometry":{"type":"Point","coordinates":[17.05146453229548,51.14332868100064]}},{"type":"Feature","properties":{"district":1,"street":"Leopolda Staffa","number":"10a","postal_code":"51-144","source_objectid":54493},"geometry":{"type":"Point","coordinates":[17.05873145017389,51.13939823193688]}},{"type":"Feature","properties":{"district":5,"street":"Bezpieczna","number":"13","postal_code":"51-114","source_objectid":54522},"geometry":{"type":"Point","coordinates":[17.023673554281512,51.14110038548114]}},{"type":"Feature","properties":{"district":5,"street":"Młynarska","number":"1","postal_code":"51-116","source_objectid":54534},"geometry":{"type":"Point","coordinates":[17.030655848919295,51.1428912734422]}},{"type":"Feature","properties":{"district":5,"street":"Bezpieczna","number":"79","postal_code":"51-114","source_objectid":54537},"geometry":{"type":"Point","coordinates":[17.020143783840357,51.139316210692236]}},{"type":"Feature","properties":{"district":1,"street":"Giżycka","number":"64","postal_code":"51-412","source_objectid":54572},"geometry":{"type":"Point","coordinates":[17.076529444063894,51.133114124311156]}},{"type":"Feature","properties":{"district":4,"street":"Żmigrodzka","number":"40","postal_code":"51-120","source_objectid":54578},"geometry":{"type":"Point","coordinates":[17.034376865771524,51.13756398099125]}},{"type":"Feature","properties":{"district":4,"street":"Obornicka","number":"36","postal_code":"51-113","source_objectid":54590},"geometry":{"type":"Point","coordinates":[17.03220129229093,51.13544384775206]}},{"type":"Feature","properties":{"district":2,"street":"Piotra Czajkowskiego","number":"81","postal_code":"51-147","source_objectid":54622},"geometry":{"type":"Point","coordinates":[17.059554127933353,51.14123184959762]}},{"type":"Feature","properties":{"district":3,"street":"Tadeusza Gajcego","number":"22","postal_code":"51-143","source_objectid":54640},"geometry":{"type":"Point","coordinates":[17.049087073819223,51.14030133534645]}},{"type":"Feature","properties":{"district":4,"street":"ks. Norberta Bonczyka","number":"52","postal_code":"51-138","source_objectid":54655},"geometry":{"type":"Point","coordinates":[17.04001613583703,51.13917982820649]}},{"type":"Feature","properties":{"district":5,"street":"Jugosłowiańska","number":"67","postal_code":"51-112","source_objectid":54695},"geometry":{"type":"Point","coordinates":[17.022991871702455,51.13673126601799]}},{"type":"Feature","properties":{"district":2,"street":"Piotra Czajkowskiego","number":"58","postal_code":"51-171","source_objectid":54704},"geometry":{"type":"Point","coordinates":[17.06267629603798,51.13995828917168]}},{"type":"Feature","properties":{"district":3,"street":"Jutrosińska","number":"27","postal_code":"51-124","source_objectid":54769},"geometry":{"type":"Point","coordinates":[17.046472443367147,51.14615588050359]}},{"type":"Feature","properties":{"district":5,"street":"Jugosłowiańska","number":"44","postal_code":"51-112","source_objectid":54771},"geometry":{"type":"Point","coordinates":[17.0273682390265,51.134278282947434]}},{"type":"Feature","properties":{"district":3,"street":"Krzysztofa Kamila Baczyńskiego","number":"14","postal_code":"51-122","source_objectid":54772},"geometry":{"type":"Point","coordinates":[17.03906112503836,51.14194784407643]}},{"type":"Feature","properties":{"district":2,"street":"Koszarowa","number":"8s","postal_code":"51-149","source_objectid":54776},"geometry":{"type":"Point","coordinates":[17.063954787537476,51.14161209399054]}},{"type":"Feature","properties":{"district":4,"street":"Na Polance","number":"14b","postal_code":"51-109","source_objectid":54783},"geometry":{"type":"Point","coordinates":[17.031911154712642,51.133217422699865]}},{"type":"Feature","properties":{"district":5,"street":"Bezpieczna","number":"61","postal_code":"51-114","source_objectid":54808},"geometry":{"type":"Point","coordinates":[17.021068442292965,51.139668680446974]}},{"type":"Feature","properties":{"district":3,"street":"Krzysztofa Kamila Baczyńskiego","number":"9","postal_code":"51-122","source_objectid":54815},"geometry":{"type":"Point","coordinates":[17.039595997658424,51.141903675470004]}},{"type":"Feature","properties":{"district":5,"street":"Chorwacka","number":"45","postal_code":"51-107","source_objectid":54836},"geometry":{"type":"Point","coordinates":[17.025489636317197,51.14048549209086]}},{"type":"Feature","properties":{"district":5,"street":"Bezpieczna","number":"4a","postal_code":"51-114","source_objectid":54845},"geometry":{"type":"Point","coordinates":[17.025742916148726,51.14120169533182]}},{"type":"Feature","properties":{"district":1,"street":"Kazimierza Przerwy-Tetmajera","number":"4","postal_code":"51-153","source_objectid":54861},"geometry":{"type":"Point","coordinates":[17.05133340220554,51.13615781301507]}},{"type":"Feature","properties":{"district":2,"street":"Sportowa","number":"6b","postal_code":"51-149","source_objectid":54866},"geometry":{"type":"Point","coordinates":[17.062141547898786,51.143087374295774]}},{"type":"Feature","properties":{"district":2,"street":"Koszarowa","number":"60","postal_code":"51-149","source_objectid":54869},"geometry":{"type":"Point","coordinates":[17.060018022640623,51.14168150064447]}},{"type":"Feature","properties":{"district":5,"street":"Łużycka","number":"19","postal_code":"51-111","source_objectid":54893},"geometry":{"type":"Point","coordinates":[17.01894678791908,51.13782383482538]}},{"type":"Feature","properties":{"district":3,"street":"Ignacego Chrzanowskiego","number":"27","postal_code":"51-141","source_objectid":54927},"geometry":{"type":"Point","coordinates":[17.050393834022444,51.1439678845657]}},{"type":"Feature","properties":{"district":4,"street":"Paprotna","number":"3b","postal_code":"51-117","source_objectid":54941},"geometry":{"type":"Point","coordinates":[17.025323225743204,51.149536517905936]}},{"type":"Feature","properties":{"district":4,"street":"Władysława Broniewskiego","number":"7","postal_code":"51-120","source_objectid":54953},"geometry":{"type":"Point","coordinates":[17.034146071254174,51.136265955851094]}},{"type":"Feature","properties":{"district":3,"street":"Jana Brzechwy","number":"45","postal_code":"51-141","source_objectid":54955},"geometry":{"type":"Point","coordinates":[17.04636789186492,51.140659968354456]}},{"type":"Feature","properties":{"district":3,"street":"Mieczysława Romanowskiego","number":"42","postal_code":"51-122","source_objectid":54960},"geometry":{"type":"Point","coordinates":[17.04026084901383,51.14142090561817]}},{"type":"Feature","properties":{"district":3,"street":"Władysława Syrokomli","number":"16","postal_code":"51-141","source_objectid":54968},"geometry":{"type":"Point","coordinates":[17.047641340450568,51.13899242827431]}},{"type":"Feature","properties":{"district":3,"street":"Władysława Syrokomli","number":"62","postal_code":"51-141","source_objectid":54972},"geometry":{"type":"Point","coordinates":[17.046700201427303,51.14242823381823]}},{"type":"Feature","properties":{"district":1,"street":"gen. Józefa Wybickiego","number":"17","postal_code":"51-144","source_objectid":54986},"geometry":{"type":"Point","coordinates":[17.056402268356706,51.13970350341745]}},{"type":"Feature","properties":{"district":3,"street":"Samuela Bogumiła Lindego","number":"8","postal_code":"51-138","source_objectid":55011},"geometry":{"type":"Point","coordinates":[17.03974381460165,51.13732700145459]}},{"type":"Feature","properties":{"district":2,"street":"Piotra Czajkowskiego","number":"78","postal_code":"51-147","source_objectid":55017},"geometry":{"type":"Point","coordinates":[17.060313643625502,51.14079855916081]}},{"type":"Feature","properties":{"district":3,"street":"Wacława Gąsiorowskiego","number":"14","postal_code":"51-142","source_objectid":55022},"geometry":{"type":"Point","coordinates":[17.043193182983703,51.143499604040784]}},{"type":"Feature","properties":{"district":1,"street":"Kętrzyńska","number":"7","postal_code":"51-413","source_objectid":55069},"geometry":{"type":"Point","coordinates":[17.074404444432794,51.132809153298005]}},{"type":"Feature","properties":{"district":3,"street":"Jana Brzechwy","number":"10","postal_code":"51-141","source_objectid":55097},"geometry":{"type":"Point","coordinates":[17.04626367422113,51.1395440972129]}},{"type":"Feature","properties":{"district":5,"street":"Zaułek Rogoziński","number":"19","postal_code":"51-116","source_objectid":55107},"geometry":{"type":"Point","coordinates":[17.030766928057208,51.14051953806061]}},{"type":"Feature","properties":{"district":3,"street":"Krzysztofa Kamila Baczyńskiego","number":"19","postal_code":"51-122","source_objectid":55130},"geometry":{"type":"Point","coordinates":[17.03921706799318,51.142246439721774]}},{"type":"Feature","properties":{"district":4,"street":"Obornicka","number":"51","postal_code":"51-113","source_objectid":55157},"geometry":{"type":"Point","coordinates":[17.032381315264008,51.138046170493]}},{"type":"Feature","properties":{"district":4,"street":"Żmigrodzka","number":"24","postal_code":"51-120","source_objectid":55169},"geometry":{"type":"Point","coordinates":[17.035001154663117,51.13656996085254]}},{"type":"Feature","properties":{"district":2,"street":"Stanisława Przybyszewskiego","number":"87","postal_code":"51-148","source_objectid":55170},"geometry":{"type":"Point","coordinates":[17.063595693326768,51.140787917745854]}},{"type":"Feature","properties":{"district":4,"street":"Żmigrodzka","number":"145","postal_code":"51-130","source_objectid":55177},"geometry":{"type":"Point","coordinates":[17.030126111359383,51.14938010943317]}},{"type":"Feature","properties":{"district":3,"street":"Jana Brzechwy","number":"59","postal_code":"51-141","source_objectid":55188},"geometry":{"type":"Point","coordinates":[17.046128983645467,51.141722402554336]}},{"type":"Feature","properties":{"district":1,"street":"Władysława Orkana","number":"71","postal_code":"51-153","source_objectid":55191},"geometry":{"type":"Point","coordinates":[17.058646347759655,51.13387718830311]}},{"type":"Feature","properties":{"district":1,"street":"Marcina Kromera","number":"63","postal_code":"51-163","source_objectid":55214},"geometry":{"type":"Point","coordinates":[17.070178580259814,51.13512414073782]}},{"type":"Feature","properties":{"district":1,"street":"Ludwika Nabielaka","number":"21","postal_code":"51-140","source_objectid":55215},"geometry":{"type":"Point","coordinates":[17.04706201766856,51.13850670046825]}},{"type":"Feature","properties":{"district":1,"street":"Bolesława Krzywoustego","number":"75","postal_code":"51-166","source_objectid":55235},"geometry":{"type":"Point","coordinates":[17.076092298240802,51.13810519484623]}},{"type":"Feature","properties":{"district":2,"street":"Koszarowa","number":"8c","postal_code":"51-149","source_objectid":55238},"geometry":{"type":"Point","coordinates":[17.0661890656398,51.14088273649722]}},{"type":"Feature","properties":{"district":4,"street":"ks. Norberta Bonczyka","number":"5b","postal_code":"51-138","source_objectid":55244},"geometry":{"type":"Point","coordinates":[17.04031814792392,51.135606394914994]}},{"type":"Feature","properties":{"district":1,"street":"Adolfa Dygasińskiego","number":"5","postal_code":"51-153","source_objectid":55247},"geometry":{"type":"Point","coordinates":[17.053886607606998,51.13593963214839]}},{"type":"Feature","properties":{"district":5,"street":"Teodora Parnickiego","number":"4","postal_code":"51-116","source_objectid":55290},"geometry":{"type":"Point","coordinates":[17.029355187206257,51.13963486287115]}},{"type":"Feature","properties":{"district":2,"street":"Jana Kasprowicza","number":"70","postal_code":"51-137","source_objectid":55342},"geometry":{"type":"Point","coordinates":[17.05250041724275,51.13800556588927]}},{"type":"Feature","properties":{"district":2,"street":"Koszarowa","number":"6a","postal_code":"51-149","source_objectid":55372},"geometry":{"type":"Point","coordinates":[17.068755795113763,51.14022550083588]}},{"type":"Feature","properties":{"district":4,"street":"Władysława Broniewskiego","number":"5","postal_code":"51-120","source_objectid":55383},"geometry":{"type":"Point","coordinates":[17.034428077073407,51.13621800536971]}},{"type":"Feature","properties":{"district":1,"street":"Tadeusza Boya-Żeleńskiego","number":"27","postal_code":"51-160","source_objectid":55394},"geometry":{"type":"Point","coordinates":[17.05559829316368,51.135748970540575]}},{"type":"Feature","properties":{"district":4,"street":"Zawalna","number":"11","postal_code":"51-118","source_objectid":55413},"geometry":{"type":"Point","coordinates":[17.038320852186086,51.134830218537154]}},{"type":"Feature","properties":{"district":1,"street":"Juliana Klaczki","number":"5","postal_code":"51-151","source_objectid":55434},"geometry":{"type":"Point","coordinates":[17.06120474806562,51.135696014727735]}},{"type":"Feature","properties":{"district":3,"street":"Maurycego Mochnackiego","number":"18","postal_code":"51-122","source_objectid":55455},"geometry":{"type":"Point","coordinates":[17.03806206568755,51.141923072317915]}},{"type":"Feature","properties":{"district":1,"street":"Leopolda Staffa","number":"31","postal_code":"51-144","source_objectid":55478},"geometry":{"type":"Point","coordinates":[17.05898182049265,51.14043013534122]}},{"type":"Feature","properties":{"district":3,"street":"Mieczysława Romanowskiego","number":"54","postal_code":"51-122","source_objectid":55503},"geometry":{"type":"Point","coordinates":[17.041426258503932,51.14186635304166]}},{"type":"Feature","properties":{"district":3,"street":"Tadeusza Gajcego","number":"7/9","postal_code":"51-143","source_objectid":55514},"geometry":{"type":"Point","coordinates":[17.04872708748305,51.13907551004239]}},{"type":"Feature","properties":{"district":2,"street":"Piotra Czajkowskiego","number":"15","postal_code":"51-171","source_objectid":55562},"geometry":{"type":"Point","coordinates":[17.06844774234695,51.13770359531002]}},{"type":"Feature","properties":{"district":3,"street":"Władysława Syrokomli","number":"55a","postal_code":"51-141","source_objectid":55565},"geometry":{"type":"Point","coordinates":[17.047447512324094,51.14234133389358]}},{"type":"Feature","properties":{"district":5,"street":"Osobowicka","number":"29a","postal_code":"51-110","source_objectid":55568},"geometry":{"type":"Point","coordinates":[17.022968395404913,51.13358118189143]}},{"type":"Feature","properties":{"district":1,"street":"Aleksandra Brücknera","number":"40-46","postal_code":"51-411","source_objectid":55584},"geometry":{"type":"Point","coordinates":[17.080585732850867,51.137085500545425]}},{"type":"Feature","properties":{"district":1,"street":"Aleksandra Brücknera","number":"48","postal_code":"51-411","source_objectid":55587},"geometry":{"type":"Point","coordinates":[17.079913878127066,51.13767535810447]}},{"type":"Feature","properties":{"district":5,"street":"Jugosłowiańska","number":"126a","postal_code":"51-112","source_objectid":55603},"geometry":{"type":"Point","coordinates":[17.020234189175127,51.13760386261394]}},{"type":"Feature","properties":{"district":2,"street":"Piotra Czajkowskiego","number":"58a","postal_code":"51-171","source_objectid":55610},"geometry":{"type":"Point","coordinates":[17.06254137714448,51.13978506529152]}},{"type":"Feature","properties":{"district":4,"street":"Zawalna","number":"4","postal_code":"51-118","source_objectid":55617},"geometry":{"type":"Point","coordinates":[17.03769047404268,51.13437793267335]}},{"type":"Feature","properties":{"district":3,"street":"Marii Konopnickiej","number":"43","postal_code":"51-142","source_objectid":55626},"geometry":{"type":"Point","coordinates":[17.05278329575133,51.141563655231835]}},{"type":"Feature","properties":{"district":5,"street":"Osobowicka","number":"43a","postal_code":"51-110","source_objectid":55644},"geometry":{"type":"Point","coordinates":[17.019623340288305,51.134089196806755]}},{"type":"Feature","properties":{"district":3,"street":"Samuela Bogumiła Lindego","number":"22","postal_code":"51-138","source_objectid":55686},"geometry":{"type":"Point","coordinates":[17.03935624463402,51.13855106575501]}},{"type":"Feature","properties":{"district":1,"street":"Ludwika Nabielaka","number":"15a","postal_code":"51-140","source_objectid":55693},"geometry":{"type":"Point","coordinates":[17.04634622944177,51.13830390285006]}},{"type":"Feature","properties":{"district":1,"street":"Adolfa Dygasińskiego","number":"8","postal_code":"51-153","source_objectid":55702},"geometry":{"type":"Point","coordinates":[17.054030999066267,51.135631115899216]}},{"type":"Feature","properties":{"district":2,"street":"Piotra Czajkowskiego","number":"86","postal_code":"51-147","source_objectid":55730},"geometry":{"type":"Point","coordinates":[17.05904313875313,51.14105716126998]}},{"type":"Feature","properties":{"district":2,"street":"Stanisława Przybyszewskiego","number":"2","postal_code":"51-151","source_objectid":55735},"geometry":{"type":"Point","coordinates":[17.058867642913974,51.13461373794834]}},{"type":"Feature","properties":{"district":1,"street":"Marcina Kromera","number":"61","postal_code":"51-163","source_objectid":55761},"geometry":{"type":"Point","coordinates":[17.07046425105363,51.13536364275915]}},{"type":"Feature","properties":{"district":2,"street":"Piotra Czajkowskiego","number":"33","postal_code":"51-171","source_objectid":55802},"geometry":{"type":"Point","coordinates":[17.067298790031177,51.13933913634901]}},{"type":"Feature","properties":{"district":3,"street":"Wacława Gąsiorowskiego","number":"25","postal_code":"51-142","source_objectid":55832},"geometry":{"type":"Point","coordinates":[17.045234856010943,51.143364561745216]}},{"type":"Feature","properties":{"district":1,"street":"Toruńska","number":"2a","postal_code":"51-164","source_objectid":55841},"geometry":{"type":"Point","coordinates":[17.06636715178244,51.13192784580728]}},{"type":"Feature","properties":{"district":3,"street":"Maurycego Mochnackiego","number":"1a","postal_code":"51-122","source_objectid":55857},"geometry":{"type":"Point","coordinates":[17.03915374634551,51.14126140068441]}},{"type":"Feature","properties":{"district":5,"street":"Bałkańska","number":"4","postal_code":"51-111","source_objectid":55861},"geometry":{"type":"Point","coordinates":[17.018278591562908,51.13541699870255]}},{"type":"Feature","properties":{"district":2,"street":"Koszarowa","number":"56","postal_code":"51-149","source_objectid":55894},"geometry":{"type":"Point","coordinates":[17.060207599075657,51.141423322636335]}},{"type":"Feature","properties":{"district":3,"street":"Wincentego Pola","number":"21","postal_code":"51-140","source_objectid":55898},"geometry":{"type":"Point","coordinates":[17.043618689865497,51.13877545831403]}},{"type":"Feature","properties":{"district":4,"street":"Obornicka","number":"49","postal_code":"51-113","source_objectid":55904},"geometry":{"type":"Point","coordinates":[17.03211231478444,51.13811457626965]}},{"type":"Feature","properties":{"district":1,"street":"bp. Ignacego Krasickiego","number":"10b","postal_code":"51-144","source_objectid":55919},"geometry":{"type":"Point","coordinates":[17.056738953598753,51.139340997348306]}},{"type":"Feature","properties":{"district":3,"street":"Ignacego Chrzanowskiego","number":"44","postal_code":"51-141","source_objectid":55924},"geometry":{"type":"Point","coordinates":[17.048068313895484,51.14255272755521]}},{"type":"Feature","properties":{"district":4,"street":"ks. Norberta Bonczyka","number":"5","postal_code":"51-138","source_objectid":55927},"geometry":{"type":"Point","coordinates":[17.039468570111584,51.135353004855]}},{"type":"Feature","properties":{"district":3,"street":"Krzysztofa Kamila Baczyńskiego","number":"16","postal_code":"51-122","source_objectid":55934},"geometry":{"type":"Point","coordinates":[17.038891969455317,51.14211698766264]}},{"type":"Feature","properties":{"district":1,"street":"Zenona Miriama Przesmyckiego","number":"13","postal_code":"51-151","source_objectid":55942},"geometry":{"type":"Point","coordinates":[17.06345443220343,51.137712403617684]}},{"type":"Feature","properties":{"district":5,"street":"Łużycka","number":"29","postal_code":"51-111","source_objectid":55944},"geometry":{"type":"Point","coordinates":[17.019760874987014,51.13833232902135]}},{"type":"Feature","properties":{"district":3,"street":"Samuela Bogumiła Lindego","number":"5","postal_code":"51-138","source_objectid":55957},"geometry":{"type":"Point","coordinates":[17.040194370890017,51.13702365848667]}},{"type":"Feature","properties":{"district":3,"street":"Kornela Ujejskiego","number":"4","postal_code":"51-141","source_objectid":55964},"geometry":{"type":"Point","coordinates":[17.045169185106076,51.138968297701005]}},{"type":"Feature","properties":{"district":1,"street":"Władysława Orkana","number":"55-57","postal_code":"51-153","source_objectid":55974},"geometry":{"type":"Point","coordinates":[17.057086722832608,51.13324734094544]}},{"type":"Feature","properties":{"district":3,"street":"Wincentego Pola","number":"28","postal_code":"51-140","source_objectid":56010},"geometry":{"type":"Point","coordinates":[17.043036070508478,51.138993213191895]}},{"type":"Feature","properties":{"district":3,"street":"Wincentego Pola","number":"48a","postal_code":"51-140","source_objectid":56026},"geometry":{"type":"Point","coordinates":[17.041695179156257,51.141425358451144]}},{"type":"Feature","properties":{"district":1,"street":"Bolesława Leśmiana","number":"8","postal_code":"51-141","source_objectid":56059},"geometry":{"type":"Point","coordinates":[17.04834180283658,51.14015060223454]}},{"type":"Feature","properties":{"district":4,"street":"Obornicka","number":"86","postal_code":"51-114","source_objectid":56077},"geometry":{"type":"Point","coordinates":[17.026760417519814,51.140625713688124]}},{"type":"Feature","properties":{"district":2,"street":"Koszarowa","number":"8m","postal_code":"51-149","source_objectid":56094},"geometry":{"type":"Point","coordinates":[17.064847522487415,51.14127304486092]}},{"type":"Feature","properties":{"district":2,"street":"Piotra Czajkowskiego","number":"82a","postal_code":"51-147","source_objectid":56102},"geometry":{"type":"Point","coordinates":[17.05950821846574,51.140780794123245]}},{"type":"Feature","properties":{"district":4,"street":"Obornicka","number":"77h","postal_code":"51-114","source_objectid":56110},"geometry":{"type":"Point","coordinates":[17.02930413743381,51.14069331228805]}},{"type":"Feature","properties":{"district":5,"street":"Morawska","number":"6","postal_code":"51-111","source_objectid":56148},"geometry":{"type":"Point","coordinates":[17.02236213071512,51.13502668758376]}},{"type":"Feature","properties":{"district":2,"street":"Stanisława Przybyszewskiego","number":"59","postal_code":"51-151","source_objectid":56154},"geometry":{"type":"Point","coordinates":[17.060886772216506,51.13782843825386]}},{"type":"Feature","properties":{"district":4,"street":"Na Polance","number":"14d","postal_code":"51-109","source_objectid":56159},"geometry":{"type":"Point","coordinates":[17.03185992424567,51.13348563663221]}},{"type":"Feature","properties":{"district":3,"street":"Henryka Michała Kamieńskiego","number":"56","postal_code":"51-124","source_objectid":56161},"geometry":{"type":"Point","coordinates":[17.03851797188483,51.14361886792878]}},{"type":"Feature","properties":{"district":1,"street":"Leopolda Staffa","number":"12a","postal_code":"51-144","source_objectid":56186},"geometry":{"type":"Point","coordinates":[17.058487910202427,51.13962433869826]}},{"type":"Feature","properties":{"district":3,"street":"Wincentego Pola","number":"22","postal_code":"51-140","source_objectid":56201},"geometry":{"type":"Point","coordinates":[17.043261903721877,51.13841051809346]}},{"type":"Feature","properties":{"district":3,"street":"Jutrosińska","number":"1","postal_code":"51-124","source_objectid":56205},"geometry":{"type":"Point","coordinates":[17.04269301337192,51.146765653392016]}},{"type":"Feature","properties":{"district":3,"street":"Henryka Michała Kamieńskiego","number":"152","postal_code":"51-124","source_objectid":56215},"geometry":{"type":"Point","coordinates":[17.041988269073443,51.1491375060861]}},{"type":"Feature","properties":{"district":3,"street":"Bohdana Zaleskiego","number":"9","postal_code":"51-138","source_objectid":56216},"geometry":{"type":"Point","coordinates":[17.03929345852806,51.140106453035195]}},{"type":"Feature","properties":{"district":5,"street":"Jugosłowiańska","number":"109","postal_code":"51-112","source_objectid":56219},"geometry":{"type":"Point","coordinates":[17.02215201117787,51.13850376788394]}},{"type":"Feature","properties":{"district":1,"street":"Grudziądzka","number":"95","postal_code":"51-165","source_objectid":56245},"geometry":{"type":"Point","coordinates":[17.077709864423753,51.13764970140987]}},{"type":"Feature","properties":{"district":3,"street":"Henryka Michała Kamieńskiego","number":"70","postal_code":"51-124","source_objectid":56289},"geometry":{"type":"Point","coordinates":[17.040186180734977,51.145728227542115]}},{"type":"Feature","properties":{"district":2,"street":"Sportowa","number":"23","postal_code":"51-149","source_objectid":56298},"geometry":{"type":"Point","coordinates":[17.06421111340422,51.14395587153213]}},{"type":"Feature","properties":{"district":4,"street":"Jana Kasprowicza","number":"2","postal_code":"51-137","source_objectid":56302},"geometry":{"type":"Point","coordinates":[17.037216073712948,51.136436884143656]}},{"type":"Feature","properties":{"district":1,"street":"Marcina Kromera","number":"8","postal_code":"51-163","source_objectid":56309},"geometry":{"type":"Point","coordinates":[17.06067304067186,51.131345342128164]}},{"type":"Feature","properties":{"district":5,"street":"Jugosłowiańska","number":"76a","postal_code":"51-112","source_objectid":56320},"geometry":{"type":"Point","coordinates":[17.023100974381634,51.13558809018305]}},{"type":"Feature","properties":{"district":2,"street":"Koszarowa","number":"50","postal_code":"51-149","source_objectid":56347},"geometry":{"type":"Point","coordinates":[17.060862983644718,51.141376393326496]}},{"type":"Feature","properties":{"district":3,"street":"Roberta Kocha","number":"13","postal_code":"51-112","source_objectid":56361},"geometry":{"type":"Point","coordinates":[17.03953995991858,51.14306073066632]}},{"type":"Feature","properties":{"district":3,"street":"Marii Konopnickiej","number":"5","postal_code":"51-141","source_objectid":56369},"geometry":{"type":"Point","coordinates":[17.041564972872443,51.140588569264764]}},{"type":"Feature","properties":{"district":5,"street":"Jugosłowiańska","number":"81","postal_code":"51-112","source_objectid":56380},"geometry":{"type":"Point","coordinates":[17.023398296384674,51.13751753411427]}},{"type":"Feature","properties":{"district":1,"street":"Wacława Berenta","number":"34","postal_code":"51-152","source_objectid":56406},"geometry":{"type":"Point","coordinates":[17.058129480639632,51.136530742873525]}},{"type":"Feature","properties":{"district":5,"street":"Osobowicka","number":"39","postal_code":"51-110","source_objectid":56411},"geometry":{"type":"Point","coordinates":[17.020676361420684,51.13389506887597]}},{"type":"Feature","properties":{"district":1,"street":"Juliana Klaczki","number":"6","postal_code":"51-151","source_objectid":56428},"geometry":{"type":"Point","coordinates":[17.061401961126748,51.136180134582276]}},{"type":"Feature","properties":{"district":2,"street":"Koszarowa","number":"8g","postal_code":"51-149","source_objectid":56435},"geometry":{"type":"Point","coordinates":[17.06543876416651,51.14074490148088]}},{"type":"Feature","properties":{"district":3,"street":"Mieczysława Romanowskiego","number":"26","postal_code":"51-122","source_objectid":56447},"geometry":{"type":"Point","coordinates":[17.038128392493338,51.14099461892609]}},{"type":"Feature","properties":{"district":3,"street":"Henryka Michała Kamieńskiego","number":"41","postal_code":"51-124","source_objectid":56474},"geometry":{"type":"Point","coordinates":[17.038525419174704,51.142993036116955]}},{"type":"Feature","properties":{"district":5,"street":"Chorwacka","number":"60","postal_code":"51-107","source_objectid":56480},"geometry":{"type":"Point","coordinates":[17.023753481277552,51.139143078840085]}},{"type":"Feature","properties":{"district":2,"street":"Sportowa","number":"29","postal_code":"51-149","source_objectid":56489},"geometry":{"type":"Point","coordinates":[17.064400711287217,51.14420560993705]}},{"type":"Feature","properties":{"district":4,"street":"Jana Kasprowicza","number":"7a","postal_code":"51-136","source_objectid":56490},"geometry":{"type":"Point","coordinates":[17.037835868818906,51.135403086626006]}},{"type":"Feature","properties":{"district":2,"street":"Jana Kasprowicza","number":"104","postal_code":"51-145","source_objectid":56496},"geometry":{"type":"Point","coordinates":[17.059044072686625,51.13877317203055]}},{"type":"Feature","properties":{"district":1,"street":"Zenona Miriama Przesmyckiego","number":"7a","postal_code":"51-151","source_objectid":56511},"geometry":{"type":"Point","coordinates":[17.06260788532448,51.137823394684155]}},{"type":"Feature","properties":{"district":3,"street":"Torowa","number":"19","postal_code":"51-125","source_objectid":56561},"geometry":{"type":"Point","coordinates":[17.03922557746939,51.15004092971198]}},{"type":"Feature","properties":{"district":5,"street":"Chorwacka","number":"47","postal_code":"51-107","source_objectid":56574},"geometry":{"type":"Point","coordinates":[17.025258104153462,51.14065318840383]}},{"type":"Feature","properties":{"district":3,"street":"Kornela Ujejskiego","number":"10","postal_code":"51-141","source_objectid":56577},"geometry":{"type":"Point","coordinates":[17.044987940778448,51.139742956758276]}},{"type":"Feature","properties":{"district":1,"street":"marsz. Józefa Piłsudskiego","number":"3","postal_code":"51-152","source_objectid":56580},"geometry":{"type":"Point","coordinates":[17.05576335967435,51.13767868054889]}},{"type":"Feature","properties":{"district":4,"street":"Macedońska","number":"1","postal_code":"51-113","source_objectid":56582},"geometry":{"type":"Point","coordinates":[17.031971982174614,51.13395112290262]}},{"type":"Feature","properties":{"district":1,"street":"Łąka Mazurska","number":"12","postal_code":"51-164","source_objectid":56592},"geometry":{"type":"Point","coordinates":[17.064362045304385,51.13116467364455]}},{"type":"Feature","properties":{"district":5,"street":"Łużycka","number":"18c","postal_code":"51-111","source_objectid":56593},"geometry":{"type":"Point","coordinates":[17.017858843190044,51.13791776992736]}},{"type":"Feature","properties":{"district":5,"street":"Bułgarska","number":"1","postal_code":"51-112","source_objectid":56604},"geometry":{"type":"Point","coordinates":[17.027188134736974,51.13505689154697]}},{"type":"Feature","properties":{"district":5,"street":"Osobowicka","number":"33","postal_code":"51-110","source_objectid":56631},"geometry":{"type":"Point","coordinates":[17.022293799546805,51.13362777402071]}},{"type":"Feature","properties":{"district":3,"street":"Marii Konopnickiej","number":"52","postal_code":"51-142","source_objectid":56635},"geometry":{"type":"Point","coordinates":[17.04907636073182,51.141503890334974]}},{"type":"Feature","properties":{"district":3,"street":"Władysława Syrokomli","number":"35","postal_code":"51-141","source_objectid":56657},"geometry":{"type":"Point","coordinates":[17.047630475660316,51.14049967806737]}},{"type":"Feature","properties":{"district":2,"street":"Stanisława Przybyszewskiego","number":"12","postal_code":"51-151","source_objectid":56658},"geometry":{"type":"Point","coordinates":[17.059765704715414,51.13537307100335]}},{"type":"Feature","properties":{"district":1,"street":"bp. Ignacego Krasickiego","number":"37","postal_code":"51-144","source_objectid":56677},"geometry":{"type":"Point","coordinates":[17.055631130502608,51.14124475530433]}},{"type":"Feature","properties":{"district":3,"street":"Jutrosińska","number":"11a","postal_code":"51-124","source_objectid":56778},"geometry":{"type":"Point","coordinates":[17.043698002390535,51.1461559723218]}},{"type":"Feature","properties":{"district":2,"street":"Stanisława Przybyszewskiego","number":"5","postal_code":"51-151","source_objectid":56837},"geometry":{"type":"Point","coordinates":[17.059773243911497,51.13467264067662]}},{"type":"Feature","properties":{"district":1,"street":"Władysława Orkana","number":"36","postal_code":"51-153","source_objectid":56842},"geometry":{"type":"Point","coordinates":[17.05524389499416,51.13409011659003]}},{"type":"Feature","properties":{"district":2,"street":"Jana Kasprowicza","number":"109","postal_code":"51-146","source_objectid":56905},"geometry":{"type":"Point","coordinates":[17.058916348208204,51.13834532532503]}},{"type":"Feature","properties":{"district":5,"street":"Bezpieczna","number":"73","postal_code":"51-114","source_objectid":56910},"geometry":{"type":"Point","coordinates":[17.020478444043878,51.139582644786294]}},{"type":"Feature","properties":{"district":1,"street":"marsz. Józefa Piłsudskiego","number":"1","postal_code":"51-152","source_objectid":56948},"geometry":{"type":"Point","coordinates":[17.055756451479887,51.137726629456076]}},{"type":"Feature","properties":{"district":5,"street":"Chorwacka","number":"22","postal_code":"51-107","source_objectid":56963},"geometry":{"type":"Point","coordinates":[17.025421113137096,51.13701148876309]}},{"type":"Feature","properties":{"district":5,"street":"Jugosłowiańska","number":"83","postal_code":"51-112","source_objectid":56969},"geometry":{"type":"Point","coordinates":[17.02333954681139,51.13761602864623]}},{"type":"Feature","properties":{"district":1,"street":"Wacława Berenta","number":"47","postal_code":"51-152","source_objectid":56972},"geometry":{"type":"Point","coordinates":[17.058959661564355,51.13674762161825]}},{"type":"Feature","properties":{"district":1,"street":"Wacława Berenta","number":"63","postal_code":"51-152","source_objectid":57006},"geometry":{"type":"Point","coordinates":[17.059540372275514,51.13735154222238]}},{"type":"Feature","properties":{"district":1,"street":"Adama Asnyka","number":"32","postal_code":"51-143","source_objectid":57008},"geometry":{"type":"Point","coordinates":[17.053066171457363,51.140704810566156]}},{"type":"Feature","properties":{"district":1,"street":"Tadeusza Boya-Żeleńskiego","number":"45","postal_code":"51-160","source_objectid":57014},"geometry":{"type":"Point","coordinates":[17.057689066000073,51.1347085184524]}},{"type":"Feature","properties":{"district":5,"street":"Bezpieczna","number":"69","postal_code":"51-114","source_objectid":57018},"geometry":{"type":"Point","coordinates":[17.020716560220944,51.139416361451055]}},{"type":"Feature","properties":{"district":5,"street":"Bezpieczna","number":"17","postal_code":"51-114","source_objectid":57042},"geometry":{"type":"Point","coordinates":[17.023442364753155,51.14127237812462]}},{"type":"Feature","properties":{"district":1,"street":"Tadeusza Boya-Żeleńskiego","number":"12","postal_code":"51-160","source_objectid":57046},"geometry":{"type":"Point","coordinates":[17.055080654882588,51.13653789164842]}},{"type":"Feature","properties":{"district":3,"street":"Władysława Syrokomli","number":"23","postal_code":"51-141","source_objectid":57053},"geometry":{"type":"Point","coordinates":[17.04830891487622,51.13984512730031]}},{"type":"Feature","properties":{"district":1,"street":"Bolesława Krzywoustego","number":"85","postal_code":"51-166","source_objectid":57056},"geometry":{"type":"Point","coordinates":[17.07708330913823,51.1382752642961]}},{"type":"Feature","properties":{"district":1,"street":"Tadeusza Boya-Żeleńskiego","number":"11","postal_code":"51-160","source_objectid":57080},"geometry":{"type":"Point","coordinates":[17.053562150927988,51.13682515674546]}},{"type":"Feature","properties":{"district":1,"street":"Leopolda Staffa","number":"3","postal_code":"51-144","source_objectid":57116},"geometry":{"type":"Point","coordinates":[17.059350424185055,51.13929371817516]}},{"type":"Feature","properties":{"district":5,"street":"Bezpieczna","number":"45","postal_code":"51-114","source_objectid":57118},"geometry":{"type":"Point","coordinates":[17.021898794007477,51.140115437754645]}},{"type":"Feature","properties":{"district":3,"street":"Marii Konopnickiej","number":"56","postal_code":"51-142","source_objectid":57119},"geometry":{"type":"Point","coordinates":[17.049527007122364,51.14154587635415]}},{"type":"Feature","properties":{"district":1,"street":"gen. Józefa Wybickiego","number":"7","postal_code":"51-144","source_objectid":57127},"geometry":{"type":"Point","coordinates":[17.054114263465905,51.13901886185871]}},{"type":"Feature","properties":{"district":4,"street":"Zawalna","number":"9a","postal_code":"51-118","source_objectid":57132},"geometry":{"type":"Point","coordinates":[17.038040301246003,51.13482320062959]}},{"type":"Feature","properties":{"district":1,"street":"gen. Józefa Wybickiego","number":"24","postal_code":"51-144","source_objectid":57184},"geometry":{"type":"Point","coordinates":[17.05738494073284,51.140106477204675]}},{"type":"Feature","properties":{"district":5,"street":"Jugosłowiańska","number":"112a","postal_code":"51-112","source_objectid":57215},"geometry":{"type":"Point","coordinates":[17.020985150812912,51.13709377633973]}},{"type":"Feature","properties":{"district":1,"street":"Wacława Potockiego","number":"21","postal_code":"51-153","source_objectid":57244},"geometry":{"type":"Point","coordinates":[17.052846815152954,51.13579145371042]}},{"type":"Feature","properties":{"district":2,"street":"Jana Kasprowicza","number":"56","postal_code":"51-137","source_objectid":57276},"geometry":{"type":"Point","coordinates":[17.048888949505745,51.13756469649612]}},{"type":"Feature","properties":{"district":2,"street":"Stanisława Przybyszewskiego","number":"45","postal_code":"51-151","source_objectid":57284},"geometry":{"type":"Point","coordinates":[17.06073286902708,51.13706049403347]}},{"type":"Feature","properties":{"district":5,"street":"Jugosłowiańska","number":"51a","postal_code":"51-112","source_objectid":57285},"geometry":{"type":"Point","coordinates":[17.02658115190711,51.134800919699614]}},{"type":"Feature","properties":{"district":3,"street":"Krzysztofa Kamila Baczyńskiego","number":"26","postal_code":"51-122","source_objectid":57310},"geometry":{"type":"Point","coordinates":[17.038517425584164,51.14250763756697]}},{"type":"Feature","properties":{"district":1,"street":"gen. Józefa Wybickiego","number":"3","postal_code":"51-144","source_objectid":57317},"geometry":{"type":"Point","coordinates":[17.053591885821902,51.13880790107818]}},{"type":"Feature","properties":{"district":2,"street":"Koszarowa","number":"74","postal_code":"51-149","source_objectid":57327},"geometry":{"type":"Point","coordinates":[17.059304804163755,51.14230540012645]}},{"type":"Feature","properties":{"district":2,"street":"Piotra Czajkowskiego","number":"29","postal_code":"51-171","source_objectid":57353},"geometry":{"type":"Point","coordinates":[17.06543974460877,51.13960505096264]}},{"type":"Feature","properties":{"district":5,"street":"Serbska","number":"22","postal_code":"51-111","source_objectid":57369},"geometry":{"type":"Point","coordinates":[17.018027810962757,51.136498111889296]}},{"type":"Feature","properties":{"district":3,"street":"Henryka Michała Kamieńskiego","number":"10a","postal_code":"51-124","source_objectid":57401},"geometry":{"type":"Point","coordinates":[17.033712869375154,51.1411144339423]}},{"type":"Feature","properties":{"district":5,"street":"Słowacka","number":"3","postal_code":"51-111","source_objectid":57405},"geometry":{"type":"Point","coordinates":[17.01928275623205,51.135062205377295]}},{"type":"Feature","properties":{"district":3,"street":"Krzysztofa Kamila Baczyńskiego","number":"21","postal_code":"51-122","source_objectid":57408},"geometry":{"type":"Point","coordinates":[17.039161667069166,51.142304740901]}},{"type":"Feature","properties":{"district":1,"street":"gen. Józefa Wybickiego","number":"21","postal_code":"51-144","source_objectid":57413},"geometry":{"type":"Point","coordinates":[17.05774933559968,51.139963376911304]}},{"type":"Feature","properties":{"district":4,"street":"Obornicka","number":"77i","postal_code":"51-114","source_objectid":57428},"geometry":{"type":"Point","coordinates":[17.029560930055762,51.14046380699786]}},{"type":"Feature","properties":{"district":5,"street":"Jugosłowiańska","number":"52","postal_code":"51-112","source_objectid":57443},"geometry":{"type":"Point","coordinates":[17.02669215687567,51.133795900401694]}},{"type":"Feature","properties":{"district":3,"street":"Wincentego Pola","number":"37","postal_code":"51-140","source_objectid":57454},"geometry":{"type":"Point","coordinates":[17.043049146594637,51.139874395319026]}},{"type":"Feature","properties":{"district":4,"street":"Obornicka","number":"77m","postal_code":"51-114","source_objectid":57474},"geometry":{"type":"Point","coordinates":[17.02891294836,51.140289081427476]}},{"type":"Feature","properties":{"district":4,"street":"Rowerowa","number":"3","postal_code":"51-138","source_objectid":57478},"geometry":{"type":"Point","coordinates":[17.037063469224712,51.13698700808729]}},{"type":"Feature","properties":{"district":3,"street":"Roberta Kocha","number":"14b","postal_code":"51-112","source_objectid":57479},"geometry":{"type":"Point","coordinates":[17.039475014470895,51.14268719008871]}},{"type":"Feature","properties":{"district":3,"street":"Władysława Syrokomli","number":"44","postal_code":"51-141","source_objectid":57498},"geometry":{"type":"Point","coordinates":[17.04718290741064,51.14100705774948]}},{"type":"Feature","properties":{"district":3,"street":"Ignacego Chrzanowskiego","number":"3","postal_code":"51-147","source_objectid":57511},"geometry":{"type":"Point","coordinates":[17.052711500673073,51.14289855604837]}},{"type":"Feature","properties":{"district":5,"street":"Bezpieczna","number":"2a","postal_code":"51-114","source_objectid":57531},"geometry":{"type":"Point","coordinates":[17.025914711397295,51.141294245415075]}},{"type":"Feature","properties":{"district":2,"street":"Sportowa","number":"37a","postal_code":"51-149","source_objectid":57539},"geometry":{"type":"Point","coordinates":[17.06434454970607,51.14469952716589]}},{"type":"Feature","properties":{"district":5,"street":"Serbska","number":"12a","postal_code":"51-111","source_objectid":57557},"geometry":{"type":"Point","coordinates":[17.019269543872387,51.13561570510519]}},{"type":"Feature","properties":{"district":3,"street":"Ignacego Chrzanowskiego","number":"31","postal_code":"51-141","source_objectid":57560},"geometry":{"type":"Point","coordinates":[17.050029629963053,51.14385536126652]}},{"type":"Feature","properties":{"district":3,"street":"Henryka Michała Kamieńskiego","number":"158","postal_code":"51-124","source_objectid":57574},"geometry":{"type":"Point","coordinates":[17.041507027788523,51.149156145295755]}},{"type":"Feature","properties":{"district":5,"street":"Jugosłowiańska","number":"110","postal_code":"51-112","source_objectid":57591},"geometry":{"type":"Point","coordinates":[17.02158416481695,51.13711079046377]}},{"type":"Feature","properties":{"district":5,"street":"Teodora Parnickiego","number":"7","postal_code":"51-116","source_objectid":57596},"geometry":{"type":"Point","coordinates":[17.02975605346623,51.138759351680115]}},{"type":"Feature","properties":{"district":3,"street":"Wincentego Pola","number":"26","postal_code":"51-140","source_objectid":57634},"geometry":{"type":"Point","coordinates":[17.043084579105336,51.13884070521356]}},{"type":"Feature","properties":{"district":1,"street":"Bolesława Krzywoustego","number":"72","postal_code":"51-166","source_objectid":57657},"geometry":{"type":"Point","coordinates":[17.074922291186137,51.13941658552994]}},{"type":"Feature","properties":{"district":1,"street":"Bolesława Krzywoustego","number":"5","postal_code":"51-165","source_objectid":57666},"geometry":{"type":"Point","coordinates":[17.071725920989344,51.13582987259896]}},{"type":"Feature","properties":{"district":3,"street":"Henryka Michała Kamieńskiego","number":"130","postal_code":"51-124","source_objectid":57686},"geometry":{"type":"Point","coordinates":[17.041392800769195,51.14874903961061]}},{"type":"Feature","properties":{"district":5,"street":"Jugosłowiańska","number":"89","postal_code":"51-112","source_objectid":57698},"geometry":{"type":"Point","coordinates":[17.022741671692007,51.13790006078102]}},{"type":"Feature","properties":{"district":3,"street":"Władysława Anczyca","number":"8","postal_code":"51-141","source_objectid":57714},"geometry":{"type":"Point","coordinates":[17.043859035114387,51.13972210933946]}},{"type":"Feature","properties":{"district":5,"street":"Łużycka","number":"2a","postal_code":"51-111","source_objectid":57727},"geometry":{"type":"Point","coordinates":[17.016423535400783,51.136425838139516]}},{"type":"Feature","properties":{"district":5,"street":"Bułgarska","number":"4b","postal_code":"51-112","source_objectid":57740},"geometry":{"type":"Point","coordinates":[17.026943962569767,51.135215665454595]}},{"type":"Feature","properties":{"district":5,"street":"Zaułek Rogoziński","number":"3","postal_code":"51-116","source_objectid":57746},"geometry":{"type":"Point","coordinates":[17.03011411428273,51.14207196953007]}},{"type":"Feature","properties":{"district":4,"street":"Na Polance","number":"8a","postal_code":"51-109","source_objectid":57751},"geometry":{"type":"Point","coordinates":[17.033618505434873,51.13342432693046]}},{"type":"Feature","properties":{"district":2,"street":"Jana Kasprowicza","number":"78a","postal_code":"51-145","source_objectid":57772},"geometry":{"type":"Point","coordinates":[17.05435924456528,51.13823280209321]}},{"type":"Feature","properties":{"district":1,"street":"Adama Asnyka","number":"1","postal_code":"51-143","source_objectid":57775},"geometry":{"type":"Point","coordinates":[17.05333634617679,51.13813983535835]}},{"type":"Feature","properties":{"district":3,"street":"Wincentego Pola","number":"54a","postal_code":"51-123","source_objectid":57786},"geometry":{"type":"Point","coordinates":[17.04109004066556,51.14246996624146]}},{"type":"Feature","properties":{"district":1,"street":"Bolesława Krzywoustego","number":"58","postal_code":"51-165","source_objectid":57791},"geometry":{"type":"Point","coordinates":[17.07342478378412,51.13908110885151]}},{"type":"Feature","properties":{"district":3,"street":"Henryka Michała Kamieńskiego","number":"58","postal_code":"51-124","source_objectid":57794},"geometry":{"type":"Point","coordinates":[17.03898178350289,51.143938110248214]}},{"type":"Feature","properties":{"district":1,"street":"Adama Asnyka","number":"20","postal_code":"51-143","source_objectid":57838},"geometry":{"type":"Point","coordinates":[17.052458262139925,51.13978560475521]}},{"type":"Feature","properties":{"district":1,"street":"Władysława Orkana","number":"47","postal_code":"51-153","source_objectid":57851},"geometry":{"type":"Point","coordinates":[17.05615000450034,51.13348001507188]}},{"type":"Feature","properties":{"district":1,"street":"marsz. Józefa Piłsudskiego","number":"4","postal_code":"51-152","source_objectid":57872},"geometry":{"type":"Point","coordinates":[17.056440980467443,51.13759562851851]}},{"type":"Feature","properties":{"district":1,"street":"Adama Asnyka","number":"26b","postal_code":"51-143","source_objectid":57895},"geometry":{"type":"Point","coordinates":[17.052106942465652,51.140394080325116]}},{"type":"Feature","properties":{"district":3,"street":"Ignacego Chrzanowskiego","number":"28","postal_code":"51-141","source_objectid":57901},"geometry":{"type":"Point","coordinates":[17.049170887441377,51.1426935834199]}},{"type":"Feature","properties":{"district":3,"street":"Krzysztofa Kamila Baczyńskiego","number":"29","postal_code":"51-122","source_objectid":57908},"geometry":{"type":"Point","coordinates":[17.038756620323948,51.14274113197225]}},{"type":"Feature","properties":{"district":1,"street":"Wacława Berenta","number":"38","postal_code":"51-152","source_objectid":57924},"geometry":{"type":"Point","coordinates":[17.058229090716214,51.13663319990965]}},{"type":"Feature","properties":{"district":4,"street":"Jana Kasprowicza","number":"13","postal_code":"51-136","source_objectid":57929},"geometry":{"type":"Point","coordinates":[17.03854280533836,51.13579560851429]}},{"type":"Feature","properties":{"district":2,"street":"Sołtysowicka","number":"1a","postal_code":"51-168","source_objectid":57966},"geometry":{"type":"Point","coordinates":[17.068696771391718,51.13854048181632]}},{"type":"Feature","properties":{"district":4,"street":"Zawalna","number":"11b","postal_code":"51-118","source_objectid":57980},"geometry":{"type":"Point","coordinates":[17.038409508796537,51.13483243981629]}},{"type":"Feature","properties":{"district":3,"street":"Marii Konopnickiej","number":"19a","postal_code":"51-142","source_objectid":57988},"geometry":{"type":"Point","coordinates":[17.04825751935838,51.14120831171224]}},{"type":"Feature","properties":{"district":1,"street":"Franciszka Karpińskiego","number":"39","postal_code":"51-144","source_objectid":57990},"geometry":{"type":"Point","coordinates":[17.054623317046364,51.14045607903495]}},{"type":"Feature","properties":{"district":3,"street":"Władysława Syrokomli","number":"54","postal_code":"51-141","source_objectid":57991},"geometry":{"type":"Point","coordinates":[17.046967826986975,51.141761235165816]}},{"type":"Feature","properties":{"district":1,"street":"Zenona Miriama Przesmyckiego","number":"23","postal_code":"51-151","source_objectid":58004},"geometry":{"type":"Point","coordinates":[17.065565339034823,51.137606840769905]}},{"type":"Feature","properties":{"district":3,"street":"Ignacego Chrzanowskiego","number":"66","postal_code":"51-141","source_objectid":58014},"geometry":{"type":"Point","coordinates":[17.04632515928973,51.14278650580984]}},{"type":"Feature","properties":{"district":1,"street":"Bolesława Krzywoustego","number":"62","postal_code":"51-166","source_objectid":58018},"geometry":{"type":"Point","coordinates":[17.075561605785808,51.1384749518515]}},{"type":"Feature","properties":{"district":2,"street":"Piotra Czajkowskiego","number":"77a","postal_code":"51-147","source_objectid":58059},"geometry":{"type":"Point","coordinates":[17.060176981809,51.141095728107885]}},{"type":"Feature","properties":{"district":1,"street":"Galla Anonima","number":"2","postal_code":"51-162","source_objectid":58072},"geometry":{"type":"Point","coordinates":[17.059625279126855,51.13105612101549]}},{"type":"Feature","properties":{"district":1,"street":"Kazimierza Przerwy-Tetmajera","number":"6","postal_code":"51-153","source_objectid":58075},"geometry":{"type":"Point","coordinates":[17.051136657986916,51.13592085000924]}},{"type":"Feature","properties":{"district":2,"street":"Stanisława Przybyszewskiego","number":"89","postal_code":"51-148","source_objectid":58080},"geometry":{"type":"Point","coordinates":[17.063891695503724,51.14071970972798]}},{"type":"Feature","properties":{"district":2,"street":"Jana Kasprowicza","number":"91","postal_code":"51-146","source_objectid":58096},"geometry":{"type":"Point","coordinates":[17.054640856842216,51.13750401419248]}},{"type":"Feature","properties":{"district":5,"street":"Jugosłowiańska","number":"62","postal_code":"51-112","source_objectid":58109},"geometry":{"type":"Point","coordinates":[17.02542415429023,51.13460631243725]}},{"type":"Feature","properties":{"district":3,"street":"Marii Konopnickiej","number":"6","postal_code":"51-141","source_objectid":58145},"geometry":{"type":"Point","coordinates":[17.040523601234735,51.140555452931245]}},{"type":"Feature","properties":{"district":1,"street":"Bolesława Krzywoustego","number":"65","postal_code":"51-166","source_objectid":58167},"geometry":{"type":"Point","coordinates":[17.075121446263225,51.13778118514441]}},{"type":"Feature","properties":{"district":3,"street":"Henryka Michała Kamieńskiego","number":"118","postal_code":"51-124","source_objectid":58187},"geometry":{"type":"Point","coordinates":[17.041679734240557,51.14798066479173]}},{"type":"Feature","properties":{"district":4,"street":"Obornicka","number":"77k","postal_code":"51-114","source_objectid":58205},"geometry":{"type":"Point","coordinates":[17.029227630031876,51.14028848455905]}},{"type":"Feature","properties":{"district":1,"street":"Franciszka Karpińskiego","number":"36","postal_code":"51-144","source_objectid":58227},"geometry":{"type":"Point","coordinates":[17.054182026944186,51.140474715525954]}},{"type":"Feature","properties":{"district":3,"street":"Wincentego Pola","number":"20","postal_code":"51-140","source_objectid":58246},"geometry":{"type":"Point","coordinates":[17.043288104637714,51.138151560910295]}},{"type":"Feature","properties":{"district":3,"street":"Henryka Michała Kamieńskiego","number":"53","postal_code":"51-124","source_objectid":58275},"geometry":{"type":"Point","coordinates":[17.040684158536415,51.144168421687795]}},{"type":"Feature","properties":{"district":3,"street":"Jana Brzechwy","number":"77","postal_code":"51-141","source_objectid":58281},"geometry":{"type":"Point","coordinates":[17.045747692910318,51.14256399468207]}},{"type":"Feature","properties":{"district":5,"street":"Chorwacka","number":"80","postal_code":"51-107","source_objectid":58302},"geometry":{"type":"Point","coordinates":[17.02502132493088,51.13967786891994]}},{"type":"Feature","properties":{"district":1,"street":"Adama Asnyka","number":"4","postal_code":"51-143","source_objectid":58368},"geometry":{"type":"Point","coordinates":[17.052812613961603,51.13836652077482]}},{"type":"Feature","properties":{"district":1,"street":"Adolfa Dygasińskiego","number":"14","postal_code":"51-153","source_objectid":58378},"geometry":{"type":"Point","coordinates":[17.0532903135668,51.134930465488864]}},{"type":"Feature","properties":{"district":4,"street":"Obornicka","number":"77g","postal_code":"51-114","source_objectid":58386},"geometry":{"type":"Point","coordinates":[17.029092313976896,51.14074706509639]}},{"type":"Feature","properties":{"district":4,"street":"Żmigrodzka","number":"87a","postal_code":"51-130","source_objectid":58422},"geometry":{"type":"Point","coordinates":[17.032369570398416,51.14229968808733]}},{"type":"Feature","properties":{"district":1,"street":"Tadeusza Boya-Żeleńskiego","number":"5","postal_code":"51-160","source_objectid":58444},"geometry":{"type":"Point","coordinates":[17.052818086857293,51.13695663855268]}},{"type":"Feature","properties":{"district":5,"street":"Słowacka","number":"8","postal_code":"51-111","source_objectid":58452},"geometry":{"type":"Point","coordinates":[17.01991005501164,51.13593198217255]}},{"type":"Feature","properties":{"district":1,"street":"Teofila Lenartowicza","number":"6","postal_code":"51-140","source_objectid":58472},"geometry":{"type":"Point","coordinates":[17.044579356494168,51.137839469312496]}},{"type":"Feature","properties":{"district":3,"street":"Mieczysława Romanowskiego","number":"25a","postal_code":"51-122","source_objectid":58494},"geometry":{"type":"Point","coordinates":[17.039617870072505,51.1405748530094]}},{"type":"Feature","properties":{"district":1,"street":"Marcina Kromera","number":"25","postal_code":"51-163","source_objectid":58569},"geometry":{"type":"Point","coordinates":[17.066047513660887,51.13272378965482]}},{"type":"Feature","properties":{"district":1,"street":"Bolesława Leśmiana","number":"18","postal_code":"51-141","source_objectid":58591},"geometry":{"type":"Point","coordinates":[17.048251833534096,51.14076833942727]}},{"type":"Feature","properties":{"district":3,"street":"Tadeusza Gajcego","number":"32","postal_code":"51-143","source_objectid":58592},"geometry":{"type":"Point","coordinates":[17.048915339803454,51.140927873372135]}},{"type":"Feature","properties":{"district":1,"street":"bp. Ignacego Krasickiego","number":"4a","postal_code":"51-144","source_objectid":58594},"geometry":{"type":"Point","coordinates":[17.057497139031252,51.138960168889724]}},{"type":"Feature","properties":{"district":2,"street":"Sportowa","number":"33","postal_code":"51-149","source_objectid":58604},"geometry":{"type":"Point","coordinates":[17.064547217152093,51.14440047229731]}},{"type":"Feature","properties":{"district":3,"street":"Samuela Bogumiła Lindego","number":"15","postal_code":"51-138","source_objectid":58615},"geometry":{"type":"Point","coordinates":[17.039901537523757,51.13796569849413]}},{"type":"Feature","properties":{"district":2,"street":"Jana Kasprowicza","number":"88a","postal_code":"51-145","source_objectid":58616},"geometry":{"type":"Point","coordinates":[17.056124547250242,51.13844057345695]}},{"type":"Feature","properties":{"district":2,"street":"Piotra Czajkowskiego","number":"120","postal_code":"51-147","source_objectid":58628},"geometry":{"type":"Point","coordinates":[17.052884754743644,51.14331659278307]}},{"type":"Feature","properties":{"district":4,"street":"Obornicka","number":"101","postal_code":"51-114","source_objectid":58645},"geometry":{"type":"Point","coordinates":[17.02656521765103,51.14318149198089]}},{"type":"Feature","properties":{"district":5,"street":"Serbska","number":"16","postal_code":"51-111","source_objectid":58648},"geometry":{"type":"Point","coordinates":[17.018819091298777,51.135926511075745]}},{"type":"Feature","properties":{"district":3,"street":"Kornela Makuszyńskiego","number":"12","postal_code":"51-142","source_objectid":58675},"geometry":{"type":"Point","coordinates":[17.05169913296913,51.14216753133567]}},{"type":"Feature","properties":{"district":4,"street":"Jana Kasprowicza","number":"1b","postal_code":"51-136","source_objectid":58688},"geometry":{"type":"Point","coordinates":[17.037312861201695,51.135499997093866]}},{"type":"Feature","properties":{"district":5,"street":"Chorwacka","number":"74","postal_code":"51-107","source_objectid":58694},"geometry":{"type":"Point","coordinates":[17.024581848546426,51.13935794831555]}},{"type":"Feature","properties":{"district":1,"street":"bp. Ignacego Krasickiego","number":"7","postal_code":"51-144","source_objectid":58697},"geometry":{"type":"Point","coordinates":[17.05762167051557,51.13938144694926]}},{"type":"Feature","properties":{"district":3,"street":"Kornela Makuszyńskiego","number":"20","postal_code":"51-142","source_objectid":58730},"geometry":{"type":"Point","coordinates":[17.051305124760567,51.14192696461444]}},{"type":"Feature","properties":{"district":3,"street":"Artura Oppmana","number":"3","postal_code":"51-142","source_objectid":58739},"geometry":{"type":"Point","coordinates":[17.04892854718008,51.14202925649365]}},{"type":"Feature","properties":{"district":5,"street":"Jugosłowiańska","number":"144","postal_code":"51-112","source_objectid":58750},"geometry":{"type":"Point","coordinates":[17.01874113044588,51.139083161053044]}},{"type":"Feature","properties":{"district":1,"street":"Adama Asnyka","number":"8","postal_code":"51-143","source_objectid":58777},"geometry":{"type":"Point","coordinates":[17.05275630632964,51.13854840162649]}},{"type":"Feature","properties":{"district":4,"street":"Żmigrodzka","number":"123-139","postal_code":"51-130","source_objectid":58782},"geometry":{"type":"Point","coordinates":[17.031936860032836,51.14644863060997]}},{"type":"Feature","properties":{"district":3,"street":"Wacława Gąsiorowskiego","number":"17","postal_code":"51-142","source_objectid":58804},"geometry":{"type":"Point","coordinates":[17.04425649360808,51.143344228106685]}},{"type":"Feature","properties":{"district":4,"street":"Macedońska","number":"37","postal_code":"51-113","source_objectid":58810},"geometry":{"type":"Point","coordinates":[17.030310922846063,51.13580716597358]}},{"type":"Feature","properties":{"district":5,"street":"Jugosłowiańska","number":"118a","postal_code":"51-112","source_objectid":58813},"geometry":{"type":"Point","coordinates":[17.02067930965803,51.13729011193865]}},{"type":"Feature","properties":{"district":3,"street":"Kornela Ujejskiego","number":"36","postal_code":"51-141","source_objectid":58870},"geometry":{"type":"Point","coordinates":[17.044410203648898,51.142628128862754]}},{"type":"Feature","properties":{"district":3,"street":"Marii Konopnickiej","number":"58a","postal_code":"51-142","source_objectid":58887},"geometry":{"type":"Point","coordinates":[17.049967589230043,51.141575552973926]}},{"type":"Feature","properties":{"district":1,"street":"Toruńska","number":"3","postal_code":"51-164","source_objectid":58905},"geometry":{"type":"Point","coordinates":[17.065187228481108,51.13158471545969]}},{"type":"Feature","properties":{"district":1,"street":"Leopolda Staffa","number":"29","postal_code":"51-144","source_objectid":58915},"geometry":{"type":"Point","coordinates":[17.058755615506605,51.1404908559616]}},{"type":"Feature","properties":{"district":3,"street":"Filomatów","number":"15-17","postal_code":"51-142","source_objectid":58916},"geometry":{"type":"Point","coordinates":[17.050226724660284,51.14274517779787]}},{"type":"Feature","properties":{"district":3,"street":"Władysława Syrokomli","number":"50","postal_code":"51-141","source_objectid":58950},"geometry":{"type":"Point","coordinates":[17.047057623964964,51.14144638555424]}},{"type":"Feature","properties":{"district":1,"street":"Bolesława Krzywoustego","number":"89a","postal_code":"51-166","source_objectid":59039},"geometry":{"type":"Point","coordinates":[17.077717834276832,51.13793531083099]}},{"type":"Feature","properties":{"district":1,"street":"Teofila Lenartowicza","number":"8","postal_code":"51-140","source_objectid":59075},"geometry":{"type":"Point","coordinates":[17.044522750560674,51.137983731187326]}},{"type":"Feature","properties":{"district":5,"street":"Zaułek Rogoziński","number":"5b","postal_code":"51-116","source_objectid":59091},"geometry":{"type":"Point","coordinates":[17.030767194667693,51.141312022857434]}},{"type":"Feature","properties":{"district":5,"street":"Jugosłowiańska","number":"51","postal_code":"51-112","source_objectid":59137},"geometry":{"type":"Point","coordinates":[17.02668664534145,51.13479268220794]}},{"type":"Feature","properties":{"district":1,"street":"Franciszka Karpińskiego","number":"8a","postal_code":"51-144","source_objectid":59154},"geometry":{"type":"Point","coordinates":[17.05524079280316,51.13912467805087]}},{"type":"Feature","properties":{"district":4,"street":"Żmigrodzka","number":"81-83","postal_code":"51-130","source_objectid":59170},"geometry":{"type":"Point","coordinates":[17.032493798062674,51.14162678532904]}},{"type":"Feature","properties":{"district":3,"street":"Jutrosińska","number":"17","postal_code":"51-124","source_objectid":59174},"geometry":{"type":"Point","coordinates":[17.045435764633304,51.14626247356344]}},{"type":"Feature","properties":{"district":5,"street":"Bezpieczna","number":"35","postal_code":"51-114","source_objectid":59177},"geometry":{"type":"Point","coordinates":[17.022459709074532,51.14082992365497]}},{"type":"Feature","properties":{"district":3,"street":"Wincentego Pola","number":"70","postal_code":"51-123","source_objectid":59179},"geometry":{"type":"Point","coordinates":[17.03996139086799,51.143664716755545]}},{"type":"Feature","properties":{"district":3,"street":"Władysława Anczyca","number":"13","postal_code":"51-141","source_objectid":59181},"geometry":{"type":"Point","coordinates":[17.044350756786333,51.13924920971027]}},{"type":"Feature","properties":{"district":3,"street":"Kazimierza Brodzińskiego","number":"1","postal_code":"51-112","source_objectid":59198},"geometry":{"type":"Point","coordinates":[17.037583973197602,51.14097946946423]}},{"type":"Feature","properties":{"district":4,"street":"ks. Norberta Bonczyka","number":"5c","postal_code":"51-138","source_objectid":59199},"geometry":{"type":"Point","coordinates":[17.040605895294537,51.135585634414205]}},{"type":"Feature","properties":{"district":1,"street":"Wacława Potockiego","number":"27","postal_code":"51-153","source_objectid":59204},"geometry":{"type":"Point","coordinates":[17.053784658488084,51.135397109318475]}},{"type":"Feature","properties":{"district":1,"street":"Jana Długosza","number":"59-75","postal_code":"51-162","source_objectid":59222},"geometry":{"type":"Point","coordinates":[17.066731732631425,51.13553514334867]}},{"type":"Feature","properties":{"district":1,"street":"Toruńska","number":"71","postal_code":"51-414","source_objectid":59238},"geometry":{"type":"Point","coordinates":[17.07671552437417,51.13083681914578]}},{"type":"Feature","properties":{"district":1,"street":"Toruńska","number":"7","postal_code":"51-164","source_objectid":59245},"geometry":{"type":"Point","coordinates":[17.065671544171067,51.131558506486314]}},{"type":"Feature","properties":{"district":3,"street":"Marii Konopnickiej","number":"62","postal_code":"51-142","source_objectid":59247},"geometry":{"type":"Point","coordinates":[17.050852024249846,51.14166085388755]}},{"type":"Feature","properties":{"district":3,"street":"Ignacego Chrzanowskiego","number":"6","postal_code":"51-147","source_objectid":59267},"geometry":{"type":"Point","coordinates":[17.05271618067396,51.142661537281604]}},{"type":"Feature","properties":{"district":3,"street":"Roberta Kocha","number":"5","postal_code":"51-112","source_objectid":59286},"geometry":{"type":"Point","coordinates":[17.04024341516807,51.14230777064587]}},{"type":"Feature","properties":{"district":5,"street":"Morawska","number":"5","postal_code":"51-111","source_objectid":59342},"geometry":{"type":"Point","coordinates":[17.022803105039543,51.13513761978004]}},{"type":"Feature","properties":{"district":5,"street":"Morawska","number":"8a","postal_code":"51-111","source_objectid":59348},"geometry":{"type":"Point","coordinates":[17.02201454141024,51.13525424039124]}},{"type":"Feature","properties":{"district":1,"street":"Marcina Kromera","number":"23g","postal_code":"51-163","source_objectid":59384},"geometry":{"type":"Point","coordinates":[17.066412881060003,51.13217041884008]}},{"type":"Feature","properties":{"district":3,"street":"Tadeusza Gajcego","number":"19","postal_code":"51-143","source_objectid":59403},"geometry":{"type":"Point","coordinates":[17.049145342924206,51.13945670101687]}},{"type":"Feature","properties":{"district":2,"street":"Stanisława Przybyszewskiego","number":"6","postal_code":"51-151","source_objectid":59429},"geometry":{"type":"Point","coordinates":[17.059229427502917,51.13491592302006]}},{"type":"Feature","properties":{"district":2,"street":"Koszarowa","number":"46","postal_code":"51-149","source_objectid":59460},"geometry":{"type":"Point","coordinates":[17.061117628894795,51.14155514702267]}},{"type":"Feature","properties":{"district":3,"street":"Jana Brzechwy","number":"26","postal_code":"51-141","source_objectid":59464},"geometry":{"type":"Point","coordinates":[17.04606102029364,51.14038415367036]}},{"type":"Feature","properties":{"district":2,"street":"Koszarowa","number":"42","postal_code":"51-149","source_objectid":59478},"geometry":{"type":"Point","coordinates":[17.06125678734986,51.142103409002694]}},{"type":"Feature","properties":{"district":3,"street":"Władysława Syrokomli","number":"15","postal_code":"51-141","source_objectid":59510},"geometry":{"type":"Point","coordinates":[17.047984759638602,51.13931299915672]}},{"type":"Feature","properties":{"district":2,"street":"Sportowa","number":"25","postal_code":"51-149","source_objectid":59551},"geometry":{"type":"Point","coordinates":[17.064252345993467,51.14401088533034]}},{"type":"Feature","properties":{"district":1,"street":"Bolesława Krzywoustego","number":"108","postal_code":"51-166","source_objectid":59557},"geometry":{"type":"Point","coordinates":[17.081163638588094,51.13969143514433]}},{"type":"Feature","properties":{"district":1,"street":"Stanisława Piętaka","number":"6","postal_code":"51-141","source_objectid":59567},"geometry":{"type":"Point","coordinates":[17.04872763429595,51.13867247283718]}},{"type":"Feature","properties":{"district":1,"street":"Bolesława Krzywoustego","number":"37","postal_code":"51-165","source_objectid":59574},"geometry":{"type":"Point","coordinates":[17.07212990192687,51.137204483018735]}},{"type":"Feature","properties":{"district":3,"street":"Ignacego Chrzanowskiego","number":"82","postal_code":"51-141","source_objectid":59630},"geometry":{"type":"Point","coordinates":[17.044786061207734,51.14294347230459]}},{"type":"Feature","properties":{"district":4,"street":"Macedońska","number":"5","postal_code":"51-113","source_objectid":59664},"geometry":{"type":"Point","coordinates":[17.03146553939664,51.133964675349795]}},{"type":"Feature","properties":{"district":3,"street":"Wincentego Pola","number":"42","postal_code":"51-140","source_objectid":59673},"geometry":{"type":"Point","coordinates":[17.042332497397673,51.14093061977536]}},{"type":"Feature","properties":{"district":3,"street":"Henryka Michała Kamieńskiego","number":"10","postal_code":"51-124","source_objectid":59694},"geometry":{"type":"Point","coordinates":[17.03392925417994,51.14081390865729]}},{"type":"Feature","properties":{"district":5,"street":"Czeska","number":"34","postal_code":"51-112","source_objectid":59705},"geometry":{"type":"Point","coordinates":[17.026261986302163,51.13669902745854]}},{"type":"Feature","properties":{"district":3,"street":"Henryka Michała Kamieńskiego","number":"128","postal_code":"51-124","source_objectid":59720},"geometry":{"type":"Point","coordinates":[17.04135054322042,51.14862940084264]}},{"type":"Feature","properties":{"district":1,"street":"Wacława Potockiego","number":"34","postal_code":"51-153","source_objectid":59726},"geometry":{"type":"Point","coordinates":[17.055086758051154,51.13516230068327]}},{"type":"Feature","properties":{"district":1,"street":"Wacława Berenta","number":"12","postal_code":"51-152","source_objectid":59735},"geometry":{"type":"Point","coordinates":[17.05664266647652,51.134977188265374]}},{"type":"Feature","properties":{"district":1,"street":"Zenona Miriama Przesmyckiego","number":"7","postal_code":"51-151","source_objectid":59766},"geometry":{"type":"Point","coordinates":[17.06246892871765,51.1378420760199]}},{"type":"Feature","properties":{"district":4,"street":"Obornicka","number":"128a","postal_code":"51-114","source_objectid":60459},"geometry":{"type":"Point","coordinates":[17.0194457980134,51.14560600328791]}},{"type":"Feature","properties":{"district":5,"street":"Bałkańska","number":"12a","postal_code":"51-111","source_objectid":60640},"geometry":{"type":"Point","coordinates":[17.017453968136,51.136069350411454]}},{"type":"Feature","properties":{"district":5,"street":"Bałkańska","number":"12","postal_code":"51-111","source_objectid":60641},"geometry":{"type":"Point","coordinates":[17.017433372432826,51.13604342108725]}},{"type":"Feature","properties":{"district":5,"street":"Bałkańska","number":"14","postal_code":"51-111","source_objectid":60642},"geometry":{"type":"Point","coordinates":[17.01741161448582,51.136023443041]}},{"type":"Feature","properties":{"district":5,"street":"Bałkańska","number":"14a","postal_code":"51-111","source_objectid":60643},"geometry":{"type":"Point","coordinates":[17.01737542666193,51.136008831041124]}},{"type":"Feature","properties":{"district":5,"street":"Bałkańska","number":"16a","postal_code":"51-111","source_objectid":60644},"geometry":{"type":"Point","coordinates":[17.017337619316592,51.13598482470668]}},{"type":"Feature","properties":{"district":5,"street":"Bałkańska","number":"16","postal_code":"51-111","source_objectid":60645},"geometry":{"type":"Point","coordinates":[17.01731928329947,51.13595813044982]}},{"type":"Feature","properties":{"district":5,"street":"Bałkańska","number":"18","postal_code":"51-111","source_objectid":60646},"geometry":{"type":"Point","coordinates":[17.017298209177312,51.135940944923995]}},{"type":"Feature","properties":{"district":5,"street":"Bałkańska","number":"46a","postal_code":"51-111","source_objectid":60647},"geometry":{"type":"Point","coordinates":[17.016576566181183,51.135661301776146]}},{"type":"Feature","properties":{"district":5,"street":"Bałkańska","number":"46","postal_code":"51-111","source_objectid":60648},"geometry":{"type":"Point","coordinates":[17.01662897396154,51.13561894715666]}},{"type":"Feature","properties":{"district":5,"street":"Bałkańska","number":"44a","postal_code":"51-111","source_objectid":60649},"geometry":{"type":"Point","coordinates":[17.016584351227962,51.135583658770464]}},{"type":"Feature","properties":{"district":5,"street":"Bałkańska","number":"44","postal_code":"51-111","source_objectid":60650},"geometry":{"type":"Point","coordinates":[17.01654711906042,51.1355566922213]}},{"type":"Feature","properties":{"district":5,"street":"Bałkańska","number":"18a","postal_code":"51-111","source_objectid":60665},"geometry":{"type":"Point","coordinates":[17.01725754829498,51.135927714768975]}},{"type":"Feature","properties":{"district":5,"street":"Bałkańska","number":"20a","postal_code":"51-111","source_objectid":60666},"geometry":{"type":"Point","coordinates":[17.017221253024953,51.135901074545004]}},{"type":"Feature","properties":{"district":5,"street":"Bałkańska","number":"22","postal_code":"51-111","source_objectid":60667},"geometry":{"type":"Point","coordinates":[17.01718249592298,51.13585686489544]}},{"type":"Feature","properties":{"district":5,"street":"Bałkańska","number":"22a","postal_code":"51-111","source_objectid":60668},"geometry":{"type":"Point","coordinates":[17.01714316523085,51.13584229832793]}},{"type":"Feature","properties":{"district":5,"street":"Bałkańska","number":"24a","postal_code":"51-111","source_objectid":60669},"geometry":{"type":"Point","coordinates":[17.017107839859804,51.1358190436364]}},{"type":"Feature","properties":{"district":5,"street":"Bałkańska","number":"24","postal_code":"51-111","source_objectid":60670},"geometry":{"type":"Point","coordinates":[17.017093121426768,51.1357928454111]}},{"type":"Feature","properties":{"district":5,"street":"Bałkańska","number":"26","postal_code":"51-111","source_objectid":60671},"geometry":{"type":"Point","coordinates":[17.01706677824231,51.13577530092005]}},{"type":"Feature","properties":{"district":5,"street":"Bałkańska","number":"42a","postal_code":"51-111","source_objectid":60672},"geometry":{"type":"Point","coordinates":[17.016568710706544,51.1354301123053]}},{"type":"Feature","properties":{"district":5,"street":"Bałkańska","number":"42","postal_code":"51-111","source_objectid":60673},"geometry":{"type":"Point","coordinates":[17.016600366139652,51.13543783182599]}},{"type":"Feature","properties":{"district":5,"street":"Bałkańska","number":"40","postal_code":"51-111","source_objectid":60674},"geometry":{"type":"Point","coordinates":[17.016628609835088,51.13545790951127]}},{"type":"Feature","properties":{"district":5,"street":"Bałkańska","number":"40a","postal_code":"51-111","source_objectid":60675},"geometry":{"type":"Point","coordinates":[17.016646915358475,51.1354860114057]}},{"type":"Feature","properties":{"district":5,"street":"Bałkańska","number":"38a","postal_code":"51-111","source_objectid":60676},"geometry":{"type":"Point","coordinates":[17.01668232975629,51.13550955915192]}},{"type":"Feature","properties":{"district":5,"street":"Bałkańska","number":"38","postal_code":"51-111","source_objectid":60677},"geometry":{"type":"Point","coordinates":[17.016718905879387,51.13552294844359]}},{"type":"Feature","properties":{"district":5,"street":"Bałkańska","number":"36","postal_code":"51-111","source_objectid":60678},"geometry":{"type":"Point","coordinates":[17.016744042079825,51.13554099887357]}},{"type":"Feature","properties":{"district":5,"street":"Bałkańska","number":"36a","postal_code":"51-111","source_objectid":60679},"geometry":{"type":"Point","coordinates":[17.016759542348236,51.13556616361362]}},{"type":"Feature","properties":{"district":5,"street":"Bałkańska","number":"34a","postal_code":"51-111","source_objectid":60680},"geometry":{"type":"Point","coordinates":[17.016795857183386,51.13559246344009]}},{"type":"Feature","properties":{"district":5,"street":"Bałkańska","number":"34","postal_code":"51-111","source_objectid":60681},"geometry":{"type":"Point","coordinates":[17.016835286731133,51.13560592612706]}},{"type":"Feature","properties":{"district":5,"street":"Bałkańska","number":"32","postal_code":"51-111","source_objectid":60682},"geometry":{"type":"Point","coordinates":[17.016859476017434,51.13562402790304]}},{"type":"Feature","properties":{"district":5,"street":"Bałkańska","number":"32a","postal_code":"51-111","source_objectid":60683},"geometry":{"type":"Point","coordinates":[17.01687686177038,51.135650908423116]}},{"type":"Feature","properties":{"district":5,"street":"Bałkańska","number":"30a","postal_code":"51-111","source_objectid":60684},"geometry":{"type":"Point","coordinates":[17.016914118139905,51.13567681518795]}},{"type":"Feature","properties":{"district":5,"street":"Bałkańska","number":"30","postal_code":"51-111","source_objectid":60685},"geometry":{"type":"Point","coordinates":[17.0169488043992,51.135690188520364]}},{"type":"Feature","properties":{"district":5,"street":"Bałkańska","number":"28","postal_code":"51-111","source_objectid":60686},"geometry":{"type":"Point","coordinates":[17.01697207453918,51.13570703388181]}},{"type":"Feature","properties":{"district":5,"street":"Bałkańska","number":"28a","postal_code":"51-111","source_objectid":60687},"geometry":{"type":"Point","coordinates":[17.01699133875047,51.135734548662754]}},{"type":"Feature","properties":{"district":5,"street":"Bałkańska","number":"26a","postal_code":"51-111","source_objectid":60688},"geometry":{"type":"Point","coordinates":[17.01702792160621,51.13575913993514]}},{"type":"Feature","properties":{"district":5,"street":"Bałkańska","number":"20","postal_code":"51-111","source_objectid":60689},"geometry":{"type":"Point","coordinates":[17.017205041723564,51.13587532855486]}},{"type":"Feature","properties":{"district":3,"street":"Henryka Michała Kamieńskiego","number":"62b","postal_code":"51-124","source_objectid":60735},"geometry":{"type":"Point","coordinates":[17.040030717158796,51.144848464419866]}},{"type":"Feature","properties":{"district":3,"street":"Seweryna Goszczyńskiego","number":"1","postal_code":"51-138","source_objectid":60738},"geometry":{"type":"Point","coordinates":[17.04126139234125,51.13946154741965]}},{"type":"Feature","properties":{"district":4,"street":"ks. Norberta Bonczyka","number":"2c","postal_code":"51-138","source_objectid":60776},"geometry":{"type":"Point","coordinates":[17.038811377476232,51.13500599039182]}},{"type":"Feature","properties":{"district":1,"street":"Bolesława Krzywoustego","number":"40","postal_code":"51-165","source_objectid":61473},"geometry":{"type":"Point","coordinates":[17.073951675583764,51.13816707675289]}},{"type":"Feature","properties":{"district":3,"street":"Henryka Michała Kamieńskiego","number":"26","postal_code":"51-124","source_objectid":61522},"geometry":{"type":"Point","coordinates":[17.036011239511385,51.14195940262033]}},{"type":"Feature","properties":{"district":3,"street":"Henryka Michała Kamieńskiego","number":"67a","postal_code":"51-124","source_objectid":61523},"geometry":{"type":"Point","coordinates":[17.04233555085381,51.146852406735455]}},{"type":"Feature","properties":{"district":1,"street":"Wacława Berenta","number":"75","postal_code":"51-152","source_objectid":61589},"geometry":{"type":"Point","coordinates":[17.060117508683607,51.138333566744926]}},{"type":"Feature","properties":{"district":4,"street":"Żmigrodzka","number":"69a","postal_code":"51-119","source_objectid":61710},"geometry":{"type":"Point","coordinates":[17.033048463877417,51.1397185405796]}},{"type":"Feature","properties":{"district":2,"street":"Koszarowa","number":"4a","postal_code":"51-149","source_objectid":61749},"geometry":{"type":"Point","coordinates":[17.06889391992285,51.140150012515484]}},{"type":"Feature","properties":{"district":4,"street":"Jana Kasprowicza","number":"1c","postal_code":"51-136","source_objectid":62109},"geometry":{"type":"Point","coordinates":[17.03733155967631,51.13553845862577]}},{"type":"Feature","properties":{"district":4,"street":"Jana Kasprowicza","number":"3a","postal_code":"51-136","source_objectid":62110},"geometry":{"type":"Point","coordinates":[17.0375249855429,51.13543599090624]}},{"type":"Feature","properties":{"district":4,"street":"Jana Kasprowicza","number":"5a","postal_code":"51-136","source_objectid":62111},"geometry":{"type":"Point","coordinates":[17.037690388492813,51.135517626944846]}},{"type":"Feature","properties":{"district":4,"street":"Jana Kasprowicza","number":"5b","postal_code":"51-136","source_objectid":62129},"geometry":{"type":"Point","coordinates":[17.03763411472162,51.13554219737674]}},{"type":"Feature","properties":{"district":4,"street":"Jana Kasprowicza","number":"7b","postal_code":"51-136","source_objectid":62149},"geometry":{"type":"Point","coordinates":[17.03778609724561,51.135460140803]}},{"type":"Feature","properties":{"district":3,"street":"Jutrosińska","number":"1a","postal_code":"51-124","source_objectid":63470},"geometry":{"type":"Point","coordinates":[17.042418626797296,51.146485272428734]}},{"type":"Feature","properties":{"district":3,"street":"Jutrosińska","number":"1b","postal_code":"51-124","source_objectid":63471},"geometry":{"type":"Point","coordinates":[17.042515480402475,51.14646465833983]}},{"type":"Feature","properties":{"district":4,"street":"Na Polance","number":"16","postal_code":"51-109","source_objectid":65732},"geometry":{"type":"Point","coordinates":[17.031374056442093,51.133046530891036]}},{"type":"Feature","properties":{"district":4,"street":"Na Polance","number":"16a","postal_code":"51-109","source_objectid":65749},"geometry":{"type":"Point","coordinates":[17.03128789227577,51.13328010125262]}},{"type":"Feature","properties":{"district":4,"street":"Piesza","number":"2","postal_code":"51-109","source_objectid":65750},"geometry":{"type":"Point","coordinates":[17.03072027389038,51.133121073487594]}},{"type":"Feature","properties":{"district":4,"street":"Piesza","number":"4","postal_code":"51-109","source_objectid":65751},"geometry":{"type":"Point","coordinates":[17.030772312581654,51.13318144335094]}},{"type":"Feature","properties":{"district":4,"street":"Piesza","number":"6","postal_code":"51-109","source_objectid":65752},"geometry":{"type":"Point","coordinates":[17.030837810428697,51.13324905982354]}},{"type":"Feature","properties":{"district":4,"street":"Piesza","number":"8","postal_code":"51-109","source_objectid":65753},"geometry":{"type":"Point","coordinates":[17.031194471765712,51.13333110063914]}},{"type":"Feature","properties":{"district":4,"street":"Obornicka","number":"99a","postal_code":"51-114","source_objectid":66322},"geometry":{"type":"Point","coordinates":[17.026069831250968,51.14311752729246]}},{"type":"Feature","properties":{"district":1,"street":"Marcina Kromera","number":"51a","postal_code":"51-163","source_objectid":66721},"geometry":{"type":"Point","coordinates":[17.06944125791459,51.1351737000672]}},{"type":"Feature","properties":{"district":1,"street":"Marcina Kromera","number":"51b","postal_code":"51-163","source_objectid":66722},"geometry":{"type":"Point","coordinates":[17.06952783222518,51.13525829097992]}},{"type":"Feature","properties":{"district":4,"street":"Kępińska","number":"1","postal_code":"51-132","source_objectid":66770},"geometry":{"type":"Point","coordinates":[17.03181031030831,51.144381672441796]}},{"type":"Feature","properties":{"district":2,"street":"Stanisława Przybyszewskiego","number":"13a","postal_code":"51-151","source_objectid":66820},"geometry":{"type":"Point","coordinates":[17.060512471581745,51.135140383876944]}},{"type":"Feature","properties":{"district":4,"street":"Obornicka","number":"70b","postal_code":"51-114","source_objectid":66990},"geometry":{"type":"Point","coordinates":[17.02693168052045,51.13866387202795]}},{"type":"Feature","properties":{"district":3,"street":"Ignacego Chrzanowskiego","number":"80","postal_code":"51-141","source_objectid":68042},"geometry":{"type":"Point","coordinates":[17.04503119384187,51.14288405869737]}},{"type":"Feature","properties":{"district":4,"street":"Na Polance","number":"22a","postal_code":"51-109","source_objectid":68201},"geometry":{"type":"Point","coordinates":[17.030036915210026,51.1329577892417]}},{"type":"Feature","properties":{"district":4,"street":"Na Polance","number":"22b","postal_code":"51-109","source_objectid":68202},"geometry":{"type":"Point","coordinates":[17.029996570223123,51.13307911620505]}},{"type":"Feature","properties":{"district":4,"street":"Na Polance","number":"22c","postal_code":"51-109","source_objectid":68203},"geometry":{"type":"Point","coordinates":[17.029932431865095,51.13314518321216]}},{"type":"Feature","properties":{"district":4,"street":"Na Polance","number":"22d","postal_code":"51-109","source_objectid":68204},"geometry":{"type":"Point","coordinates":[17.029898813881093,51.13321602156481]}},{"type":"Feature","properties":{"district":4,"street":"Na Polance","number":"22e","postal_code":"51-109","source_objectid":68205},"geometry":{"type":"Point","coordinates":[17.02979499881016,51.13326320649856]}},{"type":"Feature","properties":{"district":4,"street":"Na Polance","number":"22f","postal_code":"51-109","source_objectid":68206},"geometry":{"type":"Point","coordinates":[17.029590842906384,51.13330004501237]}},{"type":"Feature","properties":{"district":1,"street":"Bolesława Krzywoustego","number":"58a","postal_code":"51-165","source_objectid":68344},"geometry":{"type":"Point","coordinates":[17.07414458436205,51.138866405199224]}},{"type":"Feature","properties":{"district":5,"street":"Bezpieczna","number":"28a","postal_code":"51-114","source_objectid":68726},"geometry":{"type":"Point","coordinates":[17.0223166198143,51.13964735557151]}},{"type":"Feature","properties":{"district":5,"street":"Bezpieczna","number":"30a","postal_code":"51-114","source_objectid":68727},"geometry":{"type":"Point","coordinates":[17.022007083836726,51.13948516877998]}},{"type":"Feature","properties":{"district":5,"street":"Bezpieczna","number":"32a","postal_code":"51-114","source_objectid":68728},"geometry":{"type":"Point","coordinates":[17.02159629473402,51.13927932089268]}},{"type":"Feature","properties":{"district":5,"street":"Czeska","number":"2a","postal_code":"51-112","source_objectid":68746},"geometry":{"type":"Point","coordinates":[17.021440727762375,51.13386763190739]}},{"type":"Feature","properties":{"district":2,"street":"Stanisława Przybyszewskiego","number":"65","postal_code":"51-148","source_objectid":69308},"geometry":{"type":"Point","coordinates":[17.062192021364684,51.13952314724073]}},{"type":"Feature","properties":{"district":2,"street":"Stanisława Przybyszewskiego","number":"63","postal_code":"51-151","source_objectid":69309},"geometry":{"type":"Point","coordinates":[17.06184536062892,51.13876523491299]}},{"type":"Feature","properties":{"district":3,"street":"Marii Konopnickiej","number":"38b","postal_code":"51-141","source_objectid":69746},"geometry":{"type":"Point","coordinates":[17.046862487468,51.141272066684806]}},{"type":"Feature","properties":{"district":5,"street":"Chorwacka","number":"33","postal_code":"51-107","source_objectid":69926},"geometry":{"type":"Point","coordinates":[17.026727171624326,51.137470376470596]}},{"type":"Feature","properties":{"district":5,"street":"Chorwacka","number":"35","postal_code":"51-107","source_objectid":69927},"geometry":{"type":"Point","coordinates":[17.026874830753233,51.137532257523894]}},{"type":"Feature","properties":{"district":5,"street":"Chorwacka","number":"33a","postal_code":"51-107","source_objectid":69928},"geometry":{"type":"Point","coordinates":[17.026544142067262,51.13750833661868]}},{"type":"Feature","properties":{"district":5,"street":"Chorwacka","number":"35a","postal_code":"51-107","source_objectid":69929},"geometry":{"type":"Point","coordinates":[17.026820609437518,51.137512777939484]}},{"type":"Feature","properties":{"district":5,"street":"Chorwacka","number":"35b","postal_code":"51-107","source_objectid":69930},"geometry":{"type":"Point","coordinates":[17.02687140187358,51.137731311240515]}},{"type":"Feature","properties":{"district":3,"street":"Marii Konopnickiej","number":"56a","postal_code":"51-142","source_objectid":70660},"geometry":{"type":"Point","coordinates":[17.049453302890246,51.141760014640354]}},{"type":"Feature","properties":{"district":2,"street":"Sołtysowicka","number":"19d","postal_code":"51-168","source_objectid":70906},"geometry":{"type":"Point","coordinates":[17.07245055297384,51.14018953238587]}},{"type":"Feature","properties":{"district":5,"street":"Łużycka","number":"16a","postal_code":"51-111","source_objectid":70946},"geometry":{"type":"Point","coordinates":[17.017473399419714,51.137651221583404]}},{"type":"Feature","properties":{"district":4,"street":"Obornicka","number":"91","postal_code":"51-114","source_objectid":72566},"geometry":{"type":"Point","coordinates":[17.027405914043754,51.14136307393162]}},{"type":"Feature","properties":{"district":4,"street":"Obornicka","number":"91a","postal_code":"51-114","source_objectid":72567},"geometry":{"type":"Point","coordinates":[17.02737390617797,51.141432911745746]}},{"type":"Feature","properties":{"district":4,"street":"Obornicka","number":"93","postal_code":"51-114","source_objectid":72568},"geometry":{"type":"Point","coordinates":[17.027880626434502,51.14167789178717]}},{"type":"Feature","properties":{"district":4,"street":"Obornicka","number":"93a","postal_code":"51-114","source_objectid":72569},"geometry":{"type":"Point","coordinates":[17.027774108058978,51.141744794622504]}},{"type":"Feature","properties":{"district":4,"street":"Obornicka","number":"93b","postal_code":"51-114","source_objectid":72570},"geometry":{"type":"Point","coordinates":[17.02756530321036,51.14187506629811]}},{"type":"Feature","properties":{"district":4,"street":"Obornicka","number":"95","postal_code":"51-114","source_objectid":72571},"geometry":{"type":"Point","coordinates":[17.027338988349147,51.14193883128092]}},{"type":"Feature","properties":{"district":4,"street":"Obornicka","number":"95a","postal_code":"51-114","source_objectid":72572},"geometry":{"type":"Point","coordinates":[17.02714710779568,51.14187539373747]}},{"type":"Feature","properties":{"district":3,"street":"Władysława Syrokomli","number":"3a","postal_code":"51-141","source_objectid":73286},"geometry":{"type":"Point","coordinates":[17.048719966546866,51.13814474355609]}},{"type":"Feature","properties":{"district":4,"street":"Obornicka","number":"115b","postal_code":"51-114","source_objectid":74470},"geometry":{"type":"Point","coordinates":[17.02543575531254,51.14444282129094]}},{"type":"Feature","properties":{"district":4,"street":"Obornicka","number":"115c","postal_code":"51-114","source_objectid":74471},"geometry":{"type":"Point","coordinates":[17.02558431230673,51.144525880145366]}},{"type":"Feature","properties":{"district":4,"street":"Obornicka","number":"115d","postal_code":"51-114","source_objectid":74472},"geometry":{"type":"Point","coordinates":[17.02610056522142,51.14483522399511]}},{"type":"Feature","properties":{"district":4,"street":"Obornicka","number":"115e","postal_code":"51-114","source_objectid":74473},"geometry":{"type":"Point","coordinates":[17.026243897037162,51.1449151469498]}},{"type":"Feature","properties":{"district":4,"street":"Obornicka","number":"72","postal_code":"51-114","source_objectid":74972},"geometry":{"type":"Point","coordinates":[17.027414549330295,51.13968367461236]}},{"type":"Feature","properties":{"district":2,"street":"Jana Kasprowicza","number":"64","postal_code":"51-137","source_objectid":75013},"geometry":{"type":"Point","coordinates":[17.051238130569605,51.138111607258764]}},{"type":"Feature","properties":{"district":2,"street":"Jana Kasprowicza","number":"66","postal_code":"51-137","source_objectid":75014},"geometry":{"type":"Point","coordinates":[17.051755783927646,51.138921468011986]}},{"type":"Feature","properties":{"district":1,"street":"bp. Ignacego Krasickiego","number":"31a","postal_code":"51-144","source_objectid":75040},"geometry":{"type":"Point","coordinates":[17.056594579689726,51.141350603257514]}},{"type":"Feature","properties":{"district":4,"street":"Obornicka","number":"74","postal_code":"51-114","source_objectid":75183},"geometry":{"type":"Point","coordinates":[17.026909867226085,51.139008011408706]}},{"type":"Feature","properties":{"district":4,"street":"Obornicka","number":"74a","postal_code":"51-114","source_objectid":75184},"geometry":{"type":"Point","coordinates":[17.026666130347447,51.1388992543845]}},{"type":"Feature","properties":{"district":4,"street":"Obornicka","number":"74b","postal_code":"51-114","source_objectid":75185},"geometry":{"type":"Point","coordinates":[17.026313954047765,51.13897663914822]}},{"type":"Feature","properties":{"district":4,"street":"Obornicka","number":"74c","postal_code":"51-114","source_objectid":75186},"geometry":{"type":"Point","coordinates":[17.026289435741596,51.13910651263298]}},{"type":"Feature","properties":{"district":4,"street":"Obornicka","number":"76","postal_code":"51-114","source_objectid":75187},"geometry":{"type":"Point","coordinates":[17.026129553702393,51.139427990016124]}},{"type":"Feature","properties":{"district":4,"street":"Obornicka","number":"76a","postal_code":"51-114","source_objectid":75188},"geometry":{"type":"Point","coordinates":[17.026130351823408,51.13963142805086]}},{"type":"Feature","properties":{"district":4,"street":"Obornicka","number":"76b","postal_code":"51-114","source_objectid":75189},"geometry":{"type":"Point","coordinates":[17.026098797892598,51.13979388882737]}},{"type":"Feature","properties":{"district":4,"street":"Obornicka","number":"76c","postal_code":"51-114","source_objectid":75190},"geometry":{"type":"Point","coordinates":[17.026025419344027,51.139793180671965]}},{"type":"Feature","properties":{"district":4,"street":"Obornicka","number":"78","postal_code":"51-114","source_objectid":75192},"geometry":{"type":"Point","coordinates":[17.02658722523837,51.1400192974373]}},{"type":"Feature","properties":{"district":4,"street":"Obornicka","number":"78a","postal_code":"51-114","source_objectid":75193},"geometry":{"type":"Point","coordinates":[17.026683844179257,51.13991956667352]}},{"type":"Feature","properties":{"district":4,"street":"Obornicka","number":"76d","postal_code":"51-114","source_objectid":75195},"geometry":{"type":"Point","coordinates":[17.026026922591907,51.140094217150065]}},{"type":"Feature","properties":{"district":4,"street":"Obornicka","number":"76e","postal_code":"51-114","source_objectid":75197},"geometry":{"type":"Point","coordinates":[17.02608679940433,51.1401925582736]}},{"type":"Feature","properties":{"district":4,"street":"Obornicka","number":"76f","postal_code":"51-114","source_objectid":75199},"geometry":{"type":"Point","coordinates":[17.02612725639255,51.140393098344894]}},{"type":"Feature","properties":{"district":5,"street":"Bułgarska","number":"3a","postal_code":"51-112","source_objectid":75455},"geometry":{"type":"Point","coordinates":[17.027355011107225,51.13532038478732]}},{"type":"Feature","properties":{"district":5,"street":"Bułgarska","number":"3b","postal_code":"51-112","source_objectid":75456},"geometry":{"type":"Point","coordinates":[17.02745163255836,51.135309961144884]}},{"type":"Feature","properties":{"district":5,"street":"Bułgarska","number":"3c","postal_code":"51-112","source_objectid":75457},"geometry":{"type":"Point","coordinates":[17.02756904052077,51.135298609929976]}},{"type":"Feature","properties":{"district":4,"street":"Obornicka","number":"79a","postal_code":"51-114","source_objectid":75632},"geometry":{"type":"Point","coordinates":[17.02784140836835,51.14080212391632]}},{"type":"Feature","properties":{"district":4,"street":"Obornicka","number":"79b","postal_code":"51-114","source_objectid":75633},"geometry":{"type":"Point","coordinates":[17.028243068439526,51.140807868482256]}},{"type":"Feature","properties":{"district":4,"street":"Obornicka","number":"79c","postal_code":"51-114","source_objectid":75634},"geometry":{"type":"Point","coordinates":[17.028483810856677,51.14094991651365]}},{"type":"Feature","properties":{"district":4,"street":"Obornicka","number":"81","postal_code":"51-114","source_objectid":75635},"geometry":{"type":"Point","coordinates":[17.02865758888506,51.141054224007455]}},{"type":"Feature","properties":{"district":4,"street":"Obornicka","number":"81a","postal_code":"51-114","source_objectid":75636},"geometry":{"type":"Point","coordinates":[17.028836228005392,51.141169693600254]}},{"type":"Feature","properties":{"district":4,"street":"Obornicka","number":"81b","postal_code":"51-114","source_objectid":75637},"geometry":{"type":"Point","coordinates":[17.029025957031486,51.14127768839736]}},{"type":"Feature","properties":{"district":4,"street":"Obornicka","number":"83","postal_code":"51-114","source_objectid":75638},"geometry":{"type":"Point","coordinates":[17.028057351505947,51.14126590227647]}},{"type":"Feature","properties":{"district":4,"street":"Obornicka","number":"83a","postal_code":"51-114","source_objectid":75639},"geometry":{"type":"Point","coordinates":[17.028269997872663,51.141398074939005]}},{"type":"Feature","properties":{"district":4,"street":"Obornicka","number":"83b","postal_code":"51-114","source_objectid":75640},"geometry":{"type":"Point","coordinates":[17.02845266154512,51.141428382732876]}},{"type":"Feature","properties":{"district":4,"street":"Obornicka","number":"89","postal_code":"51-114","source_objectid":75641},"geometry":{"type":"Point","coordinates":[17.028103591317237,51.1421516430294]}},{"type":"Feature","properties":{"district":4,"street":"Obornicka","number":"89a","postal_code":"51-114","source_objectid":75642},"geometry":{"type":"Point","coordinates":[17.02792606340946,51.14226390109012]}},{"type":"Feature","properties":{"district":4,"street":"Na Polance","number":"22g","postal_code":"51-109","source_objectid":75692},"geometry":{"type":"Point","coordinates":[17.029479566401346,51.132951778133204]}},{"type":"Feature","properties":{"district":3,"street":"Tadeusza Gajcego","number":"21","postal_code":"51-143","source_objectid":75772},"geometry":{"type":"Point","coordinates":[17.04919493872129,51.13964097656402]}},{"type":"Feature","properties":{"district":3,"street":"Ignacego Chrzanowskiego","number":"90","postal_code":"51-141","source_objectid":76062},"geometry":{"type":"Point","coordinates":[17.0439087947153,51.14274827503786]}},{"type":"Feature","properties":{"district":5,"street":"Morawska","number":"31a","postal_code":"51-111","source_objectid":77072},"geometry":{"type":"Point","coordinates":[17.019382551474564,51.137623725295704]}},{"type":"Feature","properties":{"district":4,"street":"Obornicka","number":"85","postal_code":"51-114","source_objectid":77192},"geometry":{"type":"Point","coordinates":[17.028943675452023,51.14171788196467]}},{"type":"Feature","properties":{"district":4,"street":"Obornicka","number":"85a","postal_code":"51-114","source_objectid":77193},"geometry":{"type":"Point","coordinates":[17.029098962298633,51.14181831353241]}},{"type":"Feature","properties":{"district":4,"street":"Obornicka","number":"85b","postal_code":"51-114","source_objectid":77194},"geometry":{"type":"Point","coordinates":[17.029281434140174,51.141927912531166]}},{"type":"Feature","properties":{"district":4,"street":"Obornicka","number":"85c","postal_code":"51-114","source_objectid":77195},"geometry":{"type":"Point","coordinates":[17.029582863295392,51.14181297590429]}},{"type":"Feature","properties":{"district":4,"street":"Obornicka","number":"85d","postal_code":"51-114","source_objectid":77196},"geometry":{"type":"Point","coordinates":[17.029696828795014,51.14174001126257]}},{"type":"Feature","properties":{"district":4,"street":"Obornicka","number":"87","postal_code":"51-114","source_objectid":77772},"geometry":{"type":"Point","coordinates":[17.028462988966783,51.14200731658098]}},{"type":"Feature","properties":{"district":4,"street":"Obornicka","number":"87a","postal_code":"51-114","source_objectid":77773},"geometry":{"type":"Point","coordinates":[17.028678586044183,51.14214394218235]}},{"type":"Feature","properties":{"district":4,"street":"Obornicka","number":"87b","postal_code":"51-114","source_objectid":77774},"geometry":{"type":"Point","coordinates":[17.02879264396363,51.142213978435315]}},{"type":"Feature","properties":{"district":4,"street":"Obornicka","number":"87c","postal_code":"51-114","source_objectid":77775},"geometry":{"type":"Point","coordinates":[17.029078397823444,51.14239154578262]}},{"type":"Feature","properties":{"district":4,"street":"Obornicka","number":"87d","postal_code":"51-114","source_objectid":77776},"geometry":{"type":"Point","coordinates":[17.02921944702574,51.14247348413379]}},{"type":"Feature","properties":{"district":5,"street":"Młynarska","number":"4","postal_code":"51-116","source_objectid":77777},"geometry":{"type":"Point","coordinates":[17.02982182862276,51.1427747787026]}},{"type":"Feature","properties":{"district":1,"street":"Jana Długosza","number":"74","postal_code":"51-162","source_objectid":78154},"geometry":{"type":"Point","coordinates":[17.067780393979724,51.137148183183115]}},{"type":"Feature","properties":{"district":1,"street":"Marcina Kromera","number":"57a","postal_code":"51-163","source_objectid":82112},"geometry":{"type":"Point","coordinates":[17.06993606144203,51.13564002078102]}},{"type":"Feature","properties":{"district":1,"street":"Marcina Kromera","number":"57b","postal_code":"51-163","source_objectid":82132},"geometry":{"type":"Point","coordinates":[17.070038567399646,51.13573445669721]}},{"type":"Feature","properties":{"district":5,"street":"Młynarska","number":"8","postal_code":"51-116","source_objectid":83712},"geometry":{"type":"Point","coordinates":[17.02921927386343,51.14319074692503]}},{"type":"Feature","properties":{"district":5,"street":"Młynarska","number":"10","postal_code":"51-116","source_objectid":83713},"geometry":{"type":"Point","coordinates":[17.028968143350966,51.14302719731741]}},{"type":"Feature","properties":{"district":5,"street":"Młynarska","number":"12","postal_code":"51-116","source_objectid":83732},"geometry":{"type":"Point","coordinates":[17.028738724015337,51.14290062119429]}},{"type":"Feature","properties":{"district":5,"street":"Młynarska","number":"14","postal_code":"51-116","source_objectid":83733},"geometry":{"type":"Point","coordinates":[17.02829911323526,51.142623916233816]}},{"type":"Feature","properties":{"district":5,"street":"Młynarska","number":"6","postal_code":"51-116","source_objectid":83752},"geometry":{"type":"Point","coordinates":[17.029428301661902,51.14293454179479]}},{"type":"Feature","properties":{"district":1,"street":"Giżycka","number":"72b","postal_code":"51-412","source_objectid":84252},"geometry":{"type":"Point","coordinates":[17.078335877935086,51.13406622554634]}},{"type":"Feature","properties":{"district":1,"street":"Aleksandra Brücknera","number":"38","postal_code":"51-411","source_objectid":87232},"geometry":{"type":"Point","coordinates":[17.08034634469927,51.136422362820205]}},{"type":"Feature","properties":{"district":1,"street":"Juliana Klaczki","number":"2a","postal_code":"51-151","source_objectid":88552},"geometry":{"type":"Point","coordinates":[17.06093693662772,51.13590448920436]}},{"type":"Feature","properties":{"district":4,"street":"Obornicka","number":"146","postal_code":"51-114","source_objectid":88572},"geometry":{"type":"Point","coordinates":[17.014252426301407,51.151819664763146]}},{"type":"Feature","properties":{"district":4,"street":"Kępińska","number":"2a","postal_code":"51-132","source_objectid":89812},"geometry":{"type":"Point","coordinates":[17.03222316966684,51.14503530133998]}},{"type":"Feature","properties":{"district":4,"street":"Obornicka","number":"126","postal_code":"51-114","source_objectid":89972},"geometry":{"type":"Point","coordinates":[17.021836019900142,51.14569486882926]}},{"type":"Feature","properties":{"district":4,"street":"Obornicka","number":"128","postal_code":"51-114","source_objectid":89992},"geometry":{"type":"Point","coordinates":[17.02123092208229,51.14585934957587]}},{"type":"Feature","properties":{"district":1,"street":"Wacława Berenta","number":"33a","postal_code":"51-152","source_objectid":91421},"geometry":{"type":"Point","coordinates":[17.059283842873562,51.13586891583439]}},{"type":"Feature","properties":{"district":1,"street":"Jana Długosza","number":"12","postal_code":"51-162","source_objectid":94212},"geometry":{"type":"Point","coordinates":[17.059738811931165,51.13350702999045]}},{"type":"Feature","properties":{"district":1,"street":"Jana Długosza","number":"14","postal_code":"51-162","source_objectid":94213},"geometry":{"type":"Point","coordinates":[17.060442238367877,51.13325128431877]}},{"type":"Feature","properties":{"district":3,"street":"Ignacego Chrzanowskiego","number":"32","postal_code":"51-141","source_objectid":97692},"geometry":{"type":"Point","coordinates":[17.048312013793222,51.14275330360954]}},{"type":"Feature","properties":{"district":1,"street":"Toruńska","number":"28","postal_code":"51-164","source_objectid":98852},"geometry":{"type":"Point","coordinates":[17.06995760809258,51.13158184103971]}},{"type":"Feature","properties":{"district":2,"street":"Piotra Czajkowskiego","number":"38a","postal_code":"51-171","source_objectid":107092},"geometry":{"type":"Point","coordinates":[17.06502991255352,51.13861072485529]}},{"type":"Feature","properties":{"district":4,"street":"Obornicka","number":"132","postal_code":"51-114","source_objectid":110272},"geometry":{"type":"Point","coordinates":[17.02024916724523,51.1470072594231]}},{"type":"Feature","properties":{"district":5,"street":"Morawska","number":"13a","postal_code":"51-111","source_objectid":111532},"geometry":{"type":"Point","coordinates":[17.021937213577704,51.136052958122335]}},{"type":"Feature","properties":{"district":4,"street":"ks. Norberta Bonczyka","number":"42","postal_code":"51-138","source_objectid":111772},"geometry":{"type":"Point","coordinates":[17.038574297834867,51.13883874289625]}},{"type":"Feature","properties":{"district":4,"street":"ks. Norberta Bonczyka","number":"44","postal_code":"51-138","source_objectid":111773},"geometry":{"type":"Point","coordinates":[17.039051212405518,51.13900440152819]}},{"type":"Feature","properties":{"district":4,"street":"ks. Norberta Bonczyka","number":"46","postal_code":"51-138","source_objectid":111774},"geometry":{"type":"Point","coordinates":[17.03898708704528,51.139179289622646]}},{"type":"Feature","properties":{"district":4,"street":"ks. Norberta Bonczyka","number":"48","postal_code":"51-138","source_objectid":111775},"geometry":{"type":"Point","coordinates":[17.03915158161487,51.139423844405975]}},{"type":"Feature","properties":{"district":2,"street":"Piotra Czajkowskiego","number":"80a","postal_code":"51-147","source_objectid":112872},"geometry":{"type":"Point","coordinates":[17.059690051561418,51.14071618687779]}},{"type":"Feature","properties":{"district":2,"street":"Piotra Czajkowskiego","number":"9a","postal_code":"51-171","source_objectid":114832},"geometry":{"type":"Point","coordinates":[17.069283200843902,51.13711193737503]}},{"type":"Feature","properties":{"district":1,"street":"Władysława Orkana","number":"10a","postal_code":"51-153","source_objectid":114933},"geometry":{"type":"Point","coordinates":[17.051937405461974,51.135153624082825]}},{"type":"Feature","properties":{"district":1,"street":"Zenona Miriama Przesmyckiego","number":"9a","postal_code":"51-151","source_objectid":115083},"geometry":{"type":"Point","coordinates":[17.06291729319412,51.13757450151129]}},{"type":"Feature","properties":{"district":2,"street":"Sołtysowicka","number":"21ca","postal_code":"51-168","source_objectid":115449},"geometry":{"type":"Point","coordinates":[17.07272618549491,51.140720437613105]}},{"type":"Feature","properties":{"district":2,"street":"Sołtysowicka","number":"21cb","postal_code":"51-168","source_objectid":115450},"geometry":{"type":"Point","coordinates":[17.07310132792852,51.14085891016472]}},{"type":"Feature","properties":{"district":2,"street":"Sołtysowicka","number":"21cc","postal_code":"51-168","source_objectid":115451},"geometry":{"type":"Point","coordinates":[17.073276961976195,51.14064277008988]}},{"type":"Feature","properties":{"district":5,"street":"Osobowicka","number":"19a","postal_code":"51-110","source_objectid":115501},"geometry":{"type":"Point","coordinates":[17.025305322296777,51.133425481828915]}},{"type":"Feature","properties":{"district":3,"street":"Wincentego Pola","number":"75A","postal_code":"51-123","source_objectid":116801},"geometry":{"type":"Point","coordinates":[17.04088042690469,51.14326277532198]}},{"type":"Feature","properties":{"district":1,"street":"Marcina Kromera","number":"21A","postal_code":"51-163","source_objectid":117441},"geometry":{"type":"Point","coordinates":[17.065380328674237,51.13222870827613]}},{"type":"Feature","properties":{"district":5,"street":"Młynarska","number":"2A","postal_code":"51-116","source_objectid":118922},"geometry":{"type":"Point","coordinates":[17.03061393256466,51.143625359467784]}},{"type":"Feature","properties":{"district":5,"street":"Młynarska","number":"2B","postal_code":"51-116","source_objectid":118923},"geometry":{"type":"Point","coordinates":[17.030623108376883,51.14359638997445]}},{"type":"Feature","properties":{"district":5,"street":"Młynarska","number":"2C","postal_code":"51-116","source_objectid":118924},"geometry":{"type":"Point","coordinates":[17.030630566397157,51.14321045795426]}},{"type":"Feature","properties":{"district":5,"street":"Młynarska","number":"2D","postal_code":"51-116","source_objectid":118925},"geometry":{"type":"Point","coordinates":[17.03033495193077,51.14316276973567]}},{"type":"Feature","properties":{"district":5,"street":"Młynarska","number":"2E","postal_code":"51-116","source_objectid":118926},"geometry":{"type":"Point","coordinates":[17.030079825345577,51.14343204898061]}},{"type":"Feature","properties":{"district":5,"street":"Młynarska","number":"2F","postal_code":"51-116","source_objectid":118927},"geometry":{"type":"Point","coordinates":[17.0299519120869,51.143474824338654]}},{"type":"Feature","properties":{"district":5,"street":"Młynarska","number":"2G","postal_code":"51-116","source_objectid":118928},"geometry":{"type":"Point","coordinates":[17.029948434551773,51.143639499302076]}},{"type":"Feature","properties":{"district":5,"street":"Młynarska","number":"2H","postal_code":"51-116","source_objectid":118929},"geometry":{"type":"Point","coordinates":[17.030125391362173,51.14375533224718]}},{"type":"Feature","properties":{"district":5,"street":"Łużycka","number":"18D","postal_code":"51-111","source_objectid":119681},"geometry":{"type":"Point","coordinates":[17.017676849884115,51.13770541677489]}},{"type":"Feature","properties":{"district":5,"street":"Młynarska","number":"2AA","postal_code":"51-116","source_objectid":120845},"geometry":{"type":"Point","coordinates":[17.03051459398782,51.143954198060605]}},{"type":"Feature","properties":{"district":5,"street":"Młynarska","number":"2AB","postal_code":"51-116","source_objectid":120848},"geometry":{"type":"Point","coordinates":[17.030483034953857,51.143917273984094]}},{"type":"Feature","properties":{"district":5,"street":"Młynarska","number":"2AC","postal_code":"51-116","source_objectid":120851},"geometry":{"type":"Point","coordinates":[17.030531572613476,51.143808590574636]}},{"type":"Feature","properties":{"district":5,"street":"Młynarska","number":"2GA","postal_code":"51-116","source_objectid":120854},"geometry":{"type":"Point","coordinates":[17.02983568019559,51.14357990660725]}},{"type":"Feature","properties":{"district":5,"street":"Młynarska","number":"2GB","postal_code":"51-116","source_objectid":120856},"geometry":{"type":"Point","coordinates":[17.029904143434532,51.143624767382136]}},{"type":"Feature","properties":{"district":5,"street":"Młynarska","number":"2HA","postal_code":"51-116","source_objectid":120857},"geometry":{"type":"Point","coordinates":[17.0300998462318,51.143740446609726]}},{"type":"Feature","properties":{"district":5,"street":"Młynarska","number":"2HB","postal_code":"51-116","source_objectid":120858},"geometry":{"type":"Point","coordinates":[17.03023775393075,51.14383004469125]}},{"type":"Feature","properties":{"district":5,"street":"Młynarska","number":"2HC","postal_code":"51-116","source_objectid":120859},"geometry":{"type":"Point","coordinates":[17.03037344248042,51.14391406141676]}},{"type":"Feature","properties":{"district":2,"street":"Jana Kasprowicza","number":"66A","postal_code":"51-137","source_objectid":121189},"geometry":{"type":"Point","coordinates":[17.051679807016612,51.13969452202559]}},{"type":"Feature","properties":{"district":2,"street":"Jana Kasprowicza","number":"66B","postal_code":"51-137","source_objectid":121190},"geometry":{"type":"Point","coordinates":[17.05164228939356,51.13997534182667]}},{"type":"Feature","properties":{"district":2,"street":"Jana Kasprowicza","number":"66C","postal_code":"51-137","source_objectid":121191},"geometry":{"type":"Point","coordinates":[17.05160225280242,51.140267835798916]}},{"type":"Feature","properties":{"district":2,"street":"Jana Kasprowicza","number":"66D","postal_code":"51-137","source_objectid":121192},"geometry":{"type":"Point","coordinates":[17.051529366159663,51.1405950860774]}},{"type":"Feature","properties":{"district":2,"street":"Jana Kasprowicza","number":"66E","postal_code":"51-137","source_objectid":121193},"geometry":{"type":"Point","coordinates":[17.051205856948954,51.140892041763166]}},{"type":"Feature","properties":{"district":2,"street":"Jana Kasprowicza","number":"66F","postal_code":"51-137","source_objectid":121194},"geometry":{"type":"Point","coordinates":[17.050754738672886,51.14102435847108]}},{"type":"Feature","properties":{"district":1,"street":"Jana Długosza","number":"66","postal_code":"51-162","source_objectid":121944},"geometry":{"type":"Point","coordinates":[17.06575236002024,51.13657432625114]}},{"type":"Feature","properties":{"district":5,"street":"Chorwacka","number":"41C","postal_code":"51-107","source_objectid":123088},"geometry":{"type":"Point","coordinates":[17.025843448761414,51.13891558006267]}},{"type":"Feature","properties":{"district":5,"street":"Chorwacka","number":"41D","postal_code":"51-107","source_objectid":123089},"geometry":{"type":"Point","coordinates":[17.026089401685706,51.13842099313626]}},{"type":"Feature","properties":{"district":1,"street":"Wacława Potockiego","number":"12A","postal_code":"51-153","source_objectid":123724},"geometry":{"type":"Point","coordinates":[17.052208480043586,51.13672261488431]}},{"type":"Feature","properties":{"district":3,"street":"Ignacego Chrzanowskiego","number":"3A","postal_code":"51-147","source_objectid":123804},"geometry":{"type":"Point","coordinates":[17.052757420283694,51.14300356821115]}},{"type":"Feature","properties":{"district":5,"street":"Łużycka","number":"20A","postal_code":"51-111","source_objectid":124486},"geometry":{"type":"Point","coordinates":[17.01802411156329,51.13804394230642]}},{"type":"Feature","properties":{"district":4,"street":"ks. Norberta Bonczyka","number":"35A","postal_code":"51-138","source_objectid":126044},"geometry":{"type":"Point","coordinates":[17.03909244456645,51.13853597418938]}},{"type":"Feature","properties":{"district":2,"street":"Jana Kasprowicza","number":"99","postal_code":"51-146","source_objectid":126424},"geometry":{"type":"Point","coordinates":[17.057124179650792,51.13815005133289]}},{"type":"Feature","properties":{"district":2,"street":"Piotra Czajkowskiego","number":"118","postal_code":"51-147","source_objectid":126844},"geometry":{"type":"Point","coordinates":[17.052530391960502,51.1431823633862]}},{"type":"Feature","properties":{"district":5,"street":"Łużycka","number":"13A","postal_code":"51-111","source_objectid":127124},"geometry":{"type":"Point","coordinates":[17.018249186906402,51.137173747515824]}},{"type":"Feature","properties":{"district":5,"street":"Łużycka","number":"13B","postal_code":"51-111","source_objectid":127125},"geometry":{"type":"Point","coordinates":[17.018129146897856,51.13714077342645]}},{"type":"Feature","properties":{"district":5,"street":"Łużycka","number":"13C","postal_code":"51-111","source_objectid":127126},"geometry":{"type":"Point","coordinates":[17.018159874497723,51.13711981669446]}},{"type":"Feature","properties":{"district":5,"street":"Weroniki Kumko","number":"11","postal_code":"51-110","source_objectid":128129},"geometry":{"type":"Point","coordinates":[17.006612848063376,51.144305403712266]}},{"type":"Feature","properties":{"district":1,"street":"Grudziądzka","number":"53","postal_code":"51-165","source_objectid":128524},"geometry":{"type":"Point","coordinates":[17.072483063680444,51.135915110878656]}},{"type":"Feature","properties":{"district":4,"street":"Wołowska","number":"5","postal_code":"51-116","source_objectid":132665},"geometry":{"type":"Point","coordinates":[17.026114888322912,51.14573500545514]}},{"type":"Feature","properties":{"district":4,"street":"Wołowska","number":"5A","postal_code":"51-116","source_objectid":132666},"geometry":{"type":"Point","coordinates":[17.026333056212014,51.14553815701587]}},{"type":"Feature","properties":{"district":4,"street":"Wołowska","number":"5B","postal_code":"51-116","source_objectid":132667},"geometry":{"type":"Point","coordinates":[17.02654677625089,51.14543485156116]}},{"type":"Feature","properties":{"district":4,"street":"Wołowska","number":"5C","postal_code":"51-116","source_objectid":132668},"geometry":{"type":"Point","coordinates":[17.026710511634978,51.14529022598388]}},{"type":"Feature","properties":{"district":4,"street":"Wołowska","number":"5D","postal_code":"51-116","source_objectid":132669},"geometry":{"type":"Point","coordinates":[17.026969885558742,51.14515383301392]}},{"type":"Feature","properties":{"district":4,"street":"Wołowska","number":"5E","postal_code":"51-116","source_objectid":132670},"geometry":{"type":"Point","coordinates":[17.026055910882388,51.14570692872319]}},{"type":"Feature","properties":{"district":4,"street":"Wołowska","number":"7","postal_code":"51-116","source_objectid":132671},"geometry":{"type":"Point","coordinates":[17.026597913858016,51.14601172917124]}},{"type":"Feature","properties":{"district":4,"street":"Wołowska","number":"7A","postal_code":"51-116","source_objectid":132672},"geometry":{"type":"Point","coordinates":[17.026719799743788,51.14574896216991]}},{"type":"Feature","properties":{"district":4,"street":"Wołowska","number":"7B","postal_code":"51-116","source_objectid":132673},"geometry":{"type":"Point","coordinates":[17.026904809109467,51.145614935952665]}},{"type":"Feature","properties":{"district":4,"street":"Wołowska","number":"7C","postal_code":"51-116","source_objectid":132674},"geometry":{"type":"Point","coordinates":[17.027251394174996,51.14554122006706]}},{"type":"Feature","properties":{"district":4,"street":"Wołowska","number":"7D","postal_code":"51-116","source_objectid":132675},"geometry":{"type":"Point","coordinates":[17.027474582450164,51.14544285147232]}},{"type":"Feature","properties":{"district":4,"street":"Wołowska","number":"7E","postal_code":"51-116","source_objectid":132676},"geometry":{"type":"Point","coordinates":[17.027977717134586,51.14574911485398]}},{"type":"Feature","properties":{"district":4,"street":"Wołowska","number":"7F","postal_code":"51-116","source_objectid":132677},"geometry":{"type":"Point","coordinates":[17.026553219115613,51.1459883400993]}},{"type":"Feature","properties":{"district":4,"street":"Wołowska","number":"7G","postal_code":"51-116","source_objectid":132678},"geometry":{"type":"Point","coordinates":[17.026664802258868,51.14605558536053]}},{"type":"Feature","properties":{"district":4,"street":"Wołowska","number":"5F","postal_code":"51-116","source_objectid":132684},"geometry":{"type":"Point","coordinates":[17.026203403128157,51.14579315213586]}},{"type":"Feature","properties":{"district":1,"street":"Leopolda Staffa","number":"30A","postal_code":"51-144","source_objectid":133524},"geometry":{"type":"Point","coordinates":[17.057841462469057,51.14051716420237]}},{"type":"Feature","properties":{"district":3,"street":"Kornela Ujejskiego","number":"32A","postal_code":"51-141","source_objectid":134024},"geometry":{"type":"Point","coordinates":[17.043893723332495,51.14223349133382]}},{"type":"Feature","properties":{"district":1,"street":"Giżycka","number":"78","postal_code":"51-412","source_objectid":135464},"geometry":{"type":"Point","coordinates":[17.078987814149908,51.133809591524695]}},{"type":"Feature","properties":{"district":5,"street":"Osobowicka","number":"45B","postal_code":"51-110","source_objectid":136604},"geometry":{"type":"Point","coordinates":[17.01933860841976,51.13439420309481]}},{"type":"Feature","properties":{"district":5,"street":"Osobowicka","number":"45C","postal_code":"51-110","source_objectid":136605},"geometry":{"type":"Point","coordinates":[17.018916891003528,51.13455701802116]}},{"type":"Feature","properties":{"district":5,"street":"Osobowicka","number":"45D","postal_code":"51-110","source_objectid":136606},"geometry":{"type":"Point","coordinates":[17.018829018245544,51.1343337011752]}},{"type":"Feature","properties":{"district":2,"street":"Piotra Czajkowskiego","number":"30A","postal_code":"51-171","source_objectid":138524},"geometry":{"type":"Point","coordinates":[17.06581904892796,51.13822059429919]}},{"type":"Feature","properties":{"district":2,"street":"Piotra Czajkowskiego","number":"34A","postal_code":"51-171","source_objectid":138525},"geometry":{"type":"Point","coordinates":[17.065370898882325,51.13843985690988]}},{"type":"Feature","properties":{"district":2,"street":"Jana Kasprowicza","number":"102A","postal_code":"51-145","source_objectid":138867},"geometry":{"type":"Point","coordinates":[17.058819729289784,51.1387350154404]}},{"type":"Feature","properties":{"district":1,"street":"Jana Długosza","number":"5A","postal_code":"51-162","source_objectid":138896},"geometry":{"type":"Point","coordinates":[17.059964803613045,51.131385149738556]}},{"type":"Feature","properties":{"district":1,"street":"Jana Długosza","number":"7A","postal_code":"51-162","source_objectid":138897},"geometry":{"type":"Point","coordinates":[17.060073020590952,51.131494860819814]}},{"type":"Feature","properties":{"district":4,"street":"Wołowska","number":"22","postal_code":"51-116","source_objectid":139048},"geometry":{"type":"Point","coordinates":[17.028793839751764,51.14822903324872]}},{"type":"Feature","properties":{"district":1,"street":"Tadeusza Micińskiego","number":"2A","postal_code":"51-152","source_objectid":139750},"geometry":{"type":"Point","coordinates":[17.057408344605438,51.136962322141265]}},{"type":"Feature","properties":{"district":1,"street":"Leopolda Staffa","number":"1","postal_code":"51-144","source_objectid":139768},"geometry":{"type":"Point","coordinates":[17.059349201181245,51.13909921934742]}},{"type":"Feature","properties":{"district":1,"street":"Tadeusza Boya-Żeleńskiego","number":"70A","postal_code":"51-162","source_objectid":139810},"geometry":{"type":"Point","coordinates":[17.062784115652324,51.132747393292604]}},{"type":"Feature","properties":{"district":1,"street":"Tadeusza Boya-Żeleńskiego","number":"72A","postal_code":"51-162","source_objectid":139811},"geometry":{"type":"Point","coordinates":[17.06314282482237,51.132568771007016]}},{"type":"Feature","properties":{"district":3,"street":"Henryka Michała Kamieńskiego","number":"51","postal_code":"51-124","source_objectid":140628},"geometry":{"type":"Point","coordinates":[17.040679755583998,51.14403425295936]}},{"type":"Feature","properties":{"district":1,"street":"Marcina Kromera","number":"23a/1","postal_code":"51-163","source_objectid":141208},"geometry":{"type":"Point","coordinates":[17.06603342117198,51.132591654316144]}},{"type":"Feature","properties":{"district":5,"street":"Łużycka","number":"22B","postal_code":"51-111","source_objectid":141848},"geometry":{"type":"Point","coordinates":[17.018276109901855,51.138088038746446]}},{"type":"Feature","properties":{"district":5,"street":"Obodrzycka","number":"3A","postal_code":"51-112","source_objectid":141868},"geometry":{"type":"Point","coordinates":[17.02461912241701,51.13383351628865]}},{"type":"Feature","properties":{"district":5,"street":"Jugosłowiańska","number":"68","postal_code":"51-112","source_objectid":142108},"geometry":{"type":"Point","coordinates":[17.024729939517485,51.13500313623924]}},{"type":"Feature","properties":{"district":1,"street":"Stanisława Piętaka","number":"10","postal_code":null,"source_objectid":142255},"geometry":{"type":"Point","coordinates":[17.049368693590047,51.13852070101077]}},{"type":"Feature","properties":{"district":3,"street":"Henryka Michała Kamieńskiego","number":"53C","postal_code":"51-124","source_objectid":142288},"geometry":{"type":"Point","coordinates":[17.042532394998425,51.14551063417847]}},{"type":"Feature","properties":{"district":1,"street":"Juliana Klaczki","number":"31A","postal_code":"51-151","source_objectid":142948},"geometry":{"type":"Point","coordinates":[17.063734121370338,51.13663669021566]}}]}
