{"type":"FeatureCollection","features":[{"type":"Feature","properties":{"name":"Karłowice–Różanka — okręg 1","district":1,"precinct":84,"seats":4,"election_year":2021,"polling_station":"Liceum Ogólnokształcące nr XIV, al. Aleksandra Brücknera 10","reconstruction":true,"method":"official 2021 address rules + current SIP EMUiA address points + current cadastral parcels","crs":"EPSG:4326"},"geometry":{"type":"MultiPolygon","coordinates":[[[[17.04957769281417,51.13445873621033],[17.04919804922345,51.13450547093258],[17.049029677670973,51.13452483207008],[17.04873748764577,51.13455370378048],[17.048438634902848,51.134575122068654],[17.048177063581033,51.13458873436156],[17.047953546949124,51.13459446629713],[17.04787635791369,51.13462866380166],[17.04780643223607,51.134638306732384],[17.047784090634835,51.134628317117716],[17.047633132505517,51.13460476659472],[17.047300164400962,51.13461130496199],[17.047013823669193,51.134612073424414],[17.0467248560848,51.13461481547607],[17.046531956454917,51.134612352975],[17.046240068345302,51.13460912785892],[17.04595240081402,51.13459593096343],[17.045666486128123,51.134580886805665],[17.045095418731854,51.13454851924136],[17.044882444447385,51.134532891067494],[17.044525100394726,51.134504126851375],[17.044238989785285,51.13448062732647],[17.04395868612802,51.13444993790182],[17.043676745147685,51.13442036711138],[17.04339732326526,51.13438437965412],[17.043120608126063,51.13434327159305],[17.042987244884944,51.134325117969894],[17.042841221470656,51.13430216797954],[17.042562568787503,51.13425945156809],[17.042286359570404,51.13421537009429],[17.042007823599203,51.134171205978866],[17.041730495910127,51.134128057939975],[17.041485023510162,51.134093575660486],[17.04089474935467,51.134018347251974],[17.040330423094904,51.13396386115928],[17.039976657789097,51.13393029393166],[17.03951968706413,51.133889270666835],[17.03923612334193,51.13385970279043],[17.038972368815376,51.13382780687555],[17.038757646019665,51.133798929376454],[17.038095656002127,51.13369814204009],[17.03780190392776,51.133650156968],[17.037345106778634,51.13356940132241],[17.036799914744794,51.13346649353063],[17.03662995357311,51.13342828092907],[17.0363202767258,51.13337602569723],[17.03630758908947,51.13337602003313],[17.036198504049775,51.13335386952734],[17.036188377577275,51.13337290707442],[17.036229444474323,51.133381677815564],[17.03615040253458,51.13359376665755],[17.03663058176359,51.13368441044065],[17.03679981766202,51.133721816983986],[17.036923204690073,51.133763960835395],[17.037059432575038,51.13380494274542],[17.03711084249405,51.13382205983286],[17.03715396455806,51.133836465703766],[17.037282482073287,51.13387996390315],[17.03737743072692,51.13392101015607],[17.03738575541999,51.13392470150965],[17.037654552850544,51.134042529679256],[17.037962571276775,51.13415356006276],[17.037968027131246,51.134136479648724],[17.038530085964425,51.13432487740051],[17.038539397583005,51.13430582396707],[17.039259999467742,51.134541962060105],[17.03924653545521,51.13466609746843],[17.03938639521252,51.13468514475846],[17.04060092705714,51.134926328471536],[17.04096894411995,51.13495378082348],[17.04221629079148,51.13505165204851],[17.04347138787195,51.13514879124252],[17.04428455259734,51.1352116156237],[17.045063296225354,51.13527523204477],[17.045489553733894,51.1353133309669],[17.046125277356253,51.135348929832446],[17.046868161333766,51.13527652499568],[17.04754384885861,51.13523095966561],[17.047530502426877,51.13527544861827],[17.047111577459354,51.13659490771673],[17.047075698584297,51.136708702990795],[17.047573011144873,51.13684426362002],[17.04762826770756,51.13665740532655],[17.04769684124881,51.13666571280116],[17.047754540189953,51.13667266415173],[17.047932055068866,51.13669408438789],[17.047995967712655,51.13670183234389],[17.04827810303667,51.1367359609835],[17.048160695559172,51.13713386709827],[17.048933668084967,51.13722704051785],[17.04902995271894,51.136909679925566],[17.049091387065605,51.13669378069838],[17.04933422615224,51.136723838587244],[17.049502510520277,51.136744597076536],[17.049670780571166,51.13676536419649],[17.049839065247326,51.13678612220296],[17.049867197580895,51.13678973985555],[17.05000733560637,51.13680688884009],[17.050175620406208,51.13682765535186],[17.050221325120656,51.136833519209986],[17.050515307087032,51.136869806270504],[17.050367666307135,51.137356960991795],[17.050355214556244,51.13736908580057],[17.05033605055838,51.13738103024872],[17.0503070431084,51.13739009898192],[17.050282468314013,51.13739205693664],[17.05070402588743,51.13744378983119],[17.051024439114617,51.13748395791034],[17.051162597875948,51.13704220407143],[17.051512003541713,51.137084359019866],[17.051892436099852,51.1370076966231],[17.05190897842308,51.137035123287596],[17.05194845931892,51.137101400359214],[17.05208869637609,51.13760991256447],[17.052723835547184,51.13768841422482],[17.052707349741635,51.13761559943273],[17.053294367562884,51.13731662865998],[17.053368860501315,51.13727873799598],[17.053434908036483,51.13724505800064],[17.053457072973103,51.13723445881234],[17.053478136628474,51.13741398164987],[17.054066023323035,51.13748816511305],[17.054102591461042,51.13737339345971],[17.054397406377515,51.13722442791912],[17.054623789671115,51.137402149444206],[17.05484398178264,51.137391199824364],[17.054907861117144,51.13738808423922],[17.05502802664188,51.137382124228445],[17.055185482415183,51.13737428986313],[17.055179548432132,51.13743468827453],[17.0551669326047,51.13759772137773],[17.05515908786402,51.137693622421814],[17.055070021379354,51.13797716426887],[17.05512042244409,51.13798335181932],[17.0551342304988,51.137930631257476],[17.055173281630445,51.13778090964097],[17.055370590024882,51.137789263692675],[17.05550673643013,51.13779499294346],[17.055514567450995,51.13770673296375],[17.055664719673207,51.137710939024736],[17.055662109189736,51.137742939047016],[17.055573816017667,51.13774010452753],[17.055569184325435,51.137797627795415],[17.05556223076012,51.13787860426446],[17.05555946806707,51.137914558496504],[17.055703480977147,51.137920647700504],[17.055609781074956,51.1380182108078],[17.055594775174097,51.13802881427501],[17.05558262335302,51.1380333008633],[17.05556575499433,51.13803643687503],[17.055548747335756,51.138035894996435],[17.056041033508183,51.13809680981673],[17.056052333015213,51.13809277477334],[17.05605304755346,51.13809277155091],[17.056056611416196,51.13809529044588],[17.056055326799893,51.13809942430159],[17.056223324588654,51.13811991007891],[17.05625717730231,51.13812406678189],[17.056747899658955,51.1381832759488],[17.05675887510611,51.138184623017814],[17.056817039827656,51.13800197315162],[17.056969691817674,51.1380210036302],[17.05699475966938,51.13794083837975],[17.05699580366843,51.13793167736506],[17.05699527792269,51.137922413796815],[17.05699303590034,51.13791322628632],[17.05698936151215,51.137904207019076],[17.056984110057325,51.13789544472459],[17.056904893636887,51.13782792303262],[17.05683441084885,51.13776658467414],[17.056838969678648,51.13776445493572],[17.05702853559,51.13767520615416],[17.057049933087143,51.13770154752078],[17.057139186068923,51.13774284634391],[17.057418388425166,51.13785497729481],[17.057727167084476,51.13797503201227],[17.057778129249098,51.13788768573884],[17.05783308968985,51.13780537888195],[17.057850981790928,51.1377828241797],[17.057988544833908,51.13781093716519],[17.058293663267573,51.13787426324804],[17.058583362277904,51.13793417420482],[17.058654071690206,51.137947958134596],[17.058664948521404,51.13793448031644],[17.05872058865158,51.13787770010324],[17.05877680378103,51.137820744698196],[17.058795228813505,51.13782677220431],[17.058740163303963,51.13788481562723],[17.05868307784923,51.13794240227375],[17.058868043233783,51.138005487870366],[17.058875033187718,51.13800747689169],[17.05900415711275,51.13804941874834],[17.059546040742077,51.13784336600401],[17.05961012714925,51.137909550637914],[17.059627094379646,51.13792825965999],[17.059644228315637,51.13795001750732],[17.059659057710597,51.13797267376575],[17.05967159620817,51.137997666887976],[17.059679722256455,51.138011962820784],[17.059684704410166,51.138034710704446],[17.059691106739596,51.13806140746768],[17.059733032355567,51.13825764673827],[17.059762829911982,51.13843402027076],[17.05967362282809,51.13847820629846],[17.060075358992524,51.13864642247313],[17.060064405035092,51.138595453091796],[17.060235039146953,51.138622804385214],[17.060604509923703,51.138667934052606],[17.060614586014445,51.13866009511595],[17.06062718104793,51.138649948094894],[17.06063346899822,51.13864006505133],[17.06063577876541,51.138626940754385],[17.060619216087787,51.13834746374066],[17.060606485562214,51.138226289050685],[17.060600098818494,51.13819105230942],[17.06056414472987,51.13801512396858],[17.06055434587715,51.13796072986573],[17.060533171817745,51.13786202435667],[17.060501904816032,51.13771638376938],[17.06016210169895,51.13774537800372],[17.060155264766486,51.13773233303373],[17.06017798185847,51.137730367066176],[17.060171851166103,51.13771913468977],[17.06012808468583,51.13763811894681],[17.060078462498097,51.137546412392524],[17.060019865922214,51.13743645663545],[17.0599756736368,51.137353918158766],[17.05993117783241,51.13727155701688],[17.05989881705051,51.137213655325795],[17.05989483213324,51.137205829276105],[17.059881001058287,51.13717975601674],[17.059879434243342,51.13717669593406],[17.059834379346427,51.13709092318424],[17.059810710273734,51.137049020979674],[17.05978960949266,51.13701152636147],[17.059747833071818,51.13693249519272],[17.059727158485146,51.13689301727828],[17.059704485708437,51.13685202202436],[17.059662576018624,51.136772531279085],[17.059643172671738,51.136738007871756],[17.059618514433364,51.136692061322854],[17.059574885434046,51.136611406044544],[17.059557907738586,51.136581280081806],[17.059529818072065,51.13652841086486],[17.059485041575037,51.13644587647699],[17.059473784155028,51.136425370470434],[17.059437997256012,51.13635892789731],[17.0593926462927,51.13627584947228],[17.059389229024607,51.13626892693322],[17.059338748709894,51.1361774019165],[17.05930451862614,51.1361131203448],[17.059292829912536,51.13609064211866],[17.059259329921854,51.13602770586162],[17.059233658566928,51.13598032172152],[17.05951119336326,51.13587676382329],[17.059502219556517,51.13586905046217],[17.05933021809051,51.13572246642945],[17.059283832681995,51.13568119045564],[17.05916007146364,51.13557606786208],[17.059109681139937,51.13553289874255],[17.058934524354004,51.13539404678875],[17.058801623205156,51.13529017173674],[17.058757373843914,51.13525491782073],[17.05858236586293,51.135115877742145],[17.05875432455037,51.135035950522024],[17.058926282462796,51.13495603203301],[17.058740140940095,51.13480943219753],[17.05909991755708,51.134643124216225],[17.058962039216265,51.13452621924953],[17.058949753233794,51.134518389295174],[17.05892861910233,51.134510739850114],[17.058908615751335,51.13450650657568],[17.058873609727566,51.13451000052662],[17.058846744361116,51.134517892988114],[17.059225977361155,51.13432705563059],[17.05942539185166,51.13422754409869],[17.059641778110173,51.13440596667115],[17.05984247726527,51.13431211924643],[17.059655792805252,51.13414439981497],[17.059632523066494,51.13412371632014],[17.059412016297788,51.133929456783044],[17.0591389009862,51.1337598816678],[17.059020271641245,51.13368513122623],[17.058903913995227,51.1336118103173],[17.058716178656525,51.1334946746176],[17.058696768995457,51.1334823464127],[17.05852986588743,51.13337789167025],[17.05833771630908,51.133259407328495],[17.05814727457916,51.13313849123641],[17.05795968724983,51.13302269495151],[17.05778908984175,51.13291598893304],[17.057667312869306,51.13284096002649],[17.056997643500914,51.13242143597896],[17.056916008114477,51.13246750587491],[17.05683864367097,51.132416135403574],[17.056686048391498,51.132315290351215],[17.056788710178047,51.13225052991819],[17.05671917348529,51.13220698955383],[17.05675450166519,51.13218129441727],[17.05692718973308,51.13208341443141],[17.05700165693852,51.13204201528158],[17.057097018227278,51.132099949362534],[17.0570837251437,51.13210794185745],[17.058316438511543,51.13287392177226],[17.058525724425902,51.13300401490559],[17.059354604001314,51.133523831721035],[17.059747212577186,51.133769961038],[17.060100011120486,51.133972816554454],[17.06017809892153,51.13390229107648],[17.06028002310561,51.13398008843763],[17.06030331221719,51.13399278915537],[17.060371683023185,51.13403000726097],[17.06057601696734,51.13413076862303],[17.06067622448712,51.13420379632159],[17.060739844316036,51.134169571311745],[17.060966696130414,51.13431761856223],[17.061746645419618,51.13482686697825],[17.06213780124481,51.135123300505526],[17.062189551404085,51.1350931147588],[17.062485329301477,51.13534753775868],[17.062780999296283,51.13553264000982],[17.06278702358936,51.135537147148995],[17.06284620122106,51.13550426980571],[17.062892314927737,51.13554429262212],[17.062916724738027,51.13556452612068],[17.062941268605083,51.13558449099895],[17.062967977461724,51.13560338547191],[17.06307604272972,51.13567821802449],[17.06310460090919,51.13569611145182],[17.063133164386034,51.13571374421493],[17.06316100473537,51.1357311014891],[17.06319084928732,51.135747566857276],[17.06321925620803,51.13576376000259],[17.063250388844246,51.13577941761579],[17.06338690965688,51.13584266541013],[17.06340461532646,51.13585175189843],[17.063480598810646,51.135885855783144],[17.063754799092326,51.13598834861706],[17.063792407896468,51.135960053645825],[17.063925923906073,51.136033462012335],[17.06403830420351,51.13609076244643],[17.064263947606374,51.136190006757914],[17.0643439143168,51.13622150798255],[17.064623279116372,51.136327420185495],[17.064495453909768,51.13641563790229],[17.064601415466573,51.136465389084506],[17.064712240704768,51.136514882407866],[17.06491160722476,51.13660224675725],[17.065098124869625,51.13667423465692],[17.065667532451524,51.13690193484471],[17.06566854109797,51.13690081020864],[17.06578793705797,51.13694913040469],[17.06586263245048,51.136984220285704],[17.06636625517808,51.13714486826531],[17.066479956596297,51.13718087143604],[17.0664925182553,51.13718717455257],[17.066454614179847,51.137231559475644],[17.066617568721398,51.13729742368044],[17.066698978462274,51.13732981577988],[17.066781249366628,51.13736131573033],[17.06708575232746,51.137473346752486],[17.067113604309277,51.137483871043614],[17.067829917961713,51.13770770713696],[17.067863922524406,51.137708616430416],[17.06792226531457,51.13767528938661],[17.068207640692307,51.13749481313129],[17.06835179133648,51.1373464009874],[17.068273224083406,51.137352337520554],[17.068588978122918,51.137013336409716],[17.068594459374385,51.13701646350749],[17.068610693674348,51.13707957417875],[17.068791619390836,51.13688440260727],[17.068702337455335,51.136833457597746],[17.06799919438294,51.136432141489934],[17.067727721656404,51.13627805291023],[17.06870549038502,51.1355993135487],[17.068837010388247,51.13550803721911],[17.069053030072137,51.1356932804148],[17.069268064409865,51.135875737561584],[17.06944547734527,51.13610016423005],[17.069643652081236,51.13641709731433],[17.069755744208752,51.13648842275573],[17.069751310699285,51.13649075176496],[17.069785602657305,51.13651998013856],[17.069936483949284,51.13664849134118],[17.06980327311977,51.136707950116985],[17.069501367697207,51.13701041393822],[17.06949435010836,51.13701760374947],[17.069642767894685,51.13705828497049],[17.069527167735036,51.13722112947329],[17.06926148121451,51.137134827432284],[17.069233019543983,51.137170955003086],[17.069169162049032,51.13714746926622],[17.069121805385937,51.13721153902866],[17.069061864166663,51.137293865432135],[17.069004205743624,51.13737564362961],[17.068663173817725,51.137267255192434],[17.068574732376145,51.13735204228572],[17.068639683609753,51.13737656187487],[17.06891694305628,51.137481413178755],[17.069043325367108,51.137569816492146],[17.069123424642704,51.13763124197129],[17.069054470227176,51.13772758338195],[17.07138759767656,51.13844722432269],[17.071939702902938,51.13861755535238],[17.07315419492174,51.138994107164606],[17.07317290225252,51.13901469783457],[17.073142163813905,51.139024037180896],[17.07316273023685,51.139047411391545],[17.07319912339631,51.139087514864286],[17.073034892597615,51.13915452549098],[17.07303971679533,51.139191915636786],[17.074398664261576,51.1396183050703],[17.074589112411825,51.139658000105634],[17.07469970341961,51.13967151453287],[17.074852587404166,51.139682432796654],[17.07484724092133,51.13974616292141],[17.076475156377022,51.14018564074256],[17.076536303874995,51.14020066878905],[17.075210107061658,51.140643437183805],[17.075273892463322,51.14062214219486],[17.07530988377005,51.14061012715533],[17.075413587829384,51.140575504534475],[17.0754577187679,51.14056077060895],[17.075548644854088,51.140530414016744],[17.075595501867195,51.140514770261916],[17.075652715395293,51.14049566912539],[17.07567620931162,51.14048782617134],[17.075701077121664,51.14047952301416],[17.075733906149967,51.140468563405804],[17.07577754343615,51.14045399446362],[17.075814891111076,51.14044152522392],[17.075876414527492,51.14042098463551],[17.075887747863355,51.140417200556094],[17.075946399756578,51.140397618908864],[17.075958229386877,51.14039366973887],[17.075959623394088,51.14039320430253],[17.076025875372338,51.14037108466047],[17.076063220020735,51.14035861711568],[17.07609769896545,51.14034710589118],[17.076098367908948,51.140346882839104],[17.07611364774536,51.14035163769571],[17.0764585174076,51.14045933604885],[17.076686210275714,51.14053044023531],[17.076746786282268,51.14054935706441],[17.077014201133714,51.14063450492425],[17.077054383620197,51.14064662450834],[17.077253836058773,51.14070678459324],[17.07732200239794,51.14072833743456],[17.0775622906268,51.14080431006461],[17.077767047380497,51.14086748936698],[17.07790669105348,51.14091057736179],[17.07826508306819,51.14102116105209],[17.07847341336439,51.14108761792128],[17.07849434153686,51.141094151967],[17.07873336708683,51.14116877816666],[17.079133039975986,51.14129355803102],[17.079328581773833,51.14135460609989],[17.07983611458507,51.14151305637559],[17.07991391548284,51.1415373929693],[17.08002769913755,51.14157298528865],[17.08009364707716,51.14159361379936],[17.08022994156635,51.14163624655181],[17.080341672141834,51.141670976494424],[17.080535938430103,51.14173136075457],[17.080630447065705,51.1417607374496],[17.081609997524883,51.14204024897195],[17.08161316653152,51.14202638309487],[17.08162041051152,51.14199469313273],[17.081622682790552,51.141984751374906],[17.08163174190883,51.141944983208546],[17.081633852099973,51.14193571979298],[17.08164590276173,51.14188281700784],[17.081646258176757,51.14188125380669],[17.081654799203896,51.1418437550449],[17.08165942648372,51.141823446068955],[17.081672078316302,51.14176789875941],[17.081696836877306,51.1416592081744],[17.081702818004768,51.141628498946204],[17.081703000956644,51.14162756096729],[17.081711321033787,51.141584843788145],[17.081716592658204,51.141557769784704],[17.081728268397608,51.141497824272214],[17.081751640586518,51.141377821034524],[17.081755212531327,51.14135732667221],[17.08176134177135,51.14132217323476],[17.081792336946894,51.14114436723675],[17.081818800782212,51.14097597913815],[17.081829167965704,51.140910018269956],[17.081839192071435,51.140854218373526],[17.081844846629732,51.14082274425078],[17.081877106423942,51.140643034254474],[17.08188755361891,51.14060897907486],[17.081926669913386,51.14048147887602],[17.081997606767327,51.14025025355634],[17.08200522738858,51.140225411217614],[17.082027720900545,51.140105833406885],[17.08204310422038,51.140024050591734],[17.082050597454796,51.139942726345495],[17.082053833142485,51.13990761489991],[17.082056905046656,51.139874276720214],[17.082061171645528,51.139827966001846],[17.082060921400366,51.13982523658598],[17.082045654426732,51.13965877456185],[17.081922514372085,51.13935388699266],[17.081862997744473,51.13920652730558],[17.0816597858937,51.13869429415985],[17.08132108994096,51.13786902673071],[17.08100515036092,51.13684458209498],[17.08059880736018,51.135763203677904],[17.08016987872043,51.13466759067284],[17.079786129329623,51.13367157869821],[17.07931203551619,51.132547495171174],[17.07892830129305,51.1315799349479],[17.078680021758647,51.13093963761621],[17.07858181787457,51.13072638120982],[17.07855509262936,51.13058774188211],[17.078523646421424,51.130306353019414],[17.078492444440037,51.12974452433924],[17.0784892769463,51.1295836603247],[17.07833506895002,51.127607545611795],[17.07795406713656,51.12762349416798],[17.077950063491542,51.127623665537556],[17.07345055775739,51.12781625963134],[17.070638186114337,51.12796013661428],[17.067768297181384,51.12811349585027],[17.067761419605436,51.12811386336965],[17.066039578602798,51.12819263626878],[17.0643454464776,51.128380535817314],[17.06178157258628,51.12884727484869],[17.060456964541984,51.12936631663698],[17.05940847297705,51.129777163407255],[17.059284564352367,51.12982571645237],[17.059005192104717,51.129993266445865],[17.058827757449404,51.13009968064983],[17.058185192166757,51.13048505110029],[17.056983975453416,51.13120546572341],[17.056261176530377,51.131638955291066],[17.05623515578813,51.13165456090412],[17.05644406926701,51.131781249922064],[17.05687052639305,51.13204828440257],[17.0565194407405,51.132246541962026],[17.056344471732334,51.13235181041252],[17.056145401526955,51.132464642155256],[17.056082734464514,51.13250324133739],[17.05596268109631,51.13256458853073],[17.05572590138493,51.1326586144542],[17.05542270844878,51.132770972774516],[17.055353439883056,51.13279834411353],[17.05531898951001,51.13281947018738],[17.05521736576099,51.13284370339441],[17.054936473420863,51.13294487769916],[17.05450084089156,51.13310137224629],[17.054344047564022,51.13316002050464],[17.05418337979771,51.13322366243231],[17.053951890727493,51.133320640206975],[17.053740990307166,51.133400811658774],[17.05351595082327,51.133493229068264],[17.053267859314936,51.133583769380586],[17.05301234701583,51.13367940913645],[17.052795639322742,51.13375274467854],[17.05250710414556,51.13384564371148],[17.052238711401507,51.13392471737929],[17.051982173606785,51.13399209211407],[17.051639427583208,51.134073743992246],[17.05123759224302,51.134165460370006],[17.050706697722408,51.1342741880485],[17.05028901398667,51.13435192846898],[17.050244229526747,51.1343563472702],[17.05014178748101,51.134375598155614],[17.050022986885548,51.134391983218464],[17.04957769281417,51.13445873621033]],[[17.05524402240065,51.13777069354838],[17.05526519216755,51.1375042947277],[17.055351343094138,51.137507750442744],[17.055330886907836,51.13777351677685],[17.05524402240065,51.13777069354838]],[[17.05886765215277,51.134613741775176],[17.058867651733188,51.13461374266231],[17.05886765122867,51.13461374350405],[17.05886765064408,51.134613744292274],[17.058867649985043,51.13461374501941],[17.058867649257905,51.13461374567844],[17.058867648469676,51.134613746263035],[17.05886764762794,51.134613746767556],[17.058867646740808,51.13461374718714],[17.05886764581682,51.13461374751775],[17.058867644864876,51.1346137477562],[17.058867643894146,51.13461374790019],[17.058867642913974,51.13461374794834],[17.0588676419338,51.13461374790019],[17.058867640963072,51.1346137477562],[17.058867640011126,51.13461374751775],[17.05886763908714,51.13461374718714],[17.058867638200006,51.134613746767556],[17.058867637358272,51.134613746263035],[17.058867636570042,51.13461374567844],[17.058867635842905,51.13461374501941],[17.05886763518387,51.134613744292274],[17.058867634599277,51.13461374350405],[17.05886763409476,51.13461374266231],[17.058867633675177,51.134613741775176],[17.05886763334457,51.13461374085119],[17.05886763310612,51.134613739899244],[17.058867632962126,51.134613738928515],[17.058867632913973,51.13461373794834],[17.058867632962126,51.13461373696817],[17.05886763310612,51.13461373599744],[17.05886763334457,51.1346137350455],[17.058867633675177,51.13461373412151],[17.05886763409476,51.134613733234374],[17.058867634599277,51.13461373239264],[17.05886763518387,51.13461373160441],[17.058867635842905,51.13461373087728],[17.058867636570042,51.13461373021824],[17.058867637358272,51.13461372963365],[17.058867638200006,51.13461372912913],[17.05886763908714,51.134613728709546],[17.058867640011126,51.13461372837894],[17.058867640963072,51.134613728140486],[17.0588676419338,51.134613727996495],[17.058867642913974,51.13461372794834],[17.058867643894146,51.134613727996495],[17.058867644864876,51.134613728140486],[17.05886764581682,51.13461372837894],[17.058867646740808,51.134613728709546],[17.05886764762794,51.13461372912913],[17.058867648469676,51.13461372963365],[17.058867649257905,51.13461373021824],[17.058867649985043,51.13461373087728],[17.05886765064408,51.13461373160441],[17.05886765122867,51.13461373239264],[17.058867651733188,51.134613733234374],[17.05886765215277,51.13461373412151],[17.05886765248338,51.1346137350455],[17.058867652721826,51.13461373599744],[17.05886765286582,51.13461373696817],[17.058867652913975,51.13461373794834],[17.05886765286582,51.134613738928515],[17.058867652721826,51.134613739899244],[17.05886765248338,51.13461374085119],[17.05886765215277,51.134613741775176]]],[[[17.044135158720643,51.137997833094374],[17.044110021011743,51.137994499240286],[17.044026739295308,51.13798357032122],[17.043993393607586,51.13810713013132],[17.043858844102417,51.138090523057535],[17.043813434896595,51.138269549195556],[17.04397812911379,51.138296165496804],[17.043982210850054,51.13834138082575],[17.043709006237734,51.138356047748125],[17.04366485100061,51.13835745765282],[17.043638142501518,51.13835268149956],[17.04361301822818,51.1383369329472],[17.043581350474884,51.13830176717891],[17.043564118394453,51.138262296551595],[17.04355373511987,51.138228851057335],[17.04355659647903,51.13822660906681],[17.043542488311342,51.13820538599744],[17.04364947396644,51.13851314046356],[17.043674805947088,51.13848771812564],[17.043716411605914,51.13846931491745],[17.04375156871106,51.1384628601466],[17.043888315712884,51.13845476377766],[17.043937660958896,51.13880465764309],[17.043948837326738,51.13888412757816],[17.043966402938274,51.1388811877218],[17.043988142300492,51.138877499881424],[17.044165360588153,51.13884856339007],[17.04421309034119,51.13884499802389],[17.0442419846183,51.13884289684897],[17.044215264865898,51.13896044284223],[17.04422025429098,51.13896102299644],[17.04423020367297,51.138922089245135],[17.044246563972116,51.138842574686386],[17.044286676548374,51.13883973813009],[17.04432253985926,51.13883715450591],[17.04442758273653,51.13882957153906],[17.04456805226117,51.13881563454973],[17.044800687398855,51.13880182989689],[17.044827269312226,51.138799601815684],[17.045013465875726,51.138787035594575],[17.04510890871718,51.13878762612016],[17.045320371044138,51.1387888310715],[17.04532842583501,51.13875441254395],[17.045386064919455,51.13850940279081],[17.04536581045928,51.138486835267315],[17.045317400052667,51.13847215555614],[17.04549297630872,51.13848600335528],[17.0455735520714,51.13849378074631],[17.045855994222663,51.138521094556914],[17.04582235324944,51.13866058210633],[17.045864209568855,51.13866464530415],[17.04605337069914,51.13868291811735],[17.04618908080989,51.13869602616126],[17.046375375836444,51.138714014378415],[17.046564807172683,51.13873236947306],[17.046598874582777,51.138592885194264],[17.046761311083483,51.13860852977445],[17.04672724415012,51.138748014102745],[17.046917974248295,51.138766460117296],[17.047104255569526,51.13878444705975],[17.047239839371123,51.138797471946376],[17.047427703323144,51.13881564206898],[17.047470501227494,51.13881979326685],[17.047477373980538,51.13879135207156],[17.047504051453842,51.13868031351136],[17.047841763883405,51.13871339451182],[17.047852455758683,51.13863196346865],[17.047630164228845,51.13861053810773],[17.047664358771907,51.13847096466391],[17.04768533495748,51.138385581025815],[17.047714083621702,51.13826829349528],[17.047936362961355,51.13828953881037],[17.047970570619274,51.138149965379576],[17.047996675429502,51.1380757256428],[17.047660385323844,51.13804318704434],[17.047684814337423,51.13794207266955],[17.047709381391446,51.13783979974806],[17.04773424905077,51.13773680110633],[17.047758090452234,51.137637839442284],[17.04766495993639,51.13762637445115],[17.04763195131933,51.137622222130936],[17.047526535138967,51.13760921863998],[17.047484900771586,51.13774717626077],[17.047372756251008,51.13773614949272],[17.047231474611145,51.13772240410739],[17.047203041201175,51.13771951153072],[17.04724811577904,51.137574821819626],[17.04716425146838,51.13756442976688],[17.047080115375067,51.13755405341867],[17.046996122374225,51.137543669186186],[17.046932539748916,51.13753580651162],[17.046887845182177,51.137532223982355],[17.046844147181783,51.13770924255441],[17.04647586024703,51.13767146848469],[17.04627842567406,51.137651303974025],[17.046200913344663,51.13790267859419],[17.04547661038136,51.13783278100284],[17.045366187651965,51.137822116958766],[17.04540910413797,51.13768119496785],[17.045464926767124,51.13750477929544],[17.045499533319795,51.13739054263057],[17.045536702007613,51.13727469973779],[17.0455227055427,51.13727297636205],[17.045066990422367,51.137216361146955],[17.045129423672517,51.137012527232535],[17.045158301695782,51.13700769284832],[17.044894872691227,51.136974194892886],[17.04493870080947,51.136994806493284],[17.044949804906615,51.13702797907673],[17.044879628886562,51.13725176061885],[17.04463091650968,51.137220342004085],[17.04438634968099,51.13718955004953],[17.04435102582431,51.13730656732564],[17.04433237766447,51.137365431980776],[17.044313002302818,51.13742698758431],[17.04428499471915,51.13742355839781],[17.044265330930862,51.137485929694044],[17.044211220418173,51.137662250923874],[17.04369708004003,51.13759912083006],[17.043691911225675,51.13761691402591],[17.044232196847652,51.13768302662383],[17.044223713206573,51.13771673139694],[17.04417535397857,51.13786293934062],[17.044177351362826,51.13786447491521],[17.044315930369734,51.13788244502001],[17.044296258978438,51.13795002126048],[17.04415611526055,51.13793169673817],[17.044135158720643,51.137997833094374]]],[[[17.049275784837054,51.139185887721624],[17.04930367770143,51.139269412486435],[17.049331569003066,51.13935301813721],[17.049345937387976,51.139395808761535],[17.049375686244716,51.139484994086914],[17.04938450330618,51.13951142338314],[17.04945224480579,51.13971424091027],[17.049490811244716,51.13982985549342],[17.049527668366025,51.139940341063884],[17.04956665594416,51.14005703779599],[17.049604228404277,51.14016958777804],[17.049631404415624,51.14025049962652],[17.049648620008234,51.14030219510668],[17.049668260765497,51.140363142650386],[17.049881545010138,51.140389417253374],[17.04992469724894,51.140389614984166],[17.049983715015216,51.14038964491738],[17.050381069837023,51.139123993149624],[17.05037722544009,51.139105209541775],[17.050351806036126,51.139093963861065],[17.05033823004255,51.139098177642026],[17.05031727814397,51.13900152168428],[17.050299315780755,51.13891865313918],[17.050134460006785,51.138900323908324],[17.05015347541038,51.138780062088124],[17.050214765875243,51.13878692451743],[17.05024367335792,51.13874864764706],[17.050331216300197,51.13857152543241],[17.05032824508718,51.13854779561832],[17.04981938837165,51.138486047895604],[17.049771291370277,51.13844350468515],[17.04972249283117,51.13840033546879],[17.04978919977297,51.13830202735017],[17.049860204278424,51.138197614180534],[17.049863504589045,51.1381927686061],[17.04974306736776,51.13818120029415],[17.0494779207785,51.13815570851495],[17.049449640421436,51.138152997522745],[17.049364913667358,51.13814486543418],[17.049322628880738,51.13814080000569],[17.048997773393314,51.13810943696386],[17.04898091672646,51.13810780761077],[17.048945619098188,51.13822060130647],[17.048945187663808,51.13822212603751],[17.048928543693876,51.138275515026734],[17.048716535703402,51.138255083306966],[17.048727757996687,51.1381950428597],[17.04852490166417,51.13817084665087],[17.048516010181487,51.13819951420526],[17.04813199921768,51.138162453479815],[17.048124386472367,51.13819354962706],[17.04810282827447,51.138282263764985],[17.048070210978576,51.138416087813404],[17.04803112728544,51.138575974130625],[17.04811262300631,51.13853835056785],[17.04840920032212,51.13856700483422],[17.048363652788222,51.13875359184068],[17.048391947731925,51.138756303213086],[17.048370386258558,51.13884518816785],[17.048539825669508,51.13886155248784],[17.04858225391424,51.138865619364246],[17.048709393974,51.13887790862072],[17.04883655023744,51.13889010797407],[17.04893526659679,51.138899693662516],[17.04899141382976,51.13890511252357],[17.049214563015184,51.13892662316923],[17.0492257604655,51.138990900248],[17.049242346121282,51.139085740963885],[17.049275784837054,51.139185887721624]],[[17.0481947341073,51.13836482454363],[17.048194733380164,51.138364825202665],[17.048194732591934,51.13836482578726],[17.0481947317502,51.13836482629178],[17.048194730863067,51.13836482671136],[17.04819472993908,51.13836482704197],[17.048194728987134,51.13836482728042],[17.048194728016405,51.13836482742441],[17.048194727036233,51.138364827472564],[17.04819472605606,51.13836482742441],[17.04819472508533,51.13836482728042],[17.048194724133385,51.13836482704197],[17.0481947232094,51.13836482671136],[17.048194722322265,51.13836482629178],[17.04819472148053,51.13836482578726],[17.0481947206923,51.138364825202665],[17.048194719965164,51.13836482454363],[17.048194719306128,51.138364823816495],[17.048194718721536,51.13836482302827],[17.04819471821702,51.13836482218653],[17.048194717797436,51.1383648212994],[17.048194717466828,51.13836482037541],[17.04819471722838,51.138364819423465],[17.048194717084385,51.138364818452736],[17.048194717036232,51.138364817472564],[17.048194717084385,51.13836481649239],[17.04819471722838,51.13836481552166],[17.048194717466828,51.13836481456972],[17.048194717797436,51.13836481364573],[17.04819471821702,51.138364812758596],[17.048194718721536,51.13836481191686],[17.048194719306128,51.13836481112863],[17.048194719965164,51.1383648104015],[17.0481947206923,51.13836480974246],[17.04819472148053,51.13836480915787],[17.048194722322265,51.13836480865335],[17.0481947232094,51.13836480823377],[17.048194724133385,51.13836480790316],[17.04819472508533,51.13836480766471],[17.04819472605606,51.138364807520716],[17.048194727036233,51.13836480747256],[17.048194728016405,51.138364807520716],[17.048194728987134,51.13836480766471],[17.04819472993908,51.13836480790316],[17.048194730863067,51.13836480823377],[17.0481947317502,51.13836480865335],[17.048194732591934,51.13836480915787],[17.048194733380164,51.13836480974246],[17.0481947341073,51.1383648104015],[17.048194734766337,51.13836481112863],[17.04819473535093,51.13836481191686],[17.048194735855446,51.138364812758596],[17.04819473627503,51.13836481364573],[17.048194736605637,51.13836481456972],[17.048194736844085,51.13836481552166],[17.04819473698808,51.13836481649239],[17.048194737036233,51.138364817472564],[17.04819473698808,51.138364818452736],[17.048194736844085,51.138364819423465],[17.048194736605637,51.13836482037541],[17.04819473627503,51.1383648212994],[17.048194735855446,51.13836482218653],[17.04819473535093,51.13836482302827],[17.048194734766337,51.138364823816495],[17.0481947341073,51.13836482454363]]],[[[17.04885099345374,51.14054040900528],[17.04882630505521,51.140409435919835],[17.048878905860892,51.14040254613662],[17.04883436339226,51.14026903832098],[17.048832671431708,51.140248456262356],[17.048829588499547,51.140211420837836],[17.04888660336536,51.14020390171701],[17.048876924069717,51.140174238092705],[17.048830693497482,51.14003318322218],[17.04899646954787,51.14001106837586],[17.049013176931908,51.14001791050218],[17.049080997790828,51.14004571854632],[17.049022236592453,51.13986978094391],[17.048967152446902,51.13992314502142],[17.048910270222763,51.139930485466685],[17.04874034996072,51.13995331262317],[17.048735384013245,51.139927247220065],[17.04817721759338,51.13987364946131],[17.048151058319746,51.139984548533505],[17.048124613826612,51.140096802712605],[17.048098592626815,51.140206534240036],[17.047616145936136,51.14016061593897],[17.047585231675157,51.1402920984],[17.048109973771577,51.140341723199974],[17.04807992980051,51.140469167529034],[17.04755476422653,51.14042060891795],[17.047520428393977,51.14055029253337],[17.048085176810474,51.14060175350005],[17.048069939336617,51.14066726284476],[17.048054701633554,51.14073278117467],[17.048315429951526,51.14075629841544],[17.048284820144918,51.14088625528241],[17.047461475557807,51.140811644686686],[17.04742799744821,51.14094267471025],[17.04815105153967,51.14100770445157],[17.048253923903726,51.14101692897926],[17.04844107998473,51.14103384211996],[17.048730098014683,51.141059791056826],[17.04876043201887,51.140929292458715],[17.048773941578986,51.140871329263014],[17.048790617241643,51.14079907131915],[17.04879463337497,51.14078235628353],[17.048820945353135,51.14066884234191],[17.048823404483347,51.14065835345234],[17.0488477039353,51.1405544510399],[17.04885099345374,51.14054040900528]],[[17.0475640721828,51.14086225567417],[17.047564071295668,51.140862256093754],[17.04756407037168,51.14086225642436],[17.047564069419735,51.140862256662814],[17.047564068449006,51.140862256806805],[17.047564067468834,51.14086225685496],[17.04756406648866,51.140862256806805],[17.047564065517932,51.140862256662814],[17.047564064565986,51.14086225642436],[17.047564063642,51.140862256093754],[17.047564062754866,51.14086225567417],[17.047564061913132,51.14086225516965],[17.047564061124902,51.14086225458506],[17.047564060397765,51.140862253926024],[17.04756405973873,51.14086225319889],[17.047564059154137,51.14086225241066],[17.04756405864962,51.140862251568926],[17.047564058230037,51.14086225068179],[17.04756405789943,51.1408622497578],[17.04756405766098,51.14086224880586],[17.047564057516986,51.14086224783513],[17.047564057468833,51.14086224685496],[17.047564057516986,51.140862245874786],[17.04756405766098,51.140862244904056],[17.04756405789943,51.140862243952114],[17.047564058230037,51.140862243028124],[17.04756405864962,51.14086224214099],[17.047564059154137,51.14086224129925],[17.04756405973873,51.14086224051103],[17.047564060397765,51.14086223978389],[17.047564061124902,51.14086223912486],[17.047564061913132,51.140862238540265],[17.047564062754866,51.140862238035744],[17.047564063642,51.14086223761616],[17.047564064565986,51.14086223728555],[17.047564065517932,51.1408622370471],[17.04756406648866,51.14086223690311],[17.047564067468834,51.14086223685496],[17.047564068449006,51.14086223690311],[17.047564069419735,51.1408622370471],[17.04756407037168,51.14086223728555],[17.047564071295668,51.14086223761616],[17.0475640721828,51.140862238035744],[17.047564073024535,51.140862238540265],[17.047564073812765,51.14086223912486],[17.047564074539903,51.14086223978389],[17.047564075198938,51.14086224051103],[17.04756407578353,51.14086224129925],[17.047564076288047,51.14086224214099],[17.04756407670763,51.140862243028124],[17.04756407703824,51.140862243952114],[17.047564077276686,51.140862244904056],[17.04756407742068,51.140862245874786],[17.047564077468834,51.14086224685496],[17.04756407742068,51.14086224783513],[17.047564077276686,51.14086224880586],[17.04756407703824,51.1408622497578],[17.04756407670763,51.14086225068179],[17.047564076288047,51.140862251568926],[17.04756407578353,51.14086225241066],[17.047564075198938,51.14086225319889],[17.047564074539903,51.140862253926024],[17.047564073812765,51.14086225458506],[17.047564073024535,51.14086225516965],[17.0475640721828,51.14086225567417]],[[17.04773182508073,51.14026225912937],[17.047731824238998,51.14026225963389],[17.047731823351864,51.140262260053476],[17.047731822427878,51.140262260384084],[17.04773182147593,51.140262260622535],[17.047731820505202,51.14026226076653],[17.04773181952503,51.14026226081468],[17.047731818544857,51.14026226076653],[17.047731817574128,51.140262260622535],[17.047731816622182,51.140262260384084],[17.047731815698196,51.140262260053476],[17.047731814811062,51.14026225963389],[17.047731813969328,51.14026225912937],[17.047731813181098,51.14026225854478],[17.04773181245396,51.140262257885745],[17.047731811794925,51.14026225715861],[17.047731811210333,51.140262256370384],[17.047731810705816,51.14026225552865],[17.047731810286233,51.14026225464151],[17.047731809955625,51.14026225371752],[17.047731809717177,51.14026225276558],[17.047731809573182,51.14026225179485],[17.04773180952503,51.14026225081468],[17.047731809573182,51.14026224983451],[17.047731809717177,51.14026224886378],[17.047731809955625,51.140262247911835],[17.047731810286233,51.140262246987845],[17.047731810705816,51.14026224610071],[17.047731811210333,51.140262245258974],[17.047731811794925,51.14026224447075],[17.04773181245396,51.140262243743614],[17.047731813181098,51.14026224308458],[17.047731813969328,51.140262242499986],[17.047731814811062,51.140262241995465],[17.047731815698196,51.14026224157588],[17.047731816622182,51.140262241245274],[17.047731817574128,51.14026224100682],[17.047731818544857,51.14026224086283],[17.04773181952503,51.14026224081468],[17.047731820505202,51.14026224086283],[17.04773182147593,51.14026224100682],[17.047731822427878,51.140262241245274],[17.047731823351864,51.14026224157588],[17.047731824238998,51.140262241995465],[17.04773182508073,51.140262242499986],[17.04773182586896,51.14026224308458],[17.0477318265961,51.140262243743614],[17.047731827255134,51.14026224447075],[17.047731827839726,51.140262245258974],[17.047731828344244,51.14026224610071],[17.047731828763826,51.140262246987845],[17.047731829094435,51.140262247911835],[17.047731829332882,51.14026224886378],[17.047731829476877,51.14026224983451],[17.04773182952503,51.14026225081468],[17.047731829476877,51.14026225179485],[17.047731829332882,51.14026225276558],[17.047731829094435,51.14026225371752],[17.047731828763826,51.14026225464151],[17.047731828344244,51.14026225552865],[17.047731827839726,51.140262256370384],[17.047731827255134,51.14026225715861],[17.0477318265961,51.140262257885745],[17.04773182586896,51.14026225854478],[17.04773182508073,51.14026225912937]],[[17.04763048522972,51.140499680970215],[17.047630484899113,51.140499681894205],[17.04763048447953,51.14049968278134],[17.047630483975013,51.14049968362308],[17.04763048339042,51.1404996844113],[17.047630482731385,51.14049968513844],[17.047630482004248,51.14049968579747],[17.047630481216018,51.140499686382064],[17.047630480374284,51.140499686886585],[17.04763047948715,51.14049968730617],[17.047630478563164,51.140499687636776],[17.047630477611218,51.14049968787523],[17.04763047664049,51.14049968801922],[17.047630475660316,51.14049968806737],[17.047630474680144,51.14049968801922],[17.047630473709415,51.14049968787523],[17.04763047275747,51.140499687636776],[17.047630471833482,51.14049968730617],[17.04763047094635,51.140499686886585],[17.047630470104615,51.140499686382064],[17.047630469316385,51.14049968579747],[17.047630468589247,51.14049968513844],[17.04763046793021,51.1404996844113],[17.04763046734562,51.14049968362308],[17.047630466841103,51.14049968278134],[17.04763046642152,51.140499681894205],[17.04763046609091,51.140499680970215],[17.047630465852464,51.14049968001827],[17.04763046570847,51.140499679047544],[17.047630465660315,51.14049967806737],[17.04763046570847,51.1404996770872],[17.047630465852464,51.14049967611647],[17.04763046609091,51.14049967516453],[17.04763046642152,51.14049967424054],[17.047630466841103,51.1404996733534],[17.04763046734562,51.140499672511666],[17.04763046793021,51.14049967172344],[17.047630468589247,51.140499670996306],[17.047630469316385,51.14049967033727],[17.047630470104615,51.14049966975268],[17.04763047094635,51.14049966924816],[17.047630471833482,51.140499668828575],[17.04763047275747,51.14049966849797],[17.047630473709415,51.140499668259515],[17.047630474680144,51.140499668115524],[17.047630475660316,51.14049966806737],[17.04763047664049,51.140499668115524],[17.047630477611218,51.140499668259515],[17.047630478563164,51.14049966849797],[17.04763047948715,51.140499668828575],[17.047630480374284,51.14049966924816],[17.047630481216018,51.14049966975268],[17.047630482004248,51.14049967033727],[17.047630482731385,51.140499670996306],[17.04763048339042,51.14049967172344],[17.047630483975013,51.140499672511666],[17.04763048447953,51.1404996733534],[17.047630484899113,51.14049967424054],[17.04763048522972,51.14049967516453],[17.04763048546817,51.14049967611647],[17.047630485612164,51.1404996770872],[17.047630485660317,51.14049967806737],[17.047630485612164,51.140499679047544],[17.04763048546817,51.14049968001827],[17.04763048522972,51.140499680970215]]],[[[17.054395153959913,51.141078178237],[17.05531784656286,51.14140903691083],[17.055477083911622,51.14147912968],[17.055590024135373,51.14155324432318],[17.05566040417814,51.1416142139766],[17.055729775869278,51.14168048831955],[17.05582068516656,51.14177751024243],[17.055895470637402,51.14185933530874],[17.055979024467728,51.141638810802924],[17.056061790579186,51.14172872792484],[17.056165210623107,51.141752594017866],[17.056333725832168,51.14171331168252],[17.056187542289194,51.14146830623088],[17.05613235267111,51.14137579799254],[17.056273277600543,51.141343233077684],[17.056414216255206,51.14131068608338],[17.056510115964,51.14147138536147],[17.056796056482888,51.14139485262722],[17.056789009501998,51.14138301937395],[17.05670597189983,51.141243280017],[17.056996620852757,51.14117754536287],[17.056924164065773,51.1410599430442],[17.056995600789588,51.140939347765396],[17.057090316152845,51.140961138172344],[17.057333593287645,51.141017342719536],[17.057379455916717,51.14102832912633],[17.05757487234281,51.14107344975116],[17.05762002692044,51.14107500023079],[17.057643178659628,51.141075636258535],[17.0576798204374,51.141138040877735],[17.05762093435682,51.141151850940155],[17.057656739362532,51.141212540792765],[17.057755426971756,51.14138039927321],[17.058005122914306,51.141322189112515],[17.058270829167505,51.14125948666495],[17.05830438450668,51.14127486842464],[17.058288835125182,51.14125527167604],[17.058238893719885,51.14119258935609],[17.058235607148166,51.14118836473226],[17.058576215941354,51.14110771909595],[17.058481359456852,51.1409586445265],[17.05849507799291,51.14095514113064],[17.05857969666194,51.14093378869982],[17.058661313892653,51.14091315818977],[17.058752067190802,51.14089019192801],[17.058759650906136,51.14088830221057],[17.058923300509022,51.14084487772162],[17.05902893199774,51.140816879901486],[17.059094533494683,51.140799563262426],[17.059265635729446,51.14075433739776],[17.059296479117926,51.14074706116107],[17.05943685946549,51.14070944487692],[17.05946271471138,51.14070291057934],[17.05955524211003,51.14067839376647],[17.059701644873076,51.140639746835845],[17.059885667105014,51.14059156746471],[17.060263733296622,51.14048719771062],[17.0604383936063,51.14044116268743],[17.060450102057814,51.14043811037556],[17.060652369257543,51.140386507485076],[17.06072481470378,51.14049522563388],[17.06073238671304,51.140507988798106],[17.060802549653456,51.140489772914215],[17.060856713319435,51.140478314574935],[17.06098935675312,51.14044863507776],[17.061250452246156,51.140391579295276],[17.061542591097236,51.14032648358903],[17.0613872560391,51.14007850756034],[17.061317781643474,51.139965579545],[17.061226636090513,51.13981992606861],[17.061141766020388,51.139679123358384],[17.061102891587414,51.13968997640995],[17.06107858883368,51.13969680221137],[17.060713556275786,51.1397965956678],[17.060641376084302,51.139816386460666],[17.060450859664368,51.13986789494828],[17.059920737501788,51.14001243145162],[17.05984243504535,51.13987279529804],[17.059891035429537,51.13985942284036],[17.059885330248296,51.13985115146395],[17.059836816138493,51.13978218854173],[17.05975963345382,51.139672577720866],[17.05975084626362,51.1396056961035],[17.059728156640876,51.13957953364035],[17.059596014136886,51.13942639350632],[17.05954421203638,51.13936668132173],[17.059825226050524,51.13927009065839],[17.059948525106485,51.13940767031197],[17.059953677278756,51.13940587783838],[17.060074881120944,51.13936449282092],[17.060355180515618,51.13927418788915],[17.060363178548137,51.13927158222604],[17.06043579211574,51.13924941283318],[17.06039712030787,51.13920031539548],[17.060325205608457,51.139109229953334],[17.060153257176154,51.139165516802954],[17.05996081453412,51.13914170282881],[17.059906815117746,51.13913529067496],[17.059861810457733,51.13912996663052],[17.059701222959276,51.13911093008139],[17.059344350051454,51.139067355217534],[17.059325349501165,51.139065008922906],[17.059417371986935,51.13880077948872],[17.05943082895896,51.1387812813156],[17.059454275784216,51.13876663697802],[17.059484423173714,51.13875838421505],[17.059518580316556,51.13875884767856],[17.059185994258847,51.13871779593818],[17.0591501312606,51.138713381193135],[17.059178967919895,51.13874008765405],[17.059124200351956,51.13891138509807],[17.058872466961805,51.13888286719417],[17.05856917721019,51.13884308325512],[17.05854556296387,51.13887507606877],[17.058517223759562,51.13891595755137],[17.058484882423873,51.13896250623855],[17.05845796989148,51.1389999831295],[17.05841690673834,51.13905731207373],[17.058140057833544,51.138994079169734],[17.057837082176725,51.1389248188399],[17.057842814334215,51.138916999084366],[17.057897927325474,51.13883216734873],[17.057947167809353,51.13874589488976],[17.057989857158507,51.13865782565281],[17.058017347838497,51.13860318331449],[17.05804080328722,51.13858953717818],[17.058095390943546,51.138585958456595],[17.057839516996832,51.13855528341909],[17.05788136536055,51.138566803648665],[17.05789078674343,51.13857570736767],[17.05789432732043,51.13860816151422],[17.057881434886852,51.13863710318064],[17.05783846797103,51.13872265304412],[17.057791209525245,51.13880631645176],[17.057752706132856,51.13886562552975],[17.057724001868447,51.138861933255704],[17.05739355104389,51.13882132512164],[17.05710139232022,51.138785861202805],[17.057072745237246,51.13884670584419],[17.057040944662177,51.138916442773684],[17.056924257619173,51.13887072451119],[17.0569172557509,51.1388777339057],[17.056696909994802,51.13877740346918],[17.05681263611174,51.13866689226926],[17.056815638624858,51.13865979668961],[17.05644876004046,51.138509416268484],[17.056612330572783,51.138405763792676],[17.056453479389145,51.13838725817531],[17.0563173209538,51.13837011309327],[17.056278903132277,51.13847841592009],[17.056254856265998,51.138515438984165],[17.056219953860296,51.13854733125435],[17.055932679508423,51.13873281522054],[17.0558242521735,51.13872008258764],[17.055655531579163,51.13870130742949],[17.055432090718156,51.13867369376889],[17.05511037238406,51.13863597244669],[17.05508297694221,51.13872287869751],[17.055005550006726,51.13871475574304],[17.054693389967582,51.138676409313845],[17.054342660799996,51.138632563170724],[17.054370636591827,51.13854529320549],[17.054213203753537,51.13852732640108],[17.05415205772016,51.13852037733953],[17.054054345419193,51.138506399252364],[17.05391448235267,51.138490156329816],[17.053761044743275,51.13847039633768],[17.053738193802392,51.138467694353615],[17.05356504116292,51.13844701945804],[17.053577960480307,51.1384036141443],[17.05348080841471,51.13839160884147],[17.053535324387777,51.1382147383548],[17.053589831161734,51.138037598075],[17.05333682499904,51.13800672961045],[17.052984958664744,51.137963598328554],[17.052658100699972,51.13792389584446],[17.052563717712932,51.13822415843312],[17.052296435056487,51.138191940482955],[17.05223417617708,51.13839011603736],[17.05217837407449,51.13856743397536],[17.05213751308603,51.13856219447306],[17.052117863476607,51.138623668199926],[17.05209520944668,51.13869438589242],[17.0520528745932,51.13882669390657],[17.052010713150118,51.1389588954331],[17.051948729945078,51.13915256924098],[17.051886769078344,51.13934652187115],[17.05184932096634,51.13946344319326],[17.05189181692291,51.13953051780383],[17.05204824645148,51.13977760753434],[17.052020352375308,51.13991296318522],[17.05195624069722,51.14022304453508],[17.05195120076839,51.14024794093968],[17.051926757518547,51.140371071654194],[17.051942608008154,51.140497909102635],[17.05194755867678,51.14053736879956],[17.05197712213681,51.1406644882015],[17.05201222823005,51.140812643324736],[17.05202729583515,51.14087655592846],[17.05213185665619,51.141023853589175],[17.05353827230435,51.141068505186226],[17.05381834508105,51.141180552796094],[17.054151812084992,51.141209203196084],[17.054192880548165,51.14104078186348],[17.054188198174437,51.14101327166743],[17.054157070465862,51.140997350996976],[17.054395153959913,51.141078178237]],[[17.06106208419769,51.14013675271258],[17.061062083245744,51.14013675247413],[17.061062082321758,51.14013675214352],[17.061062081434624,51.14013675172394],[17.06106208059289,51.140136751219416],[17.06106207980466,51.140136750634824],[17.061062079077523,51.14013674997579],[17.061062078418487,51.140136749248654],[17.061062077833896,51.14013674846043],[17.061062077329378,51.14013674761869],[17.061062076909796,51.14013674673156],[17.061062076579187,51.14013674580757],[17.06106207634074,51.140136744855624],[17.061062076196745,51.140136743884895],[17.06106207614859,51.14013674290472],[17.061062076196745,51.14013674192455],[17.06106207634074,51.14013674095382],[17.061062076579187,51.14013674000188],[17.061062076909796,51.14013673907789],[17.061062077329378,51.140136738190755],[17.061062077833896,51.14013673734902],[17.061062078418487,51.14013673656079],[17.061062079077523,51.14013673583366],[17.06106207980466,51.14013673517462],[17.06106208059289,51.14013673459003],[17.061062081434624,51.14013673408551],[17.061062082321758,51.140136733665926],[17.061062083245744,51.14013673333532],[17.06106208419769,51.14013673309687],[17.06106208516842,51.140136732952875],[17.061062086148592,51.14013673290472],[17.061062087128764,51.140136732952875],[17.061062088099494,51.14013673309687],[17.06106208905144,51.14013673333532],[17.061062089975426,51.140136733665926],[17.06106209086256,51.14013673408551],[17.061062091704294,51.14013673459003],[17.061062092492524,51.14013673517462],[17.06106209321966,51.14013673583366],[17.061062093878697,51.14013673656079],[17.06106209446329,51.14013673734902],[17.061062094967806,51.140136738190755],[17.06106209538739,51.14013673907789],[17.061062095717997,51.14013674000188],[17.061062095956444,51.14013674095382],[17.06106209610044,51.14013674192455],[17.061062096148593,51.14013674290472],[17.06106209610044,51.140136743884895],[17.061062095956444,51.140136744855624],[17.061062095717997,51.14013674580757],[17.06106209538739,51.14013674673156],[17.061062094967806,51.14013674761869],[17.06106209446329,51.14013674846043],[17.061062093878697,51.140136749248654],[17.06106209321966,51.14013674997579],[17.061062092492524,51.140136750634824],[17.061062091704294,51.140136751219416],[17.06106209086256,51.14013675172394],[17.061062089975426,51.14013675214352],[17.06106208905144,51.14013675247413],[17.061062088099494,51.14013675271258],[17.061062087128764,51.14013675285657],[17.061062086148592,51.14013675290472],[17.06106208516842,51.14013675285657],[17.06106208419769,51.14013675271258]]],[[[17.060192886874667,51.13434641741291],[17.059956464774885,51.13420115942545],[17.059895073494378,51.13428814416519],[17.059949675855655,51.13426317834582],[17.060132429097443,51.134373358957916],[17.060192886874667,51.13434641741291]]],[[[17.06147985948489,51.13669271971511],[17.061411079674972,51.136745907807416],[17.061379500082904,51.136757224027356],[17.061342348402995,51.13675864287235],[17.061350429181836,51.13681887538409],[17.06136249429569,51.13689331653323],[17.061372559116265,51.13696775061582],[17.061384617304807,51.1370418321195],[17.061400666824163,51.137135417210935],[17.061414428615517,51.13722837264313],[17.06143032533014,51.13732033836596],[17.061444372318086,51.1374105092924],[17.061457137289306,51.1374997799532],[17.060727403856088,51.13755728050574],[17.060732238442007,51.137579577678125],[17.061276500451903,51.13753602374805],[17.061400961197897,51.13752610026638],[17.0614985469825,51.13752236161452],[17.061755739752027,51.137511776802675],[17.061926060864327,51.13803106305711],[17.061866479633647,51.138040653534404],[17.060816548346992,51.138204800858475],[17.060850990413346,51.1383257183714],[17.060894315983372,51.13830812295955],[17.060944611012058,51.13829564465805],[17.062058564659715,51.13812001747458],[17.062481843481404,51.13804963339789],[17.063362970558565,51.13790779806259],[17.06357503884578,51.137874625466246],[17.064406990584157,51.13774687981903],[17.06460060511279,51.137717477219475],[17.06462272844153,51.13774912687861],[17.064923212106308,51.13816679696908],[17.065048775988604,51.13834141765031],[17.06518067495388,51.13846561202832],[17.065342053409655,51.138391694554755],[17.065524581772127,51.13830564803283],[17.065571179255144,51.13828373504289],[17.065583051930393,51.13827816643288],[17.06558604284596,51.138280779344164],[17.065636010186864,51.1383234028704],[17.065670565072804,51.13835299413119],[17.065653829696657,51.138360897165036],[17.06570579395145,51.138415034356385],[17.065816278804057,51.138515665910724],[17.065858586479727,51.138498150430664],[17.06600969341046,51.13841838764063],[17.066039424833395,51.138405185570406],[17.066041282577,51.13840447224559],[17.06622393172446,51.13831945940827],[17.066294861917985,51.13838052594732],[17.066509162801292,51.138233817787814],[17.066603773994284,51.13816930817202],[17.066772578916737,51.13805361024208],[17.06698168131982,51.13812707880646],[17.067044917159414,51.13815377007363],[17.067129077699185,51.13818943805513],[17.06713404235914,51.138218199536],[17.067158776357072,51.138201945792815],[17.067310178712873,51.13810239749931],[17.06733491258701,51.13808614371793],[17.067280333402174,51.138090077412556],[17.06745442896112,51.13800743962206],[17.067300643290007,51.13795794793084],[17.067246774099882,51.13794367427274],[17.067380274822472,51.137764496763786],[17.06698842045892,51.13764670852366],[17.06678903502885,51.13757687739128],[17.0666969015308,51.13755471988086],[17.066585918814873,51.13751422582792],[17.066379402184996,51.13743953661128],[17.066171729461313,51.1373626892731],[17.065963641074315,51.13728664731076],[17.06575668584622,51.13721042524488],[17.065484321984993,51.137109821677214],[17.06544689263409,51.13709667639674],[17.06544076137257,51.137094613723406],[17.06541705345273,51.13708552453086],[17.065194385821012,51.13700911297264],[17.065106257488726,51.136979057355546],[17.06493529830477,51.13692127164373],[17.064763909190876,51.1368628619572],[17.064670356393417,51.136829031931285],[17.064545395833967,51.136766947892966],[17.064284778696297,51.136641803859455],[17.06407101141992,51.13653528314097],[17.063877791169364,51.13644225812929],[17.063685726230045,51.136347255334094],[17.063467374123007,51.13624360044607],[17.0633188667222,51.136167491463695],[17.063097250573875,51.136050810715815],[17.062896477167058,51.13594429303298],[17.062732549494083,51.1358571193441],[17.06263702080465,51.13580602072158],[17.062579613312874,51.135776155470666],[17.062375283547077,51.135666857545225],[17.06227660836151,51.13561665034129],[17.062260753410115,51.13560720994532],[17.062181802419563,51.13556025324919],[17.061980899079916,51.13544484217704],[17.061941059880482,51.13542028656046],[17.06186838097939,51.135376211694876],[17.06161208088063,51.13522140347768],[17.061558960422914,51.135189468541284],[17.061495216089572,51.13522486164741],[17.06124719038577,51.13536038555938],[17.060951712739726,51.13552186759015],[17.060878082942878,51.13556273658322],[17.060799545922247,51.13551587217],[17.060687307746495,51.135601118488566],[17.060515506493243,51.135678982187414],[17.060612710621097,51.13576638719056],[17.060682902767805,51.135847075649394],[17.060839767446264,51.13602723828513],[17.060996959598892,51.1362138578926],[17.060965456933484,51.136214351091766],[17.061069478113936,51.136337013868406],[17.06109948143401,51.1363357714535],[17.06119779935025,51.13645222143197],[17.06078544455745,51.13648484218977],[17.06077806887584,51.13643144742245],[17.06071758571273,51.13643417097308],[17.06074365228466,51.13655512017646],[17.060586198306016,51.13656727705805],[17.060559904231884,51.136443476275296],[17.060489605448968,51.13645108314235],[17.060524561186853,51.13661840045115],[17.061287837471887,51.13655492263483],[17.061324945692313,51.136598622459495],[17.06134649766185,51.13660969088159],[17.061328061417722,51.136618316798156],[17.06139418592738,51.13665097647926],[17.06147985948489,51.13669271971511]],[[17.0659392781588,51.1381002664413],[17.065930280468727,51.13810711659806],[17.06571609846242,51.13795761618504],[17.06580808264454,51.13786045384684],[17.065861552124947,51.137866184823444],[17.065905465605955,51.137871030385234],[17.066005647991357,51.13788450588214],[17.06607520933076,51.137892972265426],[17.066218207358332,51.137916138697626],[17.065956656701815,51.138088808607975],[17.0659392781588,51.1381002664413]],[[17.065723629409185,51.13828820723908],[17.065667661817898,51.13824197591907],[17.065663091462447,51.13824044712711],[17.06579917657439,51.13817641332231],[17.065884661859116,51.13813293905066],[17.06588622270129,51.138134192086916],[17.065943192257052,51.138181051590045],[17.065969310135475,51.13820245773941],[17.06587511470608,51.138248442528216],[17.065749618660377,51.13830961240974],[17.065723629409185,51.13828820723908]]],[[[17.059449377228628,51.138035146714],[17.059459346590607,51.13806139572616],[17.059465462403782,51.13808952853992],[17.05946987029334,51.13811029409404],[17.059505403823934,51.13827507224695],[17.059541787924225,51.13844371377811],[17.059698687832373,51.13843102344458],[17.05966229435992,51.13826211219897],[17.05962675877465,51.138096704803736],[17.05961653265187,51.13804932809194],[17.059607565629655,51.13802226909595],[17.059601157668848,51.13800429223168],[17.05959145418875,51.1379867563291],[17.05957805607714,51.137966799473034],[17.059560641903392,51.137944769673375],[17.059529395041267,51.13791221863485],[17.059393166610803,51.13796392821084],[17.05941101159552,51.13798092730284],[17.059431555660275,51.13800574211546],[17.059449377228628,51.138035146714]]],[[[17.048220505343995,51.138621141414326],[17.04822050439205,51.13862114165278],[17.048220503468063,51.138621141983386],[17.04822050258093,51.13862114240297],[17.048220501739195,51.13862114290749],[17.048220500950965,51.13862114349208],[17.048220500223827,51.13862114415112],[17.048220499564792,51.13862114487825],[17.0482204989802,51.13862114566648],[17.048220498475683,51.138621146508214],[17.0482204980561,51.13862114739535],[17.04822049772549,51.13862114831934],[17.048220497487044,51.13862114927128],[17.04822049734305,51.13862115024201],[17.048220497294896,51.13862115122218],[17.04822049734305,51.138621152202354],[17.048220497487044,51.138621153173084],[17.04822049772549,51.138621154125026],[17.0482204980561,51.138621155049016],[17.048220498475683,51.13862115593615],[17.0482204989802,51.13862115677789],[17.048220499564792,51.138621157566114],[17.048220500223827,51.13862115829325],[17.048220500950965,51.13862115895228],[17.048220501739195,51.138621159536875],[17.04822050258093,51.138621160041396],[17.048220503468063,51.13862116046098],[17.04822050439205,51.13862116079159],[17.048220505343995,51.13862116103004],[17.048220506314724,51.13862116117403],[17.048220507294896,51.13862116122218],[17.04822050827507,51.13862116117403],[17.048220509245798,51.13862116103004],[17.048220510197744,51.13862116079159],[17.04822051112173,51.13862116046098],[17.048220512008864,51.138621160041396],[17.048220512850598,51.138621159536875],[17.048220513638828,51.13862115895228],[17.048220514365966,51.13862115829325],[17.048220515025,51.138621157566114],[17.048220515609593,51.13862115677789],[17.04822051611411,51.13862115593615],[17.048220516533693,51.138621155049016],[17.0482205168643,51.138621154125026],[17.04822051710275,51.138621153173084],[17.048220517246744,51.138621152202354],[17.048220517294897,51.13862115122218],[17.048220517246744,51.13862115024201],[17.04822051710275,51.13862114927128],[17.0482205168643,51.13862114831934],[17.048220516533693,51.13862114739535],[17.04822051611411,51.138621146508214],[17.048220515609593,51.13862114566648],[17.048220515025,51.13862114487825],[17.048220514365966,51.13862114415112],[17.048220513638828,51.13862114349208],[17.048220512850598,51.13862114290749],[17.048220512008864,51.13862114240297],[17.04822051112173,51.138621141983386],[17.048220510197744,51.13862114165278],[17.048220509245798,51.138621141414326],[17.04822050827507,51.138621141270335],[17.048220507294896,51.13862114122218],[17.048220506314724,51.138621141270335],[17.048220505343995,51.138621141414326]]],[[[17.062362854219824,51.13813357666471],[17.062362853249095,51.1381335768087],[17.06236285229715,51.13813357704715],[17.062362851373162,51.13813357737776],[17.06236285048603,51.13813357779734],[17.062362849644295,51.13813357830186],[17.062362848856065,51.13813357888645],[17.062362848128927,51.13813357954549],[17.062362847469892,51.13813358027262],[17.0623628468853,51.13813358106085],[17.062362846380783,51.138133581902586],[17.0623628459612,51.13813358278972],[17.06236284563059,51.13813358371371],[17.062362845392144,51.13813358466565],[17.06236284524815,51.13813358563638],[17.062362845199996,51.138133586616554],[17.06236284524815,51.13813358759673],[17.062362845392144,51.138133588567456],[17.06236284563059,51.1381335895194],[17.0623628459612,51.13813359044339],[17.062362846380783,51.13813359133052],[17.0623628468853,51.13813359217226],[17.062362847469892,51.138133592960486],[17.062362848128927,51.13813359368762],[17.062362848856065,51.138133594346655],[17.062362849644295,51.13813359493125],[17.06236285048603,51.13813359543577],[17.062362851373162,51.13813359585535],[17.06236285229715,51.13813359618596],[17.062362853249095,51.13813359642441],[17.062362854219824,51.1381335965684],[17.062362855199996,51.138133596616555],[17.06236285618017,51.1381335965684],[17.062362857150898,51.13813359642441],[17.062362858102844,51.13813359618596],[17.06236285902683,51.13813359585535],[17.062362859913964,51.13813359543577],[17.062362860755698,51.13813359493125],[17.062362861543928,51.138133594346655],[17.062362862271065,51.13813359368762],[17.0623628629301,51.138133592960486],[17.062362863514693,51.13813359217226],[17.06236286401921,51.13813359133052],[17.062362864438793,51.13813359044339],[17.0623628647694,51.1381335895194],[17.06236286500785,51.138133588567456],[17.062362865151844,51.13813358759673],[17.062362865199997,51.138133586616554],[17.062362865151844,51.13813358563638],[17.06236286500785,51.13813358466565],[17.0623628647694,51.13813358371371],[17.062362864438793,51.13813358278972],[17.06236286401921,51.138133581902586],[17.062362863514693,51.13813358106085],[17.0623628629301,51.13813358027262],[17.062362862271065,51.13813357954549],[17.062362861543928,51.13813357888645],[17.062362860755698,51.13813357830186],[17.062362859913964,51.13813357779734],[17.06236285902683,51.13813357737776],[17.062362858102844,51.13813357704715],[17.062362857150898,51.1381335768087],[17.06236285618017,51.13813357666471],[17.062362855199996,51.13813357661655],[17.062362854219824,51.13813357666471]]],[[[17.058071229955655,51.13882104865569],[17.058071228975482,51.138821048703846],[17.058071228004753,51.13882104884784],[17.058071227052807,51.13882104908629],[17.05807122612882,51.1388210494169],[17.058071225241687,51.13882104983648],[17.058071224399953,51.138821050341],[17.058071223611723,51.13882105092559],[17.058071222884585,51.13882105158463],[17.05807122222555,51.13882105231176],[17.058071221640958,51.13882105309999],[17.05807122113644,51.138821053941726],[17.058071220716858,51.13882105482886],[17.05807122038625,51.13882105575285],[17.058071220147802,51.13882105670479],[17.058071220003807,51.13882105767552],[17.058071219955654,51.138821058655694],[17.058071220003807,51.138821059635866],[17.058071220147802,51.138821060606595],[17.05807122038625,51.13882106155854],[17.058071220716858,51.13882106248253],[17.05807122113644,51.13882106336966],[17.058071221640958,51.1388210642114],[17.05807122222555,51.138821064999625],[17.058071222884585,51.13882106572676],[17.058071223611723,51.138821066385795],[17.058071224399953,51.13882106697039],[17.058071225241687,51.13882106747491],[17.05807122612882,51.13882106789449],[17.058071227052807,51.1388210682251],[17.058071228004753,51.13882106846355],[17.058071228975482,51.13882106860754],[17.058071229955655,51.138821068655695],[17.058071230935827,51.13882106860754],[17.058071231906556,51.13882106846355],[17.058071232858502,51.1388210682251],[17.05807123378249,51.13882106789449],[17.058071234669622,51.13882106747491],[17.058071235511356,51.13882106697039],[17.058071236299586,51.138821066385795],[17.058071237026724,51.13882106572676],[17.05807123768576,51.138821064999625],[17.05807123827035,51.1388210642114],[17.05807123877487,51.13882106336966],[17.05807123919445,51.13882106248253],[17.05807123952506,51.13882106155854],[17.058071239763507,51.138821060606595],[17.058071239907502,51.138821059635866],[17.058071239955655,51.138821058655694],[17.058071239907502,51.13882105767552],[17.058071239763507,51.13882105670479],[17.05807123952506,51.13882105575285],[17.05807123919445,51.13882105482886],[17.05807123877487,51.138821053941726],[17.05807123827035,51.13882105309999],[17.05807123768576,51.13882105231176],[17.058071237026724,51.13882105158463],[17.058071236299586,51.13882105092559],[17.058071235511356,51.138821050341],[17.058071234669622,51.13882104983648],[17.05807123378249,51.1388210494169],[17.058071232858502,51.13882104908629],[17.058071231906556,51.13882104884784],[17.058071230935827,51.138821048703846],[17.058071229955655,51.13882104865569]]],[[[17.048251842772892,51.140768335600434],[17.04825184235331,51.1407683347133],[17.048251841848792,51.14076833387156],[17.0482518412642,51.14076833308334],[17.048251840605165,51.1407683323562],[17.048251839878027,51.14076833169717],[17.048251839089797,51.140768331112575],[17.048251838248063,51.140768330608054],[17.04825183736093,51.14076833018847],[17.048251836436943,51.14076832985786],[17.048251835484997,51.14076832961941],[17.048251834514268,51.14076832947542],[17.048251833534096,51.14076832942727],[17.048251832553923,51.14076832947542],[17.048251831583194,51.14076832961941],[17.048251830631248,51.14076832985786],[17.04825182970726,51.14076833018847],[17.048251828820128,51.140768330608054],[17.048251827978394,51.140768331112575],[17.048251827190164,51.14076833169717],[17.048251826463027,51.1407683323562],[17.04825182580399,51.14076833308334],[17.0482518252194,51.14076833387156],[17.04825182471488,51.1407683347133],[17.0482518242953,51.140768335600434],[17.04825182396469,51.140768336524424],[17.048251823726243,51.140768337476366],[17.048251823582248,51.140768338447096],[17.048251823534095,51.14076833942727],[17.048251823582248,51.14076834040744],[17.048251823726243,51.14076834137817],[17.04825182396469,51.14076834233011],[17.0482518242953,51.1407683432541],[17.04825182471488,51.140768344141236],[17.0482518252194,51.14076834498297],[17.04825182580399,51.1407683457712],[17.048251826463027,51.140768346498334],[17.048251827190164,51.14076834715737],[17.048251827978394,51.14076834774196],[17.048251828820128,51.14076834824648],[17.04825182970726,51.140768348666064],[17.048251830631248,51.14076834899667],[17.048251831583194,51.140768349235124],[17.048251832553923,51.140768349379115],[17.048251833534096,51.14076834942727],[17.048251834514268,51.140768349379115],[17.048251835484997,51.140768349235124],[17.048251836436943,51.14076834899667],[17.04825183736093,51.140768348666064],[17.048251838248063,51.14076834824648],[17.048251839089797,51.14076834774196],[17.048251839878027,51.14076834715737],[17.048251840605165,51.140768346498334],[17.0482518412642,51.1407683457712],[17.048251841848792,51.14076834498297],[17.04825184235331,51.140768344141236],[17.048251842772892,51.1407683432541],[17.0482518431035,51.14076834233011],[17.048251843341948,51.14076834137817],[17.048251843485943,51.14076834040744],[17.048251843534096,51.14076833942727],[17.048251843485943,51.140768338447096],[17.048251843341948,51.140768337476366],[17.0482518431035,51.140768336524424],[17.048251842772892,51.140768335600434]]]]}},{"type":"Feature","properties":{"name":"Karłowice–Różanka — okręg 2","district":2,"precinct":85,"seats":3,"election_year":2021,"polling_station":"Szkoła Podstawowa nr 83, ul. Stanisława Przybyszewskiego 59","reconstruction":true,"method":"official 2021 address rules + current SIP EMUiA address points + current cadastral parcels","crs":"EPSG:4326"},"geometry":{"type":"MultiPolygon","coordinates":[[[[17.045464926767124,51.13750477929544],[17.04540910413797,51.13768119496785],[17.045366187651965,51.137822116958766],[17.04547661038136,51.13783278100284],[17.046200913344663,51.13790267859419],[17.04627842567406,51.137651303974025],[17.04647586024703,51.13767146848469],[17.046844147181783,51.13770924255441],[17.046887845182177,51.137532223982355],[17.046932539748916,51.13753580651162],[17.046996122374225,51.137543669186186],[17.047080115375067,51.13755405341867],[17.04716425146838,51.13756442976688],[17.04724811577904,51.137574821819626],[17.047203041201175,51.13771951153072],[17.047231474611145,51.13772240410739],[17.047372756251008,51.13773614949272],[17.047484900771586,51.13774717626077],[17.047526535138967,51.13760921863998],[17.04763195131933,51.137622222130936],[17.04766495993639,51.13762637445115],[17.047758090452234,51.137637839442284],[17.04780324247407,51.13764280976828],[17.048095536779325,51.137670297284544],[17.048167083105408,51.1373756776271],[17.04831893898659,51.13739562988098],[17.04870964222777,51.13744257912235],[17.04874978427785,51.13744727460097],[17.04868678660126,51.13765011693772],[17.048663779656774,51.13772386961969],[17.049028524183704,51.13776863788966],[17.049114798904924,51.137492008848184],[17.049170901550184,51.13749882066156],[17.049005882297166,51.138027733099534],[17.04899856962976,51.13805120852459],[17.04898091672646,51.13810780761077],[17.048997773393314,51.13810943696386],[17.049322628880738,51.13814080000569],[17.049364913667358,51.13814486543418],[17.049449640421436,51.138152997522745],[17.0494779207785,51.13815570851495],[17.04974306736776,51.13818120029415],[17.049863504589045,51.1381927686061],[17.049860204278424,51.138197614180534],[17.04978919977297,51.13830202735017],[17.04972249283117,51.13840033546879],[17.049771291370277,51.13844350468515],[17.04981938837165,51.138486047895604],[17.05032824508718,51.13854779561832],[17.050331216300197,51.13857152543241],[17.05024367335792,51.13874864764706],[17.050214765875243,51.13878692451743],[17.05015347541038,51.138780062088124],[17.050134460006785,51.138900323908324],[17.050299315780755,51.13891865313918],[17.05031727814397,51.13900152168428],[17.05033823004255,51.139098177642026],[17.050351806036126,51.139093963861065],[17.05037722544009,51.139105209541775],[17.050381069837023,51.139123993149624],[17.049983715015216,51.14038964491738],[17.04992469724894,51.140389614984166],[17.049881545010138,51.140389417253374],[17.049668260765497,51.140363142650386],[17.04969073682035,51.14042867996542],[17.04969558773399,51.140442976950524],[17.049744245469245,51.140589157297015],[17.049797321732875,51.14074774326154],[17.049828208265986,51.14084006608431],[17.049860371086982,51.140936354706994],[17.049963391820565,51.1412488533953],[17.05012460997016,51.141217836135255],[17.05018908745825,51.141306314409796],[17.050309148223466,51.14127464800476],[17.050363773139132,51.1413544071338],[17.050488902037813,51.14132089387187],[17.050597387276053,51.14129201886761],[17.050673519613362,51.141272859656475],[17.051168266348622,51.141154480560544],[17.05142742646857,51.14109224394908],[17.051516768041992,51.14107071917374],[17.05183843984356,51.140947472502354],[17.05202729583515,51.14087655592846],[17.05201222823005,51.140812643324736],[17.05197712213681,51.1406644882015],[17.05194755867678,51.14053736879956],[17.051942608008154,51.140497909102635],[17.051926757518547,51.140371071654194],[17.05195120076839,51.14024794093968],[17.05195624069722,51.14022304453508],[17.052020352375308,51.13991296318522],[17.05204824645148,51.13977760753434],[17.05189181692291,51.13953051780383],[17.05184932096634,51.13946344319326],[17.051886769078344,51.13934652187115],[17.051948729945078,51.13915256924098],[17.052010713150118,51.1389588954331],[17.0520528745932,51.13882669390657],[17.05209520944668,51.13869438589242],[17.052117863476607,51.138623668199926],[17.05213751308603,51.13856219447306],[17.05217837407449,51.13856743397536],[17.05223417617708,51.13839011603736],[17.052296435056487,51.138191940482955],[17.052563717712932,51.13822415843312],[17.052658100699972,51.13792389584446],[17.052984958664744,51.137963598328554],[17.05333682499904,51.13800672961045],[17.053589831161734,51.138037598075],[17.053535324387777,51.1382147383548],[17.05348080841471,51.13839160884147],[17.053577960480307,51.1384036141443],[17.05356504116292,51.13844701945804],[17.053738193802392,51.138467694353615],[17.053761044743275,51.13847039633768],[17.05391448235267,51.138490156329816],[17.054054345419193,51.138506399252364],[17.05415205772016,51.13852037733953],[17.054213203753537,51.13852732640108],[17.054370636591827,51.13854529320549],[17.054342660799996,51.138632563170724],[17.054693389967582,51.138676409313845],[17.055005550006726,51.13871475574304],[17.05508297694221,51.13872287869751],[17.05511037238406,51.13863597244669],[17.055432090718156,51.13867369376889],[17.055655531579163,51.13870130742949],[17.0558242521735,51.13872008258764],[17.055932679508423,51.13873281522054],[17.056219953860296,51.13854733125435],[17.056254856265998,51.138515438984165],[17.056278903132277,51.13847841592009],[17.0563173209538,51.13837011309327],[17.056453479389145,51.13838725817531],[17.056612330572783,51.138405763792676],[17.05644876004046,51.138509416268484],[17.056815638624858,51.13865979668961],[17.05681263611174,51.13866689226926],[17.056696909994802,51.13877740346918],[17.0569172557509,51.1388777339057],[17.056924257619173,51.13887072451119],[17.057040944662177,51.138916442773684],[17.057072745237246,51.13884670584419],[17.05710139232022,51.138785861202805],[17.05739355104389,51.13882132512164],[17.057724001868447,51.138861933255704],[17.057752706132856,51.13886562552975],[17.057791209525245,51.13880631645176],[17.05783846797103,51.13872265304412],[17.057881434886852,51.13863710318064],[17.05789432732043,51.13860816151422],[17.05789078674343,51.13857570736767],[17.05788136536055,51.138566803648665],[17.057839516996832,51.13855528341909],[17.058095390943546,51.138585958456595],[17.05804080328722,51.13858953717818],[17.058017347838497,51.13860318331449],[17.057989857158507,51.13865782565281],[17.057947167809353,51.13874589488976],[17.057897927325474,51.13883216734873],[17.057842814334215,51.138916999084366],[17.057837082176725,51.1389248188399],[17.058140057833544,51.138994079169734],[17.05841690673834,51.13905731207373],[17.05845796989148,51.1389999831295],[17.058484882423873,51.13896250623855],[17.058517223759562,51.13891595755137],[17.05854556296387,51.13887507606877],[17.05856917721019,51.13884308325512],[17.058872466961805,51.13888286719417],[17.059124200351956,51.13891138509807],[17.059178967919895,51.13874008765405],[17.0591501312606,51.138713381193135],[17.059185994258847,51.13871779593818],[17.059518580316556,51.13875884767856],[17.059484423173714,51.13875838421505],[17.059454275784216,51.13876663697802],[17.05943082895896,51.1387812813156],[17.059417371986935,51.13880077948872],[17.059325349501165,51.139065008922906],[17.059344350051454,51.139067355217534],[17.059701222959276,51.13911093008139],[17.059861810457733,51.13912996663052],[17.059906815117746,51.13913529067496],[17.05996081453412,51.13914170282881],[17.060153257176154,51.139165516802954],[17.060325205608457,51.139109229953334],[17.06039712030787,51.13920031539548],[17.06043579211574,51.13924941283318],[17.060363178548137,51.13927158222604],[17.060355180515618,51.13927418788915],[17.060074881120944,51.13936449282092],[17.059953677278756,51.13940587783838],[17.059948525106485,51.13940767031197],[17.059825226050524,51.13927009065839],[17.05954421203638,51.13936668132173],[17.059596014136886,51.13942639350632],[17.059728156640876,51.13957953364035],[17.05975084626362,51.1396056961035],[17.05975963345382,51.139672577720866],[17.059836816138493,51.13978218854173],[17.059885330248296,51.13985115146395],[17.059891035429537,51.13985942284036],[17.05984243504535,51.13987279529804],[17.059920737501788,51.14001243145162],[17.060450859664368,51.13986789494828],[17.060641376084302,51.139816386460666],[17.060713556275786,51.1397965956678],[17.06107858883368,51.13969680221137],[17.061102891587414,51.13968997640995],[17.061141766020388,51.139679123358384],[17.061226636090513,51.13981992606861],[17.061317781643474,51.139965579545],[17.0613872560391,51.14007850756034],[17.061542591097236,51.14032648358903],[17.061250452246156,51.140391579295276],[17.06098935675312,51.14044863507776],[17.060856713319435,51.140478314574935],[17.060802549653456,51.140489772914215],[17.06073238671304,51.140507988798106],[17.06072481470378,51.14049522563388],[17.060652369257543,51.140386507485076],[17.060450102057814,51.14043811037556],[17.0604383936063,51.14044116268743],[17.060263733296622,51.14048719771062],[17.059885667105014,51.14059156746471],[17.059701644873076,51.140639746835845],[17.05955524211003,51.14067839376647],[17.05946271471138,51.14070291057934],[17.05943685946549,51.14070944487692],[17.059296479117926,51.14074706116107],[17.059265635729446,51.14075433739776],[17.059094533494683,51.140799563262426],[17.05902893199774,51.140816879901486],[17.058923300509022,51.14084487772162],[17.058759650906136,51.14088830221057],[17.058752067190802,51.14089019192801],[17.058661313892653,51.14091315818977],[17.05857969666194,51.14093378869982],[17.05849507799291,51.14095514113064],[17.058481359456852,51.1409586445265],[17.058576215941354,51.14110771909595],[17.058235607148166,51.14118836473226],[17.058238893719885,51.14119258935609],[17.058288835125182,51.14125527167604],[17.05830438450668,51.14127486842464],[17.058270829167505,51.14125948666495],[17.058005122914306,51.141322189112515],[17.057755426971756,51.14138039927321],[17.057656739362532,51.141212540792765],[17.05762093435682,51.141151850940155],[17.0576798204374,51.141138040877735],[17.057643178659628,51.141075636258535],[17.05762002692044,51.14107500023079],[17.05757487234281,51.14107344975116],[17.057379455916717,51.14102832912633],[17.057333593287645,51.141017342719536],[17.057090316152845,51.140961138172344],[17.056995600789588,51.140939347765396],[17.056924164065773,51.1410599430442],[17.056996620852757,51.14117754536287],[17.05670597189983,51.141243280017],[17.056789009501998,51.14138301937395],[17.056796056482888,51.14139485262722],[17.056510115964,51.14147138536147],[17.056414216255206,51.14131068608338],[17.056273277600543,51.141343233077684],[17.05613235267111,51.14137579799254],[17.056187542289194,51.14146830623088],[17.056333725832168,51.14171331168252],[17.056165210623107,51.141752594017866],[17.056061790579186,51.14172872792484],[17.055979024467728,51.141638810802924],[17.055895470637402,51.14185933530874],[17.055896420138055,51.14189475314375],[17.055868380332093,51.14192215194074],[17.055228058407636,51.14206223566617],[17.05500692554225,51.14210977526469],[17.05485540197051,51.14214403295667],[17.054730468131623,51.14217713893691],[17.05460551335442,51.14221545860287],[17.054480417021022,51.14226349478641],[17.054349035702614,51.142315570302955],[17.054233229201103,51.14236423869295],[17.054091246312506,51.142433659092],[17.053940687175952,51.142515029087534],[17.05381698007383,51.14248036217195],[17.05365765017002,51.14237072100348],[17.05360426505113,51.14233762069502],[17.053498992192257,51.1421940223722],[17.053369501713984,51.14222138160676],[17.05331604682695,51.14223223092772],[17.053326504212176,51.1423239199571],[17.053347825071,51.14252168471134],[17.05357772386532,51.14264106679947],[17.05345787805237,51.1427215520124],[17.05343890200286,51.14280738428952],[17.053401823140522,51.14285599679491],[17.05314673783913,51.143190899410854],[17.05312469325427,51.143219919272504],[17.053029565349,51.14319650419523],[17.053014233890462,51.14322220727783],[17.05251994062815,51.143123534154945],[17.052552716566876,51.14305968559887],[17.05251274704809,51.14305189141874],[17.05250432002344,51.143050267942726],[17.052461256032213,51.14314335732384],[17.052441700249286,51.14318551309806],[17.052429664181357,51.14321148552361],[17.052319487678606,51.143209729828975],[17.052195167067197,51.14320777850224],[17.052119719139743,51.14320665464665],[17.051905665103106,51.14320331049654],[17.051908128322648,51.14318003832072],[17.05183625449506,51.143176758773684],[17.051760941902064,51.143173217571814],[17.051763629174744,51.14320108924779],[17.051733613309143,51.14320062114687],[17.051198757169313,51.143192256037686],[17.051051887132605,51.14349618167494],[17.050986961912262,51.14363071514749],[17.05128569551667,51.1436799477765],[17.051338429224067,51.143571924572385],[17.05223002707387,51.14364231426844],[17.052705396079382,51.14368201614674],[17.052732346846,51.14372751521539],[17.05242194963938,51.14416476468493],[17.05210411322608,51.14461674995885],[17.051909723063517,51.14548858900443],[17.051876149207782,51.14559194931208],[17.051611175828167,51.146238573676946],[17.05151525754006,51.14647169705285],[17.0514294795835,51.14670023696672],[17.051363788016026,51.146874768222126],[17.051333950087667,51.14695403948201],[17.051453485495443,51.14784040649124],[17.05170577081672,51.14822283035071],[17.052106889432384,51.14857459168992],[17.052476992518592,51.14892246854989],[17.052875008207565,51.14935098242944],[17.053230442883663,51.14978693524741],[17.053678214727796,51.15057805892296],[17.0537564889294,51.150648894615436],[17.053813668482505,51.150625916985746],[17.053949625984277,51.150571282885885],[17.0542782264355,51.15042456872005],[17.054280771421624,51.15042334153822],[17.054305604899593,51.15041136588566],[17.054392319191493,51.15036954695738],[17.05447976232648,51.15032737606988],[17.054604656661095,51.15026714473346],[17.05494663298065,51.15010222225028],[17.054978169898387,51.150087013113385],[17.05529943764359,51.14993207516063],[17.055716588689258,51.14973089204423],[17.056098120623837,51.14954688413848],[17.05659558758553,51.149306959791126],[17.056774003637507,51.14922090903103],[17.056861762859764,51.14917858339522],[17.057097107009618,51.149065075699525],[17.05721482920026,51.149008296008546],[17.05742396411949,51.148907428855445],[17.057701487571467,51.1487735747316],[17.05774342277034,51.14875334791143],[17.057921047867946,51.14866767558724],[17.05833460798592,51.1484682045102],[17.058456524610754,51.14840940051599],[17.05887632725693,51.14820691321749],[17.0590754189188,51.1481108832248],[17.05931416445189,51.147995724573185],[17.059636104699194,51.1478404367399],[17.059742104647256,51.147789306430965],[17.059870559147857,51.14772734512763],[17.06010365998274,51.147614906502014],[17.060169498323486,51.147583148427756],[17.060486412831327,51.147430278334916],[17.060716758197294,51.147319165698605],[17.06101741691949,51.14717413472188],[17.061234290425705,51.14706951848845],[17.06145004002691,51.14696544389891],[17.061787715613455,51.146802551639745],[17.06179930266662,51.14679696224507],[17.0619318853548,51.146733004636914],[17.062012636503923,51.1466940502763],[17.06219898512583,51.146604155176696],[17.062295631050603,51.146557533163566],[17.062538437928726,51.14644040121328],[17.06271999707373,51.14635281498625],[17.062884843596365,51.146273290413056],[17.06302190037815,51.14620717215341],[17.063191661708622,51.14612527550455],[17.06320123214964,51.14612065867751],[17.06335411364045,51.146046905136366],[17.063440683142662,51.14600514218116],[17.063517768723344,51.14596795355823],[17.063704511294794,51.145877863245566],[17.06402466136871,51.14572341203164],[17.064088540165383,51.1456925943686],[17.06408854019815,51.14569259435279],[17.06418754637123,51.145644829121984],[17.06421134857269,51.14563334653832],[17.064621334404393,51.14543569722106],[17.064795154421486,51.145351899737705],[17.064885008376002,51.14530858160225],[17.065152179740334,51.145181523909606],[17.06529925858834,51.14511157710081],[17.0653357017493,51.14509553688762],[17.06558474122611,51.14498591791293],[17.065726606563622,51.1449274437257],[17.06584152503418,51.14488007567597],[17.06587200759542,51.14486767882792],[17.06621900680906,51.14472655551525],[17.066383636450066,51.144659600774766],[17.066712898649296,51.14452568792664],[17.06692279164624,51.14444032327038],[17.066959386170304,51.14442543982575],[17.06726876378523,51.144300274603374],[17.06740689551918,51.14424438998217],[17.067867485945257,51.14405804351627],[17.068087206685522,51.143969148462766],[17.068478472160812,51.143810845891764],[17.068480642091114,51.14380996780776],[17.06864722625743,51.1437425696816],[17.06873753150501,51.143706032161894],[17.06885837965561,51.14365713698286],[17.069027551252933,51.14358737396829],[17.069042774692864,51.14358109632982],[17.06914515238855,51.14353887785683],[17.06919384603992,51.143519646438584],[17.06936515363377,51.14345199092292],[17.069401859077445,51.14343691432153],[17.069478301773913,51.143405515870654],[17.069494575565447,51.1433988078365],[17.069638575317676,51.14333944963111],[17.069761985778474,51.14328712098811],[17.069779384774947,51.143279744046204],[17.069837759561526,51.143254991519775],[17.06987430591787,51.14323949548768],[17.06989475342979,51.14323082489359],[17.06998765629252,51.14318838110777],[17.070057471442922,51.14315648459207],[17.07012356669218,51.1431262880633],[17.07018439840804,51.14309673556033],[17.07025644210929,51.14306173724339],[17.070301828737513,51.14303968779732],[17.070450995218607,51.14296183755265],[17.070487800056355,51.142942628870586],[17.07056327848304,51.142903235665834],[17.070660211573365,51.14284968792594],[17.07071411169311,51.14281991196326],[17.07082743638842,51.14275730872528],[17.070899583751405,51.142717451944115],[17.07094211918691,51.142693954744665],[17.070986596831215,51.142669383414635],[17.070994559379898,51.14266498511177],[17.07103121984282,51.142645470363945],[17.071062797032962,51.142628660661984],[17.071117654017257,51.142599459358976],[17.071122399256577,51.14259693320502],[17.071287177278798,51.142504970811295],[17.071321989395482,51.14248554197917],[17.071461559846302,51.14240764751306],[17.07147852720235,51.14239817770315],[17.071715770112604,51.14226819842346],[17.071792897207647,51.14222594262989],[17.071880382985135,51.142178011133474],[17.07206835451841,51.142073508676646],[17.072097324486272,51.14205740347284],[17.07212632479998,51.14204128052339],[17.072229018712218,51.1419841876314],[17.072978404023974,51.14159478499339],[17.07361944834054,51.14127827485046],[17.07516131335046,51.140659727611414],[17.075207438373855,51.14064432813496],[17.075210107061658,51.140643437183805],[17.076536303874995,51.14020066878905],[17.076475156377022,51.14018564074256],[17.07484724092133,51.13974616292141],[17.074852587404166,51.139682432796654],[17.07469970341961,51.13967151453287],[17.074589112411825,51.139658000105634],[17.074398664261576,51.1396183050703],[17.07303971679533,51.139191915636786],[17.073034892597615,51.13915452549098],[17.07319912339631,51.139087514864286],[17.07316273023685,51.139047411391545],[17.073142163813905,51.139024037180896],[17.07317290225252,51.13901469783457],[17.07315419492174,51.138994107164606],[17.071939702902938,51.13861755535238],[17.07138759767656,51.13844722432269],[17.069054470227176,51.13772758338195],[17.069123424642704,51.13763124197129],[17.069043325367108,51.137569816492146],[17.06891694305628,51.137481413178755],[17.068639683609753,51.13737656187487],[17.068574732376145,51.13735204228572],[17.068663173817725,51.137267255192434],[17.069004205743624,51.13737564362961],[17.069061864166663,51.137293865432135],[17.069121805385937,51.13721153902866],[17.069169162049032,51.13714746926622],[17.069233019543983,51.137170955003086],[17.06926148121451,51.137134827432284],[17.069527167735036,51.13722112947329],[17.069642767894685,51.13705828497049],[17.06949435010836,51.13701760374947],[17.069501367697207,51.13701041393822],[17.06980327311977,51.136707950116985],[17.069936483949284,51.13664849134118],[17.069785602657305,51.13651998013856],[17.069751310699285,51.13649075176496],[17.069755744208752,51.13648842275573],[17.069643652081236,51.13641709731433],[17.06944547734527,51.13610016423005],[17.069268064409865,51.135875737561584],[17.069053030072137,51.1356932804148],[17.068837010388247,51.13550803721911],[17.06870549038502,51.1355993135487],[17.067727721656404,51.13627805291023],[17.06799919438294,51.136432141489934],[17.068702337455335,51.136833457597746],[17.068791619390836,51.13688440260727],[17.068610693674348,51.13707957417875],[17.068594459374385,51.13701646350749],[17.068588978122918,51.137013336409716],[17.068273224083406,51.137352337520554],[17.06835179133648,51.1373464009874],[17.068207640692307,51.13749481313129],[17.06792226531457,51.13767528938661],[17.067863922524406,51.137708616430416],[17.067829917961713,51.13770770713696],[17.067113604309277,51.137483871043614],[17.06708575232746,51.137473346752486],[17.066781249366628,51.13736131573033],[17.066698978462274,51.13732981577988],[17.066617568721398,51.13729742368044],[17.066454614179847,51.137231559475644],[17.0664925182553,51.13718717455257],[17.066479956596297,51.13718087143604],[17.06636625517808,51.13714486826531],[17.06586263245048,51.136984220285704],[17.06578793705797,51.13694913040469],[17.06566854109797,51.13690081020864],[17.065667532451524,51.13690193484471],[17.065098124869625,51.13667423465692],[17.06491160722476,51.13660224675725],[17.064712240704768,51.136514882407866],[17.064601415466573,51.136465389084506],[17.064495453909768,51.13641563790229],[17.064623279116372,51.136327420185495],[17.0643439143168,51.13622150798255],[17.064263947606374,51.136190006757914],[17.06403830420351,51.13609076244643],[17.063925923906073,51.136033462012335],[17.063792407896468,51.135960053645825],[17.063754799092326,51.13598834861706],[17.063480598810646,51.135885855783144],[17.06340461532646,51.13585175189843],[17.06338690965688,51.13584266541013],[17.063250388844246,51.13577941761579],[17.06321925620803,51.13576376000259],[17.06319084928732,51.135747566857276],[17.06316100473537,51.1357311014891],[17.063133164386034,51.13571374421493],[17.06310460090919,51.13569611145182],[17.06307604272972,51.13567821802449],[17.062967977461724,51.13560338547191],[17.062941268605083,51.13558449099895],[17.062916724738027,51.13556452612068],[17.062892314927737,51.13554429262212],[17.06284620122106,51.13550426980571],[17.06278702358936,51.135537147148995],[17.062780999296283,51.13553264000982],[17.062485329301477,51.13534753775868],[17.062189551404085,51.1350931147588],[17.06213780124481,51.135123300505526],[17.061746645419618,51.13482686697825],[17.060966696130414,51.13431761856223],[17.060739844316036,51.134169571311745],[17.06067622448712,51.13420379632159],[17.06057601696734,51.13413076862303],[17.060371683023185,51.13403000726097],[17.06030331221719,51.13399278915537],[17.06028002310561,51.13398008843763],[17.06017809892153,51.13390229107648],[17.060100011120486,51.133972816554454],[17.059747212577186,51.133769961038],[17.059354604001314,51.133523831721035],[17.058525724425902,51.13300401490559],[17.058316438511543,51.13287392177226],[17.0570837251437,51.13210794185745],[17.057097018227278,51.132099949362534],[17.05700165693852,51.13204201528158],[17.05692718973308,51.13208341443141],[17.05675450166519,51.13218129441727],[17.05671917348529,51.13220698955383],[17.056788710178047,51.13225052991819],[17.056686048391498,51.132315290351215],[17.05683864367097,51.132416135403574],[17.056916008114477,51.13246750587491],[17.056997643500914,51.13242143597896],[17.057667312869306,51.13284096002649],[17.05778908984175,51.13291598893304],[17.05795968724983,51.13302269495151],[17.05814727457916,51.13313849123641],[17.05833771630908,51.133259407328495],[17.05852986588743,51.13337789167025],[17.058696768995457,51.1334823464127],[17.058716178656525,51.1334946746176],[17.058903913995227,51.1336118103173],[17.059020271641245,51.13368513122623],[17.0591389009862,51.1337598816678],[17.059412016297788,51.133929456783044],[17.059632523066494,51.13412371632014],[17.059655792805252,51.13414439981497],[17.05984247726527,51.13431211924643],[17.059641778110173,51.13440596667115],[17.05942539185166,51.13422754409869],[17.059225977361155,51.13432705563059],[17.058846744361116,51.134517892988114],[17.058873609727566,51.13451000052662],[17.058908615751335,51.13450650657568],[17.05892861910233,51.134510739850114],[17.058949753233794,51.134518389295174],[17.058962039216265,51.13452621924953],[17.05909991755708,51.134643124216225],[17.058740140940095,51.13480943219753],[17.058926282462796,51.13495603203301],[17.05875432455037,51.135035950522024],[17.05858236586293,51.135115877742145],[17.058757373843914,51.13525491782073],[17.058801623205156,51.13529017173674],[17.058934524354004,51.13539404678875],[17.059109681139937,51.13553289874255],[17.05916007146364,51.13557606786208],[17.059283832681995,51.13568119045564],[17.05933021809051,51.13572246642945],[17.059502219556517,51.13586905046217],[17.05951119336326,51.13587676382329],[17.059233658566928,51.13598032172152],[17.059259329921854,51.13602770586162],[17.059292829912536,51.13609064211866],[17.05930451862614,51.1361131203448],[17.059338748709894,51.1361774019165],[17.059389229024607,51.13626892693322],[17.0593926462927,51.13627584947228],[17.059437997256012,51.13635892789731],[17.059473784155028,51.136425370470434],[17.059485041575037,51.13644587647699],[17.059529818072065,51.13652841086486],[17.059557907738586,51.136581280081806],[17.059574885434046,51.136611406044544],[17.059618514433364,51.136692061322854],[17.059643172671738,51.136738007871756],[17.059662576018624,51.136772531279085],[17.059704485708437,51.13685202202436],[17.059727158485146,51.13689301727828],[17.059747833071818,51.13693249519272],[17.05978960949266,51.13701152636147],[17.059810710273734,51.137049020979674],[17.059834379346427,51.13709092318424],[17.059879434243342,51.13717669593406],[17.059881001058287,51.13717975601674],[17.05989483213324,51.137205829276105],[17.05989881705051,51.137213655325795],[17.05993117783241,51.13727155701688],[17.0599756736368,51.137353918158766],[17.060019865922214,51.13743645663545],[17.060078462498097,51.137546412392524],[17.06012808468583,51.13763811894681],[17.060171851166103,51.13771913468977],[17.06017798185847,51.137730367066176],[17.060155264766486,51.13773233303373],[17.06016210169895,51.13774537800372],[17.060501904816032,51.13771638376938],[17.060533171817745,51.13786202435667],[17.06055434587715,51.13796072986573],[17.06056414472987,51.13801512396858],[17.060600098818494,51.13819105230942],[17.060606485562214,51.138226289050685],[17.060619216087787,51.13834746374066],[17.06063577876541,51.138626940754385],[17.06063346899822,51.13864006505133],[17.06062718104793,51.138649948094894],[17.060614586014445,51.13866009511595],[17.060604509923703,51.138667934052606],[17.060235039146953,51.138622804385214],[17.060064405035092,51.138595453091796],[17.060075358992524,51.13864642247313],[17.05967362282809,51.13847820629846],[17.059762829911982,51.13843402027076],[17.059733032355567,51.13825764673827],[17.059691106739596,51.13806140746768],[17.059684704410166,51.138034710704446],[17.059679722256455,51.138011962820784],[17.05967159620817,51.137997666887976],[17.059659057710597,51.13797267376575],[17.059644228315637,51.13795001750732],[17.059627094379646,51.13792825965999],[17.05961012714925,51.137909550637914],[17.059546040742077,51.13784336600401],[17.05900415711275,51.13804941874834],[17.058875033187718,51.13800747689169],[17.058868043233783,51.138005487870366],[17.05868307784923,51.13794240227375],[17.058740163303963,51.13788481562723],[17.058795228813505,51.13782677220431],[17.05877680378103,51.137820744698196],[17.05872058865158,51.13787770010324],[17.058664948521404,51.13793448031644],[17.058654071690206,51.137947958134596],[17.058583362277904,51.13793417420482],[17.058293663267573,51.13787426324804],[17.057988544833908,51.13781093716519],[17.057850981790928,51.1377828241797],[17.05783308968985,51.13780537888195],[17.057778129249098,51.13788768573884],[17.057727167084476,51.13797503201227],[17.057418388425166,51.13785497729481],[17.057139186068923,51.13774284634391],[17.057049933087143,51.13770154752078],[17.05702853559,51.13767520615416],[17.056838969678648,51.13776445493572],[17.05683441084885,51.13776658467414],[17.056904893636887,51.13782792303262],[17.056984110057325,51.13789544472459],[17.05698936151215,51.137904207019076],[17.05699303590034,51.13791322628632],[17.05699527792269,51.137922413796815],[17.05699580366843,51.13793167736506],[17.05699475966938,51.13794083837975],[17.056969691817674,51.1380210036302],[17.056817039827656,51.13800197315162],[17.05675887510611,51.138184623017814],[17.056747899658955,51.1381832759488],[17.05625717730231,51.13812406678189],[17.056223324588654,51.13811991007891],[17.056055326799893,51.13809942430159],[17.056056611416196,51.13809529044588],[17.05605304755346,51.13809277155091],[17.056052333015213,51.13809277477334],[17.056041033508183,51.13809680981673],[17.055548747335756,51.138035894996435],[17.05556575499433,51.13803643687503],[17.05558262335302,51.1380333008633],[17.055594775174097,51.13802881427501],[17.055609781074956,51.1380182108078],[17.055703480977147,51.137920647700504],[17.05555946806707,51.137914558496504],[17.05556223076012,51.13787860426446],[17.055569184325435,51.137797627795415],[17.055573816017667,51.13774010452753],[17.055662109189736,51.137742939047016],[17.055664719673207,51.137710939024736],[17.055514567450995,51.13770673296375],[17.05550673643013,51.13779499294346],[17.055370590024882,51.137789263692675],[17.055173281630445,51.13778090964097],[17.0551342304988,51.137930631257476],[17.05512042244409,51.13798335181932],[17.055070021379354,51.13797716426887],[17.05515908786402,51.137693622421814],[17.0551669326047,51.13759772137773],[17.055179548432132,51.13743468827453],[17.055185482415183,51.13737428986313],[17.05502802664188,51.137382124228445],[17.054907861117144,51.13738808423922],[17.05484398178264,51.137391199824364],[17.054623789671115,51.137402149444206],[17.054397406377515,51.13722442791912],[17.054102591461042,51.13737339345971],[17.054066023323035,51.13748816511305],[17.053478136628474,51.13741398164987],[17.053457072973103,51.13723445881234],[17.053434908036483,51.13724505800064],[17.053368860501315,51.13727873799598],[17.053294367562884,51.13731662865998],[17.052707349741635,51.13761559943273],[17.052723835547184,51.13768841422482],[17.05208869637609,51.13760991256447],[17.05194845931892,51.137101400359214],[17.05190897842308,51.137035123287596],[17.051892436099852,51.1370076966231],[17.051512003541713,51.137084359019866],[17.051162597875948,51.13704220407143],[17.051024439114617,51.13748395791034],[17.05070402588743,51.13744378983119],[17.050282468314013,51.13739205693664],[17.0503070431084,51.13739009898192],[17.05033605055838,51.13738103024872],[17.050355214556244,51.13736908580057],[17.050367666307135,51.137356960991795],[17.050515307087032,51.136869806270504],[17.050221325120656,51.136833519209986],[17.050175620406208,51.13682765535186],[17.05000733560637,51.13680688884009],[17.049867197580895,51.13678973985555],[17.049839065247326,51.13678612220296],[17.049670780571166,51.13676536419649],[17.049502510520277,51.136744597076536],[17.04933422615224,51.136723838587244],[17.049091387065605,51.13669378069838],[17.04902995271894,51.136909679925566],[17.048933668084967,51.13722704051785],[17.048160695559172,51.13713386709827],[17.04827810303667,51.1367359609835],[17.047995967712655,51.13670183234389],[17.047932055068866,51.13669408438789],[17.047754540189953,51.13667266415173],[17.04769684124881,51.13666571280116],[17.04762826770756,51.13665740532655],[17.047573011144873,51.13684426362002],[17.047075698584297,51.136708702990795],[17.047111577459354,51.13659490771673],[17.047530502426877,51.13527544861827],[17.04628426462579,51.13537608070406],[17.04503860537042,51.1353555866887],[17.043446270171632,51.13523031072308],[17.043249729199967,51.13586918867133],[17.043236567372606,51.135912141421414],[17.04317455358509,51.136114018070366],[17.043052539710235,51.136510829742065],[17.043320333681088,51.13678371698031],[17.043741595584642,51.136835292806104],[17.043994304613495,51.136866098737734],[17.04414887996519,51.13688497292184],[17.044126770369004,51.13695507328732],[17.044098210736127,51.13704620165386],[17.0440654971435,51.13715026812107],[17.04418720465915,51.13716516985615],[17.044136230287553,51.137341858297994],[17.04433237766447,51.137365431980776],[17.04435102582431,51.13730656732564],[17.04438634968099,51.13718955004953],[17.04463091650968,51.137220342004085],[17.044879628886562,51.13725176061885],[17.044949804906615,51.13702797907673],[17.04493870080947,51.136994806493284],[17.044894872691227,51.136974194892886],[17.045158301695782,51.13700769284832],[17.045129423672517,51.137012527232535],[17.045066990422367,51.137216361146955],[17.0455227055427,51.13727297636205],[17.045536702007613,51.13727469973779],[17.045499533319795,51.13739054263057],[17.045464926767124,51.13750477929544]],[[17.061411079674972,51.136745907807416],[17.06147985948489,51.13669271971511],[17.06139418592738,51.13665097647926],[17.061328061417722,51.136618316798156],[17.06134649766185,51.13660969088159],[17.061324945692313,51.136598622459495],[17.061287837471887,51.13655492263483],[17.060524561186853,51.13661840045115],[17.060489605448968,51.13645108314235],[17.060559904231884,51.136443476275296],[17.060586198306016,51.13656727705805],[17.06074365228466,51.13655512017646],[17.06071758571273,51.13643417097308],[17.06077806887584,51.13643144742245],[17.06078544455745,51.13648484218977],[17.06119779935025,51.13645222143197],[17.06109948143401,51.1363357714535],[17.061069478113936,51.136337013868406],[17.060965456933484,51.136214351091766],[17.060996959598892,51.1362138578926],[17.060839767446264,51.13602723828513],[17.060682902767805,51.135847075649394],[17.060612710621097,51.13576638719056],[17.060515506493243,51.135678982187414],[17.060687307746495,51.135601118488566],[17.060799545922247,51.13551587217],[17.060878082942878,51.13556273658322],[17.060951712739726,51.13552186759015],[17.06124719038577,51.13536038555938],[17.061495216089572,51.13522486164741],[17.061558960422914,51.135189468541284],[17.06161208088063,51.13522140347768],[17.06186838097939,51.135376211694876],[17.061941059880482,51.13542028656046],[17.061980899079916,51.13544484217704],[17.062181802419563,51.13556025324919],[17.062260753410115,51.13560720994532],[17.06227660836151,51.13561665034129],[17.062375283547077,51.135666857545225],[17.062579613312874,51.135776155470666],[17.06263702080465,51.13580602072158],[17.062732549494083,51.1358571193441],[17.062896477167058,51.13594429303298],[17.063097250573875,51.136050810715815],[17.0633188667222,51.136167491463695],[17.063467374123007,51.13624360044607],[17.063685726230045,51.136347255334094],[17.063877791169364,51.13644225812929],[17.06407101141992,51.13653528314097],[17.064284778696297,51.136641803859455],[17.064545395833967,51.136766947892966],[17.064670356393417,51.136829031931285],[17.064763909190876,51.1368628619572],[17.06493529830477,51.13692127164373],[17.065106257488726,51.136979057355546],[17.065194385821012,51.13700911297264],[17.06541705345273,51.13708552453086],[17.06544076137257,51.137094613723406],[17.06544689263409,51.13709667639674],[17.065484321984993,51.137109821677214],[17.06575668584622,51.13721042524488],[17.065963641074315,51.13728664731076],[17.066171729461313,51.1373626892731],[17.066379402184996,51.13743953661128],[17.066585918814873,51.13751422582792],[17.0666969015308,51.13755471988086],[17.06678903502885,51.13757687739128],[17.06698842045892,51.13764670852366],[17.067380274822472,51.137764496763786],[17.067246774099882,51.13794367427274],[17.067300643290007,51.13795794793084],[17.06745442896112,51.13800743962206],[17.067280333402174,51.138090077412556],[17.06733491258701,51.13808614371793],[17.067310178712873,51.13810239749931],[17.067158776357072,51.138201945792815],[17.06713404235914,51.138218199536],[17.067129077699185,51.13818943805513],[17.067044917159414,51.13815377007363],[17.06698168131982,51.13812707880646],[17.066772578916737,51.13805361024208],[17.066603773994284,51.13816930817202],[17.066509162801292,51.138233817787814],[17.066294861917985,51.13838052594732],[17.06622393172446,51.13831945940827],[17.066041282577,51.13840447224559],[17.066039424833395,51.138405185570406],[17.06600969341046,51.13841838764063],[17.065858586479727,51.138498150430664],[17.065816278804057,51.138515665910724],[17.06570579395145,51.138415034356385],[17.065653829696657,51.138360897165036],[17.065670565072804,51.13835299413119],[17.065636010186864,51.1383234028704],[17.06558604284596,51.138280779344164],[17.065583051930393,51.13827816643288],[17.065571179255144,51.13828373504289],[17.065524581772127,51.13830564803283],[17.065342053409655,51.138391694554755],[17.06518067495388,51.13846561202832],[17.065048775988604,51.13834141765031],[17.064923212106308,51.13816679696908],[17.06462272844153,51.13774912687861],[17.06460060511279,51.137717477219475],[17.064406990584157,51.13774687981903],[17.06357503884578,51.137874625466246],[17.063362970558565,51.13790779806259],[17.062481843481404,51.13804963339789],[17.062058564659715,51.13812001747458],[17.060944611012058,51.13829564465805],[17.060894315983372,51.13830812295955],[17.060850990413346,51.1383257183714],[17.060816548346992,51.138204800858475],[17.061866479633647,51.138040653534404],[17.061926060864327,51.13803106305711],[17.061755739752027,51.137511776802675],[17.0614985469825,51.13752236161452],[17.061400961197897,51.13752610026638],[17.061276500451903,51.13753602374805],[17.060732238442007,51.137579577678125],[17.060727403856088,51.13755728050574],[17.061457137289306,51.1374997799532],[17.061444372318086,51.1374105092924],[17.06143032533014,51.13732033836596],[17.061414428615517,51.13722837264313],[17.061400666824163,51.137135417210935],[17.061384617304807,51.1370418321195],[17.061372559116265,51.13696775061582],[17.06136249429569,51.13689331653323],[17.061350429181836,51.13681887538409],[17.061342348402995,51.13675864287235],[17.061379500082904,51.136757224027356],[17.061411079674972,51.136745907807416]],[[17.060192886874667,51.13434641741291],[17.060132429097443,51.134373358957916],[17.059949675855655,51.13426317834582],[17.059895073494378,51.13428814416519],[17.059956464774885,51.13420115942545],[17.060192886874667,51.13434641741291]],[[17.059505403823934,51.13827507224695],[17.05946987029334,51.13811029409404],[17.059465462403782,51.13808952853992],[17.059459346590607,51.13806139572616],[17.059449377228628,51.138035146714],[17.059431555660275,51.13800574211546],[17.05941101159552,51.13798092730284],[17.059393166610803,51.13796392821084],[17.059529395041267,51.13791221863485],[17.059560641903392,51.137944769673375],[17.05957805607714,51.137966799473034],[17.05959145418875,51.1379867563291],[17.059601157668848,51.13800429223168],[17.059607565629655,51.13802226909595],[17.05961653265187,51.13804932809194],[17.05962675877465,51.138096704803736],[17.05966229435992,51.13826211219897],[17.059698687832373,51.13843102344458],[17.059541787924225,51.13844371377811],[17.059505403823934,51.13827507224695]],[[17.06236285618017,51.1381335965684],[17.062362855199996,51.138133596616555],[17.062362854219824,51.1381335965684],[17.062362853249095,51.13813359642441],[17.06236285229715,51.13813359618596],[17.062362851373162,51.13813359585535],[17.06236285048603,51.13813359543577],[17.062362849644295,51.13813359493125],[17.062362848856065,51.138133594346655],[17.062362848128927,51.13813359368762],[17.062362847469892,51.138133592960486],[17.0623628468853,51.13813359217226],[17.062362846380783,51.13813359133052],[17.0623628459612,51.13813359044339],[17.06236284563059,51.1381335895194],[17.062362845392144,51.138133588567456],[17.06236284524815,51.13813358759673],[17.062362845199996,51.138133586616554],[17.06236284524815,51.13813358563638],[17.062362845392144,51.13813358466565],[17.06236284563059,51.13813358371371],[17.0623628459612,51.13813358278972],[17.062362846380783,51.138133581902586],[17.0623628468853,51.13813358106085],[17.062362847469892,51.13813358027262],[17.062362848128927,51.13813357954549],[17.062362848856065,51.13813357888645],[17.062362849644295,51.13813357830186],[17.06236285048603,51.13813357779734],[17.062362851373162,51.13813357737776],[17.06236285229715,51.13813357704715],[17.062362853249095,51.1381335768087],[17.062362854219824,51.13813357666471],[17.062362855199996,51.13813357661655],[17.06236285618017,51.13813357666471],[17.062362857150898,51.1381335768087],[17.062362858102844,51.13813357704715],[17.06236285902683,51.13813357737776],[17.062362859913964,51.13813357779734],[17.062362860755698,51.13813357830186],[17.062362861543928,51.13813357888645],[17.062362862271065,51.13813357954549],[17.0623628629301,51.13813358027262],[17.062362863514693,51.13813358106085],[17.06236286401921,51.138133581902586],[17.062362864438793,51.13813358278972],[17.0623628647694,51.13813358371371],[17.06236286500785,51.13813358466565],[17.062362865151844,51.13813358563638],[17.062362865199997,51.138133586616554],[17.062362865151844,51.13813358759673],[17.06236286500785,51.138133588567456],[17.0623628647694,51.1381335895194],[17.062362864438793,51.13813359044339],[17.06236286401921,51.13813359133052],[17.062362863514693,51.13813359217226],[17.0623628629301,51.138133592960486],[17.062362862271065,51.13813359368762],[17.062362861543928,51.138133594346655],[17.062362860755698,51.13813359493125],[17.062362859913964,51.13813359543577],[17.06236285902683,51.13813359585535],[17.062362858102844,51.13813359618596],[17.062362857150898,51.13813359642441],[17.06236285618017,51.1381335965684]],[[17.058071231906556,51.13882106846355],[17.058071230935827,51.13882106860754],[17.058071229955655,51.138821068655695],[17.058071228975482,51.13882106860754],[17.058071228004753,51.13882106846355],[17.058071227052807,51.1388210682251],[17.05807122612882,51.13882106789449],[17.058071225241687,51.13882106747491],[17.058071224399953,51.13882106697039],[17.058071223611723,51.138821066385795],[17.058071222884585,51.13882106572676],[17.05807122222555,51.138821064999625],[17.058071221640958,51.1388210642114],[17.05807122113644,51.13882106336966],[17.058071220716858,51.13882106248253],[17.05807122038625,51.13882106155854],[17.058071220147802,51.138821060606595],[17.058071220003807,51.138821059635866],[17.058071219955654,51.138821058655694],[17.058071220003807,51.13882105767552],[17.058071220147802,51.13882105670479],[17.05807122038625,51.13882105575285],[17.058071220716858,51.13882105482886],[17.05807122113644,51.138821053941726],[17.058071221640958,51.13882105309999],[17.05807122222555,51.13882105231176],[17.058071222884585,51.13882105158463],[17.058071223611723,51.13882105092559],[17.058071224399953,51.138821050341],[17.058071225241687,51.13882104983648],[17.05807122612882,51.1388210494169],[17.058071227052807,51.13882104908629],[17.058071228004753,51.13882104884784],[17.058071228975482,51.138821048703846],[17.058071229955655,51.13882104865569],[17.058071230935827,51.138821048703846],[17.058071231906556,51.13882104884784],[17.058071232858502,51.13882104908629],[17.05807123378249,51.1388210494169],[17.058071234669622,51.13882104983648],[17.058071235511356,51.138821050341],[17.058071236299586,51.13882105092559],[17.058071237026724,51.13882105158463],[17.05807123768576,51.13882105231176],[17.05807123827035,51.13882105309999],[17.05807123877487,51.138821053941726],[17.05807123919445,51.13882105482886],[17.05807123952506,51.13882105575285],[17.058071239763507,51.13882105670479],[17.058071239907502,51.13882105767552],[17.058071239955655,51.138821058655694],[17.058071239907502,51.138821059635866],[17.058071239763507,51.138821060606595],[17.05807123952506,51.13882106155854],[17.05807123919445,51.13882106248253],[17.05807123877487,51.13882106336966],[17.05807123827035,51.1388210642114],[17.05807123768576,51.138821064999625],[17.058071237026724,51.13882106572676],[17.058071236299586,51.138821066385795],[17.058071235511356,51.13882106697039],[17.058071234669622,51.13882106747491],[17.05807123378249,51.13882106789449],[17.058071232858502,51.1388210682251],[17.058071231906556,51.13882106846355]]],[[[17.05524402240065,51.13777069354838],[17.055330886907836,51.13777351677685],[17.055351343094138,51.137507750442744],[17.05526519216755,51.1375042947277],[17.05524402240065,51.13777069354838]]],[[[17.065956656701815,51.138088808607975],[17.066218207358332,51.137916138697626],[17.06607520933076,51.137892972265426],[17.066005647991357,51.13788450588214],[17.065905465605955,51.137871030385234],[17.065861552124947,51.137866184823444],[17.06580808264454,51.13786045384684],[17.06571609846242,51.13795761618504],[17.065930280468727,51.13810711659806],[17.0659392781588,51.1381002664413],[17.065956656701815,51.138088808607975]]],[[[17.065749618660377,51.13830961240974],[17.06587511470608,51.138248442528216],[17.065969310135475,51.13820245773941],[17.065943192257052,51.138181051590045],[17.06588622270129,51.138134192086916],[17.065884661859116,51.13813293905066],[17.06579917657439,51.13817641332231],[17.065663091462447,51.13824044712711],[17.065667661817898,51.13824197591907],[17.065723629409185,51.13828820723908],[17.065749618660377,51.13830961240974]]],[[[17.061062082321758,51.140136733665926],[17.061062081434624,51.14013673408551],[17.06106208059289,51.14013673459003],[17.06106207980466,51.14013673517462],[17.061062079077523,51.14013673583366],[17.061062078418487,51.14013673656079],[17.061062077833896,51.14013673734902],[17.061062077329378,51.140136738190755],[17.061062076909796,51.14013673907789],[17.061062076579187,51.14013674000188],[17.06106207634074,51.14013674095382],[17.061062076196745,51.14013674192455],[17.06106207614859,51.14013674290472],[17.061062076196745,51.140136743884895],[17.06106207634074,51.140136744855624],[17.061062076579187,51.14013674580757],[17.061062076909796,51.14013674673156],[17.061062077329378,51.14013674761869],[17.061062077833896,51.14013674846043],[17.061062078418487,51.140136749248654],[17.061062079077523,51.14013674997579],[17.06106207980466,51.140136750634824],[17.06106208059289,51.140136751219416],[17.061062081434624,51.14013675172394],[17.061062082321758,51.14013675214352],[17.061062083245744,51.14013675247413],[17.06106208419769,51.14013675271258],[17.06106208516842,51.14013675285657],[17.061062086148592,51.14013675290472],[17.061062087128764,51.14013675285657],[17.061062088099494,51.14013675271258],[17.06106208905144,51.14013675247413],[17.061062089975426,51.14013675214352],[17.06106209086256,51.14013675172394],[17.061062091704294,51.140136751219416],[17.061062092492524,51.140136750634824],[17.06106209321966,51.14013674997579],[17.061062093878697,51.140136749248654],[17.06106209446329,51.14013674846043],[17.061062094967806,51.14013674761869],[17.06106209538739,51.14013674673156],[17.061062095717997,51.14013674580757],[17.061062095956444,51.140136744855624],[17.06106209610044,51.140136743884895],[17.061062096148593,51.14013674290472],[17.06106209610044,51.14013674192455],[17.061062095956444,51.14013674095382],[17.061062095717997,51.14013674000188],[17.06106209538739,51.14013673907789],[17.061062094967806,51.140136738190755],[17.06106209446329,51.14013673734902],[17.061062093878697,51.14013673656079],[17.06106209321966,51.14013673583366],[17.061062092492524,51.14013673517462],[17.061062091704294,51.14013673459003],[17.06106209086256,51.14013673408551],[17.061062089975426,51.140136733665926],[17.06106208905144,51.14013673333532],[17.061062088099494,51.14013673309687],[17.061062087128764,51.140136732952875],[17.061062086148592,51.14013673290472],[17.06106208516842,51.140136732952875],[17.06106208419769,51.14013673309687],[17.061062083245744,51.14013673333532],[17.061062082321758,51.140136733665926]]],[[[17.05886765122867,51.13461373239264],[17.05886765064408,51.13461373160441],[17.058867649985043,51.13461373087728],[17.058867649257905,51.13461373021824],[17.058867648469676,51.13461372963365],[17.05886764762794,51.13461372912913],[17.058867646740808,51.134613728709546],[17.05886764581682,51.13461372837894],[17.058867644864876,51.134613728140486],[17.058867643894146,51.134613727996495],[17.058867642913974,51.13461372794834],[17.0588676419338,51.134613727996495],[17.058867640963072,51.134613728140486],[17.058867640011126,51.13461372837894],[17.05886763908714,51.134613728709546],[17.058867638200006,51.13461372912913],[17.058867637358272,51.13461372963365],[17.058867636570042,51.13461373021824],[17.058867635842905,51.13461373087728],[17.05886763518387,51.13461373160441],[17.058867634599277,51.13461373239264],[17.05886763409476,51.134613733234374],[17.058867633675177,51.13461373412151],[17.05886763334457,51.1346137350455],[17.05886763310612,51.13461373599744],[17.058867632962126,51.13461373696817],[17.058867632913973,51.13461373794834],[17.058867632962126,51.134613738928515],[17.05886763310612,51.134613739899244],[17.05886763334457,51.13461374085119],[17.058867633675177,51.134613741775176],[17.05886763409476,51.13461374266231],[17.058867634599277,51.13461374350405],[17.05886763518387,51.134613744292274],[17.058867635842905,51.13461374501941],[17.058867636570042,51.13461374567844],[17.058867637358272,51.134613746263035],[17.058867638200006,51.134613746767556],[17.05886763908714,51.13461374718714],[17.058867640011126,51.13461374751775],[17.058867640963072,51.1346137477562],[17.0588676419338,51.13461374790019],[17.058867642913974,51.13461374794834],[17.058867643894146,51.13461374790019],[17.058867644864876,51.1346137477562],[17.05886764581682,51.13461374751775],[17.058867646740808,51.13461374718714],[17.05886764762794,51.134613746767556],[17.058867648469676,51.134613746263035],[17.058867649257905,51.13461374567844],[17.058867649985043,51.13461374501941],[17.05886765064408,51.134613744292274],[17.05886765122867,51.13461374350405],[17.058867651733188,51.13461374266231],[17.05886765215277,51.134613741775176],[17.05886765248338,51.13461374085119],[17.058867652721826,51.134613739899244],[17.05886765286582,51.134613738928515],[17.058867652913975,51.13461373794834],[17.05886765286582,51.13461373696817],[17.058867652721826,51.13461373599744],[17.05886765248338,51.1346137350455],[17.05886765215277,51.13461373412151],[17.058867651733188,51.134613733234374],[17.05886765122867,51.13461373239264]]]]}},{"type":"Feature","properties":{"name":"Karłowice–Różanka — okręg 3","district":3,"precinct":86,"seats":3,"election_year":2021,"polling_station":"Szkoła Podstawowa nr 20, ul. Henryka Michała Kamieńskiego 24","reconstruction":true,"method":"official 2021 address rules + current SIP EMUiA address points + current cadastral parcels","crs":"EPSG:4326"},"geometry":{"type":"MultiPolygon","coordinates":[[[[17.033506630652756,51.139882631178374],[17.033190684305477,51.14025312621994],[17.0328765080785,51.14015090532784],[17.032819538969942,51.140132176240385],[17.032787974209256,51.14012181982537],[17.032722406582664,51.14028546452424],[17.032783774399487,51.14024415220668],[17.03320388607539,51.14038185026748],[17.033150782036913,51.14044555241962],[17.033124295290072,51.14047735458308],[17.03308878230182,51.14051985171648],[17.032990355607858,51.140508016626306],[17.032941583419476,51.140705655323615],[17.032943257535347,51.14073154137615],[17.032943688122124,51.14073487110668],[17.032962396891815,51.140905038040515],[17.032959203298173,51.14093614278754],[17.032957017732677,51.140957987541555],[17.032954269783374,51.140984861848516],[17.03293784837036,51.141145667741974],[17.03293498738625,51.14114512268569],[17.032928021161794,51.14121110303998],[17.03299101859588,51.14122453307046],[17.033390796050263,51.141307207448826],[17.033196445221556,51.14158908056319],[17.033177240903974,51.14161702344781],[17.032962981395126,51.141924846513014],[17.0333628892501,51.14203098501614],[17.03372380141399,51.142126767526015],[17.034132852884706,51.14223524431664],[17.033666599455547,51.14293077832114],[17.033238827396335,51.14281724582646],[17.033067778714873,51.14306077268071],[17.03376061607283,51.14343678211131],[17.034872373639917,51.144051054536654],[17.03509994416504,51.14388401683322],[17.03547686583814,51.1440867858103],[17.035355766868616,51.14424694438753],[17.035061126309994,51.14440847595661],[17.03524541277815,51.14451205564475],[17.03540572350402,51.14460581838689],[17.035497092256573,51.14465914332901],[17.03575447499403,51.144812435387685],[17.0362424061832,51.145098417147246],[17.03719430754474,51.14565445434168],[17.038509428397493,51.146428780974524],[17.038697527568708,51.146997645131535],[17.03872026986491,51.147064903726324],[17.038952194646434,51.14775075012287],[17.039152840138797,51.1483443390887],[17.039474772785926,51.14889349913204],[17.038823544483602,51.14905544630128],[17.03872276103226,51.149079744056834],[17.038726975819927,51.14912316266656],[17.03880114322596,51.14912032917297],[17.038865004666707,51.14930950141929],[17.039607035289624,51.14971995035364],[17.03963731498663,51.149727876125816],[17.039385775422303,51.14974489548408],[17.03928572706597,51.14975094182054],[17.038870790551737,51.14970870662503],[17.038761680482036,51.149396903531425],[17.03843928482112,51.1492203310865],[17.037511041320048,51.14871213537011],[17.03651632787709,51.148175849391954],[17.03663064887757,51.148769900239564],[17.03626476593719,51.14879815196958],[17.036024068069622,51.14882046740983],[17.036671015528697,51.149209753926726],[17.03583910495389,51.14971488576346],[17.03561003116288,51.149622948038456],[17.035292099158013,51.14941787958774],[17.03514072667055,51.149525279685605],[17.034765422893777,51.14978622662102],[17.036713461430875,51.150156648984684],[17.030739786605476,51.15027287821867],[17.030825033993644,51.15031437959351],[17.033238644109854,51.15027287421397],[17.0331942702193,51.150363344979944],[17.03338853421541,51.150360110581715],[17.033461169236052,51.150358901221125],[17.033479265068994,51.150358600376656],[17.03353039985117,51.15035774818725],[17.03380505025585,51.150353175305895],[17.034079193047972,51.150348609274154],[17.034323891461284,51.150344533056995],[17.034463402401027,51.150342125817964],[17.03473796315439,51.15033738729375],[17.034881769298508,51.15033490532932],[17.034887585885556,51.15033480499578],[17.034973419169344,51.150333323338785],[17.03515949850546,51.15033011105346],[17.035289638203,51.150327864648325],[17.03530872227769,51.150327534814366],[17.035488034127486,51.150324439688916],[17.03692158530011,51.15028653166232],[17.036921585445157,51.150286531658885],[17.03718723717117,51.15028024782388],[17.03748098770465,51.150272124305],[17.03778363936261,51.150263754143786],[17.038068468567594,51.150262745664016],[17.03838955740722,51.15026294615376],[17.03878199856495,51.15026318919428],[17.0391104923252,51.15027311241266],[17.039411544277694,51.15028938705093],[17.039594343153265,51.150319345768345],[17.039889903594673,51.150373045559],[17.040137176797018,51.15042024617721],[17.040393276631775,51.150475439451164],[17.040804117771618,51.15059192593094],[17.041465682209907,51.15083818430728],[17.041621940270502,51.15090630085672],[17.04174444086465,51.15095970239019],[17.041765380526048,51.15097110019056],[17.041902789623244,51.1510458940549],[17.041918273567646,51.151054322811184],[17.0419234297057,51.15105712935722],[17.04198868288136,51.15109264788118],[17.041991710412947,51.15109429620554],[17.04205707818572,51.151129876758944],[17.042076777016675,51.15114059910776],[17.042149855705766,51.15117924439701],[17.042281808247125,51.151249022759124],[17.04231628702399,51.15126725556093],[17.042376225127516,51.151295656408344],[17.042512046891634,51.151360013077884],[17.042608592411305,51.151402784938455],[17.04267892384626,51.15143394331799],[17.04275634924814,51.15146531073844],[17.04282590207056,51.15149348888778],[17.042944587744557,51.15153949812329],[17.043010892048255,51.15156248414093],[17.0431451825595,51.15160904066315],[17.04321866107225,51.15163451335061],[17.043353554033484,51.151677876949705],[17.043375210598928,51.15168443221626],[17.043453054143633,51.15170799330288],[17.043497022187644,51.151721301528575],[17.04350472352149,51.15172329810924],[17.04350472378945,51.15172329817871],[17.043646659736034,51.15176009457689],[17.043735152288072,51.15178303596074],[17.04380381718436,51.151800836730594],[17.043856867022825,51.15181458943721],[17.04391552907935,51.1518274198122],[17.044068173507362,51.15186080626409],[17.044070998797498,51.151861387610495],[17.04419684154408,51.15188728942952],[17.044334167320002,51.1519134323659],[17.0443463377353,51.15191574954521],[17.044367829388662,51.151919228827545],[17.04452053899395,51.151943952815955],[17.044547258701346,51.151947669847836],[17.044714776178758,51.15197097102402],[17.044803347550726,51.15198169354097],[17.044858911437736,51.151988419354936],[17.044923421348987,51.151994682410105],[17.045032504240474,51.15200527198524],[17.045160031044674,51.15201590055553],[17.04520828669358,51.152019921794434],[17.04531560581772,51.1520260108844],[17.045425491998426,51.152032244882996],[17.04547793732121,51.15203522054939],[17.045551950921265,51.15203783012019],[17.045613615116256,51.15204000446427],[17.0457140150644,51.15204212714242],[17.045784418331664,51.152043615769685],[17.045785337025336,51.152043634951056],[17.04595784264908,51.152043226247],[17.046037017409493,51.152041000737164],[17.04607938581843,51.15203980995943],[17.0461839295454,51.15203687160894],[17.046335385652192,51.1520299682898],[17.046337079639233,51.15202989040746],[17.046370927622952,51.15202834777892],[17.04637832158735,51.15202801072137],[17.046538134500125,51.152018366914604],[17.04658865573935,51.152015317733195],[17.04660457305569,51.152014357037245],[17.04680555021069,51.15199931391267],[17.046984469411964,51.151985921905485],[17.04715278193106,51.151973323302556],[17.047409641926937,51.151954095729046],[17.047486642326998,51.15194833209199],[17.04750722305578,51.151946844701875],[17.047784611165735,51.151926795513475],[17.04797602449171,51.15191295983336],[17.048172088652713,51.15189878771934],[17.048192719699426,51.15189714509768],[17.048329945437864,51.15188622100029],[17.04852891385257,51.15187038097059],[17.048695329250968,51.15185713184776],[17.048746936823967,51.15185302350197],[17.04893532282889,51.1518313667301],[17.048946677424382,51.151830061169974],[17.049048551658505,51.151815796800015],[17.049093768377116,51.151809466246775],[17.049268217897463,51.151780983085004],[17.049276913334634,51.151779563285025],[17.049363900104925,51.15176448273207],[17.049464686486463,51.151747009751745],[17.049626943088914,51.151715880206716],[17.049698344026567,51.1517021812233],[17.049741502281247,51.151693900926645],[17.049958343852314,51.151646098134776],[17.05000182467353,51.1516365132711],[17.050063600045842,51.15162170028014],[17.05028992743963,51.15156743036789],[17.05042166543415,51.15153584066164],[17.050471653149078,51.15152350818244],[17.05063675826982,51.151482773376685],[17.05078936871155,51.15144512196318],[17.050981707415787,51.15139766769097],[17.051108353183558,51.15136642155064],[17.051243032390378,51.15133319260115],[17.051416016014276,51.151290513221525],[17.051551868487017,51.151256994976976],[17.05156232131885,51.15125441611216],[17.05168471538118,51.1512242172234],[17.05173378874149,51.15121210962384],[17.05175142462555,51.151207758690205],[17.051770433922634,51.15120306829291],[17.05180634928727,51.15119420711931],[17.051881989892244,51.15117554384407],[17.051892194143477,51.151173026761136],[17.05201582468956,51.1511425229128],[17.052017851754933,51.151142022438705],[17.05205710427156,51.15113233781724],[17.0520714890571,51.15112878843086],[17.05207810896513,51.151127154729245],[17.052093707680708,51.15112330593529],[17.052113058805126,51.151118531952314],[17.052146961360307,51.15111016677083],[17.05215796865389,51.15110745120904],[17.052188696288244,51.15109986935284],[17.052210843060593,51.15109440423207],[17.052227286471325,51.15109034741313],[17.05223408019293,51.151088671062],[17.052241029049604,51.15108695731215],[17.052242593524877,51.151086570849856],[17.052294374606358,51.15107379455324],[17.052313047633827,51.15106918674472],[17.05237077477768,51.151054943840116],[17.05238752416233,51.15105081126794],[17.052419123737803,51.151043014371886],[17.052438053876376,51.15103834390118],[17.052466708411725,51.15103127286802],[17.052551703630474,51.151010301793825],[17.05257964125222,51.151003408314104],[17.05260248467571,51.15099777166673],[17.05270773584192,51.15097180270798],[17.0527195102247,51.1509688973324],[17.052732024460166,51.150965809165506],[17.052771536710374,51.15095605988515],[17.052782401713763,51.150953379070934],[17.052937323611513,51.150913101530016],[17.05294772246771,51.15091021915434],[17.05297656725273,51.150902225403804],[17.053026738722973,51.15088832013891],[17.05307846696968,51.15087398336866],[17.05312502453395,51.15086107901471],[17.05314721223456,51.15085492993811],[17.053258948748418,51.15082185364958],[17.053448733875758,51.15076119047977],[17.053486668536838,51.15074791235002],[17.05361792087678,51.150701969482185],[17.053714829654595,51.15066563540496],[17.053756488349173,51.1506488948486],[17.0537564889294,51.150648894615436],[17.053678214727796,51.15057805892296],[17.053230442883663,51.14978693524741],[17.052875008207565,51.14935098242944],[17.052476992518592,51.14892246854989],[17.052106889432384,51.14857459168992],[17.05170577081672,51.14822283035071],[17.051453485495443,51.14784040649124],[17.051333950087667,51.14695403948201],[17.051363788016026,51.146874768222126],[17.0514294795835,51.14670023696672],[17.05151525754006,51.14647169705285],[17.051611175828167,51.146238573676946],[17.051876149207782,51.14559194931208],[17.051909723063517,51.14548858900443],[17.05210411322608,51.14461674995885],[17.05242194963938,51.14416476468493],[17.052732346846,51.14372751521539],[17.052705396079382,51.14368201614674],[17.05223002707387,51.14364231426844],[17.051338429224067,51.143571924572385],[17.05128569551667,51.1436799477765],[17.050986961912262,51.14363071514749],[17.051051887132605,51.14349618167494],[17.051198757169313,51.143192256037686],[17.051733613309143,51.14320062114687],[17.051763629174744,51.14320108924779],[17.051760941902064,51.143173217571814],[17.05183625449506,51.143176758773684],[17.051908128322648,51.14318003832072],[17.051905665103106,51.14320331049654],[17.052119719139743,51.14320665464665],[17.052195167067197,51.14320777850224],[17.052319487678606,51.143209729828975],[17.052429664181357,51.14321148552361],[17.052441700249286,51.14318551309806],[17.052461256032213,51.14314335732384],[17.05250432002344,51.143050267942726],[17.05251274704809,51.14305189141874],[17.052552716566876,51.14305968559887],[17.05251994062815,51.143123534154945],[17.053014233890462,51.14322220727783],[17.053029565349,51.14319650419523],[17.05312469325427,51.143219919272504],[17.05314673783913,51.143190899410854],[17.053401823140522,51.14285599679491],[17.05343890200286,51.14280738428952],[17.05345787805237,51.1427215520124],[17.05357772386532,51.14264106679947],[17.053347825071,51.14252168471134],[17.053326504212176,51.1423239199571],[17.05331604682695,51.14223223092772],[17.053369501713984,51.14222138160676],[17.053498992192257,51.1421940223722],[17.05360426505113,51.14233762069502],[17.05365765017002,51.14237072100348],[17.05381698007383,51.14248036217195],[17.053940687175952,51.142515029087534],[17.054091246312506,51.142433659092],[17.054233229201103,51.14236423869295],[17.054349035702614,51.142315570302955],[17.054480417021022,51.14226349478641],[17.05460551335442,51.14221545860287],[17.054730468131623,51.14217713893691],[17.05485540197051,51.14214403295667],[17.05500692554225,51.14210977526469],[17.055228058407636,51.14206223566617],[17.055868380332093,51.14192215194074],[17.055896420138055,51.14189475314375],[17.055895470637402,51.14185933530874],[17.05582068516656,51.14177751024243],[17.055729775869278,51.14168048831955],[17.05566040417814,51.1416142139766],[17.055590024135373,51.14155324432318],[17.055477083911622,51.14147912968],[17.05531784656286,51.14140903691083],[17.054395153959913,51.141078178237],[17.054157070465862,51.140997350996976],[17.054188198174437,51.14101327166743],[17.054192880548165,51.14104078186348],[17.054151812084992,51.141209203196084],[17.05381834508105,51.141180552796094],[17.05353827230435,51.141068505186226],[17.05213185665619,51.141023853589175],[17.05202729583515,51.14087655592846],[17.05183843984356,51.140947472502354],[17.051516768041992,51.14107071917374],[17.05142742646857,51.14109224394908],[17.051168266348622,51.141154480560544],[17.050673519613362,51.141272859656475],[17.050597387276053,51.14129201886761],[17.050488902037813,51.14132089387187],[17.050363773139132,51.1413544071338],[17.050309148223466,51.14127464800476],[17.05018908745825,51.141306314409796],[17.05012460997016,51.141217836135255],[17.049963391820565,51.1412488533953],[17.049860371086982,51.140936354706994],[17.049828208265986,51.14084006608431],[17.049797321732875,51.14074774326154],[17.049744245469245,51.140589157297015],[17.04969558773399,51.140442976950524],[17.04969073682035,51.14042867996542],[17.049668260765497,51.140363142650386],[17.049648620008234,51.14030219510668],[17.049631404415624,51.14025049962652],[17.049604228404277,51.14016958777804],[17.04956665594416,51.14005703779599],[17.049527668366025,51.139940341063884],[17.049490811244716,51.13982985549342],[17.04945224480579,51.13971424091027],[17.04938450330618,51.13951142338314],[17.049375686244716,51.139484994086914],[17.049345937387976,51.139395808761535],[17.049331569003066,51.13935301813721],[17.04930367770143,51.139269412486435],[17.049275784837054,51.139185887721624],[17.049242346121282,51.139085740963885],[17.0492257604655,51.138990900248],[17.049214563015184,51.13892662316923],[17.04899141382976,51.13890511252357],[17.04893526659679,51.138899693662516],[17.04883655023744,51.13889010797407],[17.048709393974,51.13887790862072],[17.04858225391424,51.138865619364246],[17.048539825669508,51.13886155248784],[17.048370386258558,51.13884518816785],[17.048391947731925,51.138756303213086],[17.048363652788222,51.13875359184068],[17.04840920032212,51.13856700483422],[17.04811262300631,51.13853835056785],[17.04803112728544,51.138575974130625],[17.048070210978576,51.138416087813404],[17.04810282827447,51.138282263764985],[17.048124386472367,51.13819354962706],[17.04813199921768,51.138162453479815],[17.048516010181487,51.13819951420526],[17.04852490166417,51.13817084665087],[17.048727757996687,51.1381950428597],[17.048716535703402,51.138255083306966],[17.048928543693876,51.138275515026734],[17.048945187663808,51.13822212603751],[17.048945619098188,51.13822060130647],[17.04898091672646,51.13810780761077],[17.04899856962976,51.13805120852459],[17.049005882297166,51.138027733099534],[17.049170901550184,51.13749882066156],[17.049114798904924,51.137492008848184],[17.049028524183704,51.13776863788966],[17.048663779656774,51.13772386961969],[17.04868678660126,51.13765011693772],[17.04874978427785,51.13744727460097],[17.04870964222777,51.13744257912235],[17.04831893898659,51.13739562988098],[17.048167083105408,51.1373756776271],[17.048095536779325,51.137670297284544],[17.04780324247407,51.13764280976828],[17.047758090452234,51.137637839442284],[17.04773424905077,51.13773680110633],[17.047709381391446,51.13783979974806],[17.047684814337423,51.13794207266955],[17.047660385323844,51.13804318704434],[17.047996675429502,51.1380757256428],[17.047970570619274,51.138149965379576],[17.047936362961355,51.13828953881037],[17.047714083621702,51.13826829349528],[17.04768533495748,51.138385581025815],[17.047664358771907,51.13847096466391],[17.047630164228845,51.13861053810773],[17.047852455758683,51.13863196346865],[17.047841763883405,51.13871339451182],[17.047504051453842,51.13868031351136],[17.047477373980538,51.13879135207156],[17.047470501227494,51.13881979326685],[17.047427703323144,51.13881564206898],[17.047239839371123,51.138797471946376],[17.047104255569526,51.13878444705975],[17.046917974248295,51.138766460117296],[17.04672724415012,51.138748014102745],[17.046761311083483,51.13860852977445],[17.046598874582777,51.138592885194264],[17.046564807172683,51.13873236947306],[17.046375375836444,51.138714014378415],[17.04618908080989,51.13869602616126],[17.04605337069914,51.13868291811735],[17.045864209568855,51.13866464530415],[17.04582235324944,51.13866058210633],[17.045855994222663,51.138521094556914],[17.0455735520714,51.13849378074631],[17.04549297630872,51.13848600335528],[17.045317400052667,51.13847215555614],[17.04536581045928,51.138486835267315],[17.045386064919455,51.13850940279081],[17.04532842583501,51.13875441254395],[17.045320371044138,51.1387888310715],[17.04510890871718,51.13878762612016],[17.045013465875726,51.138787035594575],[17.044827269312226,51.138799601815684],[17.044800687398855,51.13880182989689],[17.04456805226117,51.13881563454973],[17.04442758273653,51.13882957153906],[17.04432253985926,51.13883715450591],[17.044286676548374,51.13883973813009],[17.044246563972116,51.138842574686386],[17.04423020367297,51.138922089245135],[17.04422025429098,51.13896102299644],[17.044215264865898,51.13896044284223],[17.0442419846183,51.13884289684897],[17.04421309034119,51.13884499802389],[17.044165360588153,51.13884856339007],[17.043988142300492,51.138877499881424],[17.043966402938274,51.1388811877218],[17.043948837326738,51.13888412757816],[17.043937660958896,51.13880465764309],[17.043888315712884,51.13845476377766],[17.04375156871106,51.1384628601466],[17.043716411605914,51.13846931491745],[17.043674805947088,51.13848771812564],[17.04364947396644,51.13851314046356],[17.043542488311342,51.13820538599744],[17.04355659647903,51.13822660906681],[17.04355373511987,51.138228851057335],[17.043564118394453,51.138262296551595],[17.043581350474884,51.13830176717891],[17.04361301822818,51.1383369329472],[17.043638142501518,51.13835268149956],[17.04366485100061,51.13835745765282],[17.043709006237734,51.138356047748125],[17.043982210850054,51.13834138082575],[17.04397812911379,51.138296165496804],[17.043813434896595,51.138269549195556],[17.043858844102417,51.138090523057535],[17.043993393607586,51.13810713013132],[17.044026739295308,51.13798357032122],[17.044110021011743,51.137994499240286],[17.044135158720643,51.137997833094374],[17.04415611526055,51.13793169673817],[17.044296258978438,51.13795002126048],[17.044315930369734,51.13788244502001],[17.044177351362826,51.13786447491521],[17.04417535397857,51.13786293934062],[17.044223713206573,51.13771673139694],[17.044232196847652,51.13768302662383],[17.043691911225675,51.13761691402591],[17.04369708004003,51.13759912083006],[17.044211220418173,51.137662250923874],[17.044265330930862,51.137485929694044],[17.04428499471915,51.13742355839781],[17.044313002302818,51.13742698758431],[17.04433237766447,51.137365431980776],[17.044136230287553,51.137341858297994],[17.04418720465915,51.13716516985615],[17.0440654971435,51.13715026812107],[17.044098210736127,51.13704620165386],[17.044126770369004,51.13695507328732],[17.04414887996519,51.13688497292184],[17.043994304613495,51.136866098737734],[17.043741595584642,51.136835292806104],[17.043320333681088,51.13678371698031],[17.04330647928813,51.13677858742365],[17.043278196459173,51.13687007744719],[17.04325236509921,51.136953568750954],[17.043211303029935,51.137086756078304],[17.043170404024398,51.137218955861684],[17.043137822503674,51.137324821082885],[17.043091742190217,51.13747400483629],[17.043034320728392,51.137659584750395],[17.042985374435265,51.137818112217275],[17.042952498878414,51.137924334558456],[17.042917190563266,51.13803901421788],[17.042856026435807,51.13823690618814],[17.042787122966633,51.13846006760272],[17.042756540308815,51.13855901804304],[17.042725957331584,51.138657977461136],[17.042698960534032,51.13874659217225],[17.042686538024082,51.1387855145439],[17.042662063611502,51.13886478268045],[17.04260419603736,51.13905172512451],[17.04253642173018,51.13927129975311],[17.042505116079564,51.13937268039237],[17.042482134948564,51.139446737726665],[17.042369443699165,51.13951310254416],[17.041860702958743,51.139404323279756],[17.041587560055085,51.13934597186241],[17.041298073436618,51.13928194820862],[17.04087426601302,51.13918814537926],[17.040845716295845,51.13917635954437],[17.040515123377716,51.13924383897965],[17.040522237209803,51.13926326104104],[17.04052277399031,51.139280795256276],[17.040467089510624,51.13951501313824],[17.0399403750681,51.13947243961538],[17.039700505118983,51.13945314724335],[17.039695355927485,51.139452691439566],[17.039569924139457,51.139434554149695],[17.03941704693415,51.13942717665672],[17.039368285565754,51.13962292126125],[17.039290997894632,51.13961640717989],[17.03886666539972,51.139580279331255],[17.038835556281654,51.139732353242195],[17.038933706533527,51.13974166404164],[17.03892837752152,51.1397643191091],[17.03890839232558,51.13984934077278],[17.038897888049117,51.13989481398155],[17.03879288288712,51.139884592798374],[17.038916154728373,51.14009419264317],[17.038903288710152,51.14009787155522],[17.038553043256847,51.140198778268264],[17.03861517075685,51.14030982567982],[17.038677298551804,51.14042087305788],[17.038826591687965,51.140522541418825],[17.038976196265423,51.140624382947955],[17.038530341156942,51.14064361508823],[17.038568582253763,51.14058718681337],[17.03792681108737,51.13942931966841],[17.037711689217527,51.13905138699159],[17.037187403190547,51.13812098522666],[17.03674787241744,51.137346476365614],[17.036538686356558,51.13698496938035],[17.03637601247626,51.13713903325393],[17.03645724809554,51.13717396213683],[17.036391850853317,51.13723621604096],[17.036310156348268,51.1373139236751],[17.036222904385987,51.13728519291989],[17.03617676553864,51.13727347673528],[17.035906035273314,51.13752627271013],[17.035575433902043,51.137786404338975],[17.035533029760796,51.13776687972353],[17.03427906280097,51.13846084414675],[17.033848875273303,51.13872439165004],[17.03370467932903,51.13883180432707],[17.033573908338926,51.13894227636866],[17.033265083618012,51.13924238759298],[17.033169012607132,51.13936007702721],[17.03309611657305,51.13946079673888],[17.03296561816684,51.139664762717935],[17.03305387459244,51.139695463933556],[17.03309785358165,51.13971077732391],[17.033470839493972,51.139840632411165],[17.033506630652756,51.139882631178374]],[[17.049022236592453,51.13986978094391],[17.049080997790828,51.14004571854632],[17.049013176931908,51.14001791050218],[17.04899646954787,51.14001106837586],[17.048830693497482,51.14003318322218],[17.048876924069717,51.140174238092705],[17.04888660336536,51.14020390171701],[17.048829588499547,51.140211420837836],[17.048832671431708,51.140248456262356],[17.04883436339226,51.14026903832098],[17.048878905860892,51.14040254613662],[17.04882630505521,51.140409435919835],[17.04885099345374,51.14054040900528],[17.0488477039353,51.1405544510399],[17.048823404483347,51.14065835345234],[17.048820945353135,51.14066884234191],[17.04879463337497,51.14078235628353],[17.048790617241643,51.14079907131915],[17.048773941578986,51.140871329263014],[17.04876043201887,51.140929292458715],[17.048730098014683,51.141059791056826],[17.04844107998473,51.14103384211996],[17.048253923903726,51.14101692897926],[17.04815105153967,51.14100770445157],[17.04742799744821,51.14094267471025],[17.047461475557807,51.140811644686686],[17.048284820144918,51.14088625528241],[17.048315429951526,51.14075629841544],[17.048054701633554,51.14073278117467],[17.048069939336617,51.14066726284476],[17.048085176810474,51.14060175350005],[17.047520428393977,51.14055029253337],[17.04755476422653,51.14042060891795],[17.04807992980051,51.140469167529034],[17.048109973771577,51.140341723199974],[17.047585231675157,51.1402920984],[17.047616145936136,51.14016061593897],[17.048098592626815,51.140206534240036],[17.048124613826612,51.140096802712605],[17.048151058319746,51.139984548533505],[17.04817721759338,51.13987364946131],[17.048735384013245,51.139927247220065],[17.04874034996072,51.13995331262317],[17.048910270222763,51.139930485466685],[17.048967152446902,51.13992314502142],[17.049022236592453,51.13986978094391]],[[17.048220507294896,51.13862116122218],[17.048220506314724,51.13862116117403],[17.048220505343995,51.13862116103004],[17.04822050439205,51.13862116079159],[17.048220503468063,51.13862116046098],[17.04822050258093,51.138621160041396],[17.048220501739195,51.138621159536875],[17.048220500950965,51.13862115895228],[17.048220500223827,51.13862115829325],[17.048220499564792,51.138621157566114],[17.0482204989802,51.13862115677789],[17.048220498475683,51.13862115593615],[17.0482204980561,51.138621155049016],[17.04822049772549,51.138621154125026],[17.048220497487044,51.138621153173084],[17.04822049734305,51.138621152202354],[17.048220497294896,51.13862115122218],[17.04822049734305,51.13862115024201],[17.048220497487044,51.13862114927128],[17.04822049772549,51.13862114831934],[17.0482204980561,51.13862114739535],[17.048220498475683,51.138621146508214],[17.0482204989802,51.13862114566648],[17.048220499564792,51.13862114487825],[17.048220500223827,51.13862114415112],[17.048220500950965,51.13862114349208],[17.048220501739195,51.13862114290749],[17.04822050258093,51.13862114240297],[17.048220503468063,51.138621141983386],[17.04822050439205,51.13862114165278],[17.048220505343995,51.138621141414326],[17.048220506314724,51.138621141270335],[17.048220507294896,51.13862114122218],[17.04822050827507,51.138621141270335],[17.048220509245798,51.138621141414326],[17.048220510197744,51.13862114165278],[17.04822051112173,51.138621141983386],[17.048220512008864,51.13862114240297],[17.048220512850598,51.13862114290749],[17.048220513638828,51.13862114349208],[17.048220514365966,51.13862114415112],[17.048220515025,51.13862114487825],[17.048220515609593,51.13862114566648],[17.04822051611411,51.138621146508214],[17.048220516533693,51.13862114739535],[17.0482205168643,51.13862114831934],[17.04822051710275,51.13862114927128],[17.048220517246744,51.13862115024201],[17.048220517294897,51.13862115122218],[17.048220517246744,51.138621152202354],[17.04822051710275,51.138621153173084],[17.0482205168643,51.138621154125026],[17.048220516533693,51.138621155049016],[17.04822051611411,51.13862115593615],[17.048220515609593,51.13862115677789],[17.048220515025,51.138621157566114],[17.048220514365966,51.13862115829325],[17.048220513638828,51.13862115895228],[17.048220512850598,51.138621159536875],[17.048220512008864,51.138621160041396],[17.04822051112173,51.13862116046098],[17.048220510197744,51.13862116079159],[17.048220509245798,51.13862116103004],[17.04822050827507,51.13862116117403],[17.048220507294896,51.13862116122218]],[[17.043498738796025,51.1369066985248],[17.04349873787204,51.136906698855405],[17.043498736920093,51.136906699093856],[17.043498735949363,51.13690669923785],[17.04349873496919,51.136906699286],[17.04349873398902,51.13690669923785],[17.04349873301829,51.136906699093856],[17.043498732066343,51.136906698855405],[17.043498731142357,51.1369066985248],[17.043498730255223,51.136906698105214],[17.04349872941349,51.13690669760069],[17.04349872862526,51.1369066970161],[17.043498727898122,51.136906696357066],[17.043498727239086,51.13690669562993],[17.043498726654494,51.136906694841706],[17.043498726149977,51.13690669399997],[17.043498725730394,51.136906693112834],[17.043498725399786,51.136906692188845],[17.04349872516134,51.1369066912369],[17.043498725017344,51.13690669026617],[17.04349872496919,51.136906689286],[17.043498725017344,51.13690668830583],[17.04349872516134,51.1369066873351],[17.043498725399786,51.136906686383156],[17.043498725730394,51.13690668545917],[17.043498726149977,51.13690668457203],[17.043498726654494,51.136906683730295],[17.043498727239086,51.13690668294207],[17.043498727898122,51.136906682214935],[17.04349872862526,51.1369066815559],[17.04349872941349,51.13690668097131],[17.043498730255223,51.13690668046679],[17.043498731142357,51.136906680047204],[17.043498732066343,51.136906679716596],[17.04349873301829,51.136906679478145],[17.04349873398902,51.13690667933415],[17.04349873496919,51.136906679286],[17.043498735949363,51.13690667933415],[17.043498736920093,51.136906679478145],[17.04349873787204,51.136906679716596],[17.043498738796025,51.136906680047204],[17.04349873968316,51.13690668046679],[17.043498740524893,51.13690668097131],[17.043498741313122,51.1369066815559],[17.04349874204026,51.136906682214935],[17.043498742699295,51.13690668294207],[17.043498743283887,51.136906683730295],[17.043498743788405,51.13690668457203],[17.043498744207987,51.13690668545917],[17.043498744538596,51.136906686383156],[17.043498744777043,51.1369066873351],[17.04349874492104,51.13690668830583],[17.04349874496919,51.136906689286],[17.04349874492104,51.13690669026617],[17.043498744777043,51.1369066912369],[17.043498744538596,51.136906692188845],[17.043498744207987,51.136906693112834],[17.043498743788405,51.13690669399997],[17.043498743283887,51.136906694841706],[17.043498742699295,51.13690669562993],[17.04349874204026,51.136906696357066],[17.043498741313122,51.1369066970161],[17.043498740524893,51.13690669760069],[17.04349873968316,51.136906698105214],[17.043498738796025,51.1369066985248]],[[17.048251843341948,51.14076834137817],[17.0482518431035,51.14076834233011],[17.048251842772892,51.1407683432541],[17.04825184235331,51.140768344141236],[17.048251841848792,51.14076834498297],[17.0482518412642,51.1407683457712],[17.048251840605165,51.140768346498334],[17.048251839878027,51.14076834715737],[17.048251839089797,51.14076834774196],[17.048251838248063,51.14076834824648],[17.04825183736093,51.140768348666064],[17.048251836436943,51.14076834899667],[17.048251835484997,51.140768349235124],[17.048251834514268,51.140768349379115],[17.048251833534096,51.14076834942727],[17.048251832553923,51.140768349379115],[17.048251831583194,51.140768349235124],[17.048251830631248,51.14076834899667],[17.04825182970726,51.140768348666064],[17.048251828820128,51.14076834824648],[17.048251827978394,51.14076834774196],[17.048251827190164,51.14076834715737],[17.048251826463027,51.140768346498334],[17.04825182580399,51.1407683457712],[17.0482518252194,51.14076834498297],[17.04825182471488,51.140768344141236],[17.0482518242953,51.1407683432541],[17.04825182396469,51.14076834233011],[17.048251823726243,51.14076834137817],[17.048251823582248,51.14076834040744],[17.048251823534095,51.14076833942727],[17.048251823582248,51.140768338447096],[17.048251823726243,51.140768337476366],[17.04825182396469,51.140768336524424],[17.0482518242953,51.140768335600434],[17.04825182471488,51.1407683347133],[17.0482518252194,51.14076833387156],[17.04825182580399,51.14076833308334],[17.048251826463027,51.1407683323562],[17.048251827190164,51.14076833169717],[17.048251827978394,51.140768331112575],[17.048251828820128,51.140768330608054],[17.04825182970726,51.14076833018847],[17.048251830631248,51.14076832985786],[17.048251831583194,51.14076832961941],[17.048251832553923,51.14076832947542],[17.048251833534096,51.14076832942727],[17.048251834514268,51.14076832947542],[17.048251835484997,51.14076832961941],[17.048251836436943,51.14076832985786],[17.04825183736093,51.14076833018847],[17.048251838248063,51.140768330608054],[17.048251839089797,51.140768331112575],[17.048251839878027,51.14076833169717],[17.048251840605165,51.1407683323562],[17.0482518412642,51.14076833308334],[17.048251841848792,51.14076833387156],[17.04825184235331,51.1407683347133],[17.048251842772892,51.140768335600434],[17.0482518431035,51.140768336524424],[17.048251843341948,51.140768337476366],[17.048251843485943,51.140768338447096],[17.048251843534096,51.14076833942727],[17.048251843485943,51.14076834040744],[17.048251843341948,51.14076834137817]]],[[[17.03903411952845,51.13805757734216],[17.03900205066933,51.138196078064716],[17.038990115412204,51.13823823134361],[17.03895765123413,51.138355153644206],[17.038911383805573,51.138521594354515],[17.039439217587436,51.1386914481998],[17.03942080459895,51.13870078104662],[17.03958133483274,51.13875310670351],[17.039637613463295,51.13877210550729],[17.04001979541441,51.13889934528332],[17.04019062366143,51.138345555690506],[17.040230672924054,51.1382155164789],[17.04027302708312,51.138078367374284],[17.040314940387645,51.13794248217483],[17.040369494854392,51.13776615736598],[17.040437544036717,51.13754542650544],[17.040497551435294,51.13735140079928],[17.040554677227508,51.1371660803675],[17.04060923169045,51.13698966553265],[17.040666365268653,51.13680461479107],[17.040512379281957,51.13678565093716],[17.040161692275703,51.13674247269652],[17.040251135423443,51.136452634249096],[17.04025586253477,51.13644104043308],[17.040273167994208,51.13642649335751],[17.04029719375726,51.136417242393584],[17.040325479131834,51.13641412136209],[17.040088505544954,51.13638476710919],[17.040110487289937,51.136392777516654],[17.04013517636138,51.13641148984618],[17.040142001389913,51.13643378625971],[17.04002443553121,51.136805676063],[17.03938776749408,51.13672601400245],[17.039361035685985,51.136824329996905],[17.039314347986725,51.13699670960788],[17.039313916247504,51.13699823430205],[17.039266358920855,51.137173941906795],[17.039265783673564,51.13717618459393],[17.039218217469106,51.137351613422815],[17.039217643896198,51.137353775216546],[17.03917022764939,51.137528845667696],[17.039169654071937,51.13753100746112],[17.03916721353472,51.13753981524706],[17.039195647719566,51.13754333007172],[17.03916287615491,51.13766547290138],[17.03916101228114,51.137672658298044],[17.039148370724043,51.13771993888341],[17.039119367010567,51.13771632048224],[17.03911058681436,51.13776000096983],[17.039098382405058,51.13779379167643],[17.039085587690348,51.13785051012829],[17.039075257820695,51.13787935394724],[17.039064754181183,51.137924827189465],[17.03906287494303,51.1379410110975],[17.039040162104587,51.13803151206044],[17.039039013245006,51.138035916538506],[17.03903411952845,51.13805757734216]],[[17.03909245456645,51.13853597418938],[17.039092454518297,51.13853597516955],[17.039092454374302,51.13853597614028],[17.039092454135854,51.138535977092225],[17.039092453805246,51.138535978016215],[17.039092453385663,51.13853597890335],[17.039092452881146,51.138535979745086],[17.039092452296554,51.13853598053331],[17.03909245163752,51.138535981260446],[17.03909245091038,51.13853598191948],[17.03909245012215,51.138535982504074],[17.039092449280417,51.138535983008595],[17.039092448393284,51.13853598342818],[17.039092447469297,51.138535983758786],[17.03909244651735,51.13853598399724],[17.039092445546622,51.13853598414123],[17.03909244456645,51.13853598418938],[17.039092443586277,51.13853598414123],[17.039092442615548,51.13853598399724],[17.039092441663602,51.138535983758786],[17.039092440739616,51.13853598342818],[17.03909243985248,51.138535983008595],[17.039092439010748,51.138535982504074],[17.039092438222518,51.13853598191948],[17.03909243749538,51.138535981260446],[17.039092436836345,51.13853598053331],[17.039092436251753,51.138535979745086],[17.039092435747236,51.13853597890335],[17.039092435327653,51.138535978016215],[17.039092434997045,51.138535977092225],[17.039092434758597,51.13853597614028],[17.039092434614602,51.13853597516955],[17.03909243456645,51.13853597418938],[17.039092434614602,51.13853597320921],[17.039092434758597,51.13853597223848],[17.039092434997045,51.13853597128654],[17.039092435327653,51.13853597036255],[17.039092435747236,51.13853596947541],[17.039092436251753,51.138535968633676],[17.039092436836345,51.13853596784545],[17.03909243749538,51.138535967118315],[17.039092438222518,51.13853596645928],[17.039092439010748,51.13853596587469],[17.03909243985248,51.13853596537017],[17.039092440739616,51.138535964950584],[17.039092441663602,51.138535964619976],[17.039092442615548,51.138535964381525],[17.039092443586277,51.13853596423753],[17.03909244456645,51.13853596418938],[17.039092445546622,51.13853596423753],[17.03909244651735,51.138535964381525],[17.039092447469297,51.138535964619976],[17.039092448393284,51.138535964950584],[17.039092449280417,51.13853596537017],[17.03909245012215,51.13853596587469],[17.03909245091038,51.13853596645928],[17.03909245163752,51.138535967118315],[17.039092452296554,51.13853596784545],[17.039092452881146,51.138535968633676],[17.039092453385663,51.13853596947541],[17.039092453805246,51.13853597036255],[17.039092454135854,51.13853597128654],[17.039092454374302,51.13853597223848],[17.039092454518297,51.13853597320921],[17.03909245456645,51.13853597418938]]],[[[17.04756407037168,51.14086223728555],[17.047564069419735,51.1408622370471],[17.047564068449006,51.14086223690311],[17.047564067468834,51.14086223685496],[17.04756406648866,51.14086223690311],[17.047564065517932,51.1408622370471],[17.047564064565986,51.14086223728555],[17.047564063642,51.14086223761616],[17.047564062754866,51.140862238035744],[17.047564061913132,51.140862238540265],[17.047564061124902,51.14086223912486],[17.047564060397765,51.14086223978389],[17.04756405973873,51.14086224051103],[17.047564059154137,51.14086224129925],[17.04756405864962,51.14086224214099],[17.047564058230037,51.140862243028124],[17.04756405789943,51.140862243952114],[17.04756405766098,51.140862244904056],[17.047564057516986,51.140862245874786],[17.047564057468833,51.14086224685496],[17.047564057516986,51.14086224783513],[17.04756405766098,51.14086224880586],[17.04756405789943,51.1408622497578],[17.047564058230037,51.14086225068179],[17.04756405864962,51.140862251568926],[17.047564059154137,51.14086225241066],[17.04756405973873,51.14086225319889],[17.047564060397765,51.140862253926024],[17.047564061124902,51.14086225458506],[17.047564061913132,51.14086225516965],[17.047564062754866,51.14086225567417],[17.047564063642,51.140862256093754],[17.047564064565986,51.14086225642436],[17.047564065517932,51.140862256662814],[17.04756406648866,51.140862256806805],[17.047564067468834,51.14086225685496],[17.047564068449006,51.140862256806805],[17.047564069419735,51.140862256662814],[17.04756407037168,51.14086225642436],[17.047564071295668,51.140862256093754],[17.0475640721828,51.14086225567417],[17.047564073024535,51.14086225516965],[17.047564073812765,51.14086225458506],[17.047564074539903,51.140862253926024],[17.047564075198938,51.14086225319889],[17.04756407578353,51.14086225241066],[17.047564076288047,51.140862251568926],[17.04756407670763,51.14086225068179],[17.04756407703824,51.1408622497578],[17.047564077276686,51.14086224880586],[17.04756407742068,51.14086224783513],[17.047564077468834,51.14086224685496],[17.04756407742068,51.140862245874786],[17.047564077276686,51.140862244904056],[17.04756407703824,51.140862243952114],[17.04756407670763,51.140862243028124],[17.047564076288047,51.14086224214099],[17.04756407578353,51.14086224129925],[17.047564075198938,51.14086224051103],[17.047564074539903,51.14086223978389],[17.047564073812765,51.14086223912486],[17.047564073024535,51.140862238540265],[17.0475640721828,51.140862238035744],[17.047564071295668,51.14086223761616],[17.04756407037168,51.14086223728555]]],[[[17.047731823351864,51.14026224157588],[17.047731822427878,51.140262241245274],[17.04773182147593,51.14026224100682],[17.047731820505202,51.14026224086283],[17.04773181952503,51.14026224081468],[17.047731818544857,51.14026224086283],[17.047731817574128,51.14026224100682],[17.047731816622182,51.140262241245274],[17.047731815698196,51.14026224157588],[17.047731814811062,51.140262241995465],[17.047731813969328,51.140262242499986],[17.047731813181098,51.14026224308458],[17.04773181245396,51.140262243743614],[17.047731811794925,51.14026224447075],[17.047731811210333,51.140262245258974],[17.047731810705816,51.14026224610071],[17.047731810286233,51.140262246987845],[17.047731809955625,51.140262247911835],[17.047731809717177,51.14026224886378],[17.047731809573182,51.14026224983451],[17.04773180952503,51.14026225081468],[17.047731809573182,51.14026225179485],[17.047731809717177,51.14026225276558],[17.047731809955625,51.14026225371752],[17.047731810286233,51.14026225464151],[17.047731810705816,51.14026225552865],[17.047731811210333,51.140262256370384],[17.047731811794925,51.14026225715861],[17.04773181245396,51.140262257885745],[17.047731813181098,51.14026225854478],[17.047731813969328,51.14026225912937],[17.047731814811062,51.14026225963389],[17.047731815698196,51.140262260053476],[17.047731816622182,51.140262260384084],[17.047731817574128,51.140262260622535],[17.047731818544857,51.14026226076653],[17.04773181952503,51.14026226081468],[17.047731820505202,51.14026226076653],[17.04773182147593,51.140262260622535],[17.047731822427878,51.140262260384084],[17.047731823351864,51.140262260053476],[17.047731824238998,51.14026225963389],[17.04773182508073,51.14026225912937],[17.04773182586896,51.14026225854478],[17.0477318265961,51.140262257885745],[17.047731827255134,51.14026225715861],[17.047731827839726,51.140262256370384],[17.047731828344244,51.14026225552865],[17.047731828763826,51.14026225464151],[17.047731829094435,51.14026225371752],[17.047731829332882,51.14026225276558],[17.047731829476877,51.14026225179485],[17.04773182952503,51.14026225081468],[17.047731829476877,51.14026224983451],[17.047731829332882,51.14026224886378],[17.047731829094435,51.140262247911835],[17.047731828763826,51.140262246987845],[17.047731828344244,51.14026224610071],[17.047731827839726,51.140262245258974],[17.047731827255134,51.14026224447075],[17.0477318265961,51.140262243743614],[17.04773182586896,51.14026224308458],[17.04773182508073,51.140262242499986],[17.047731824238998,51.140262241995465],[17.047731823351864,51.14026224157588]]],[[[17.038904756627105,51.14897171013007],[17.03890475573997,51.14897170971049],[17.038904754815984,51.14897170937988],[17.03890475386404,51.14897170914143],[17.03890475289331,51.148971708997436],[17.038904751913137,51.14897170894928],[17.038904750932964,51.148971708997436],[17.038904749962235,51.14897170914143],[17.03890474901029,51.14897170937988],[17.038904748086303,51.14897170971049],[17.03890474719917,51.14897171013007],[17.038904746357435,51.14897171063459],[17.038904745569205,51.14897171121918],[17.038904744842068,51.14897171187822],[17.038904744183032,51.14897171260535],[17.03890474359844,51.14897171339358],[17.038904743093923,51.148971714235316],[17.03890474267434,51.14897171512245],[17.038904742343732,51.14897171604644],[17.038904742105284,51.14897171699838],[17.03890474196129,51.14897171796911],[17.038904741913136,51.148971718949284],[17.03890474196129,51.148971719929456],[17.038904742105284,51.148971720900185],[17.038904742343732,51.14897172185213],[17.03890474267434,51.14897172277612],[17.038904743093923,51.14897172366325],[17.03890474359844,51.14897172450499],[17.038904744183032,51.148971725293215],[17.038904744842068,51.14897172602035],[17.038904745569205,51.148971726679385],[17.038904746357435,51.14897172726398],[17.03890474719917,51.1489717277685],[17.038904748086303,51.14897172818808],[17.03890474901029,51.14897172851869],[17.038904749962235,51.14897172875714],[17.038904750932964,51.14897172890113],[17.038904751913137,51.148971728949284],[17.03890475289331,51.14897172890113],[17.03890475386404,51.14897172875714],[17.038904754815984,51.14897172851869],[17.03890475573997,51.14897172818808],[17.038904756627105,51.1489717277685],[17.03890475746884,51.14897172726398],[17.03890475825707,51.148971726679385],[17.038904758984206,51.14897172602035],[17.03890475964324,51.148971725293215],[17.038904760227833,51.14897172450499],[17.03890476073235,51.14897172366325],[17.038904761151933,51.14897172277612],[17.03890476148254,51.14897172185213],[17.03890476172099,51.148971720900185],[17.038904761864984,51.148971719929456],[17.038904761913138,51.148971718949284],[17.038904761864984,51.14897171796911],[17.03890476172099,51.14897171699838],[17.03890476148254,51.14897171604644],[17.038904761151933,51.14897171512245],[17.03890476073235,51.148971714235316],[17.038904760227833,51.14897171339358],[17.03890475964324,51.14897171260535],[17.038904758984206,51.14897171187822],[17.03890475825707,51.14897171121918],[17.03890475746884,51.14897171063459],[17.038904756627105,51.14897171013007]]],[[[17.048194732591934,51.13836480915787],[17.0481947317502,51.13836480865335],[17.048194730863067,51.13836480823377],[17.04819472993908,51.13836480790316],[17.048194728987134,51.13836480766471],[17.048194728016405,51.138364807520716],[17.048194727036233,51.13836480747256],[17.04819472605606,51.138364807520716],[17.04819472508533,51.13836480766471],[17.048194724133385,51.13836480790316],[17.0481947232094,51.13836480823377],[17.048194722322265,51.13836480865335],[17.04819472148053,51.13836480915787],[17.0481947206923,51.13836480974246],[17.048194719965164,51.1383648104015],[17.048194719306128,51.13836481112863],[17.048194718721536,51.13836481191686],[17.04819471821702,51.138364812758596],[17.048194717797436,51.13836481364573],[17.048194717466828,51.13836481456972],[17.04819471722838,51.13836481552166],[17.048194717084385,51.13836481649239],[17.048194717036232,51.138364817472564],[17.048194717084385,51.138364818452736],[17.04819471722838,51.138364819423465],[17.048194717466828,51.13836482037541],[17.048194717797436,51.1383648212994],[17.04819471821702,51.13836482218653],[17.048194718721536,51.13836482302827],[17.048194719306128,51.138364823816495],[17.048194719965164,51.13836482454363],[17.0481947206923,51.138364825202665],[17.04819472148053,51.13836482578726],[17.048194722322265,51.13836482629178],[17.0481947232094,51.13836482671136],[17.048194724133385,51.13836482704197],[17.04819472508533,51.13836482728042],[17.04819472605606,51.13836482742441],[17.048194727036233,51.138364827472564],[17.048194728016405,51.13836482742441],[17.048194728987134,51.13836482728042],[17.04819472993908,51.13836482704197],[17.048194730863067,51.13836482671136],[17.0481947317502,51.13836482629178],[17.048194732591934,51.13836482578726],[17.048194733380164,51.138364825202665],[17.0481947341073,51.13836482454363],[17.048194734766337,51.138364823816495],[17.04819473535093,51.13836482302827],[17.048194735855446,51.13836482218653],[17.04819473627503,51.1383648212994],[17.048194736605637,51.13836482037541],[17.048194736844085,51.138364819423465],[17.04819473698808,51.138364818452736],[17.048194737036233,51.138364817472564],[17.04819473698808,51.13836481649239],[17.048194736844085,51.13836481552166],[17.048194736605637,51.13836481456972],[17.04819473627503,51.13836481364573],[17.048194735855446,51.138364812758596],[17.04819473535093,51.13836481191686],[17.048194734766337,51.13836481112863],[17.0481947341073,51.1383648104015],[17.048194733380164,51.13836480974246],[17.048194732591934,51.13836480915787]]],[[[17.04040994046377,51.13656816108403],[17.04040993967554,51.136568160499436],[17.040409938833808,51.136568159994916],[17.040409937946674,51.13656815957533],[17.040409937022687,51.136568159244725],[17.04040993607074,51.13656815900627],[17.040409935100012,51.13656815886228],[17.04040993411984,51.13656815881413],[17.040409933139667,51.13656815886228],[17.040409932168938,51.13656815900627],[17.040409931216992,51.136568159244725],[17.040409930293006,51.13656815957533],[17.04040992940587,51.136568159994916],[17.040409928564138,51.136568160499436],[17.040409927775908,51.13656816108403],[17.04040992704877,51.136568161743064],[17.040409926389735,51.1365681624702],[17.040409925805143,51.136568163258424],[17.040409925300626,51.13656816410016],[17.040409924881043,51.136568164987295],[17.040409924550435,51.136568165911285],[17.040409924311987,51.13656816686323],[17.040409924167992,51.13656816783396],[17.04040992411984,51.13656816881413],[17.040409924167992,51.1365681697943],[17.040409924311987,51.13656817076503],[17.040409924550435,51.13656817171697],[17.040409924881043,51.13656817264096],[17.040409925300626,51.1365681735281],[17.040409925805143,51.136568174369835],[17.040409926389735,51.13656817515806],[17.04040992704877,51.136568175885195],[17.040409927775908,51.13656817654423],[17.040409928564138,51.13656817712882],[17.04040992940587,51.13656817763334],[17.040409930293006,51.136568178052926],[17.040409931216992,51.136568178383534],[17.040409932168938,51.136568178621985],[17.040409933139667,51.13656817876598],[17.04040993411984,51.13656817881413],[17.040409935100012,51.13656817876598],[17.04040993607074,51.136568178621985],[17.040409937022687,51.136568178383534],[17.040409937946674,51.136568178052926],[17.040409938833808,51.13656817763334],[17.04040993967554,51.13656817712882],[17.04040994046377,51.13656817654423],[17.04040994119091,51.136568175885195],[17.040409941849944,51.13656817515806],[17.040409942434536,51.136568174369835],[17.040409942939053,51.1365681735281],[17.040409943358636,51.13656817264096],[17.040409943689244,51.13656817171697],[17.040409943927692,51.13656817076503],[17.040409944071687,51.1365681697943],[17.04040994411984,51.13656816881413],[17.040409944071687,51.13656816783396],[17.040409943927692,51.13656816686323],[17.040409943689244,51.136568165911285],[17.040409943358636,51.136568164987295],[17.040409942939053,51.13656816410016],[17.040409942434536,51.136568163258424],[17.040409941849944,51.1365681624702],[17.04040994119091,51.136568161743064],[17.04040994046377,51.13656816108403]]],[[[17.04763048447953,51.1404996733534],[17.047630483975013,51.140499672511666],[17.04763048339042,51.14049967172344],[17.047630482731385,51.140499670996306],[17.047630482004248,51.14049967033727],[17.047630481216018,51.14049966975268],[17.047630480374284,51.14049966924816],[17.04763047948715,51.140499668828575],[17.047630478563164,51.14049966849797],[17.047630477611218,51.140499668259515],[17.04763047664049,51.140499668115524],[17.047630475660316,51.14049966806737],[17.047630474680144,51.140499668115524],[17.047630473709415,51.140499668259515],[17.04763047275747,51.14049966849797],[17.047630471833482,51.140499668828575],[17.04763047094635,51.14049966924816],[17.047630470104615,51.14049966975268],[17.047630469316385,51.14049967033727],[17.047630468589247,51.140499670996306],[17.04763046793021,51.14049967172344],[17.04763046734562,51.140499672511666],[17.047630466841103,51.1404996733534],[17.04763046642152,51.14049967424054],[17.04763046609091,51.14049967516453],[17.047630465852464,51.14049967611647],[17.04763046570847,51.1404996770872],[17.047630465660315,51.14049967806737],[17.04763046570847,51.140499679047544],[17.047630465852464,51.14049968001827],[17.04763046609091,51.140499680970215],[17.04763046642152,51.140499681894205],[17.047630466841103,51.14049968278134],[17.04763046734562,51.14049968362308],[17.04763046793021,51.1404996844113],[17.047630468589247,51.14049968513844],[17.047630469316385,51.14049968579747],[17.047630470104615,51.140499686382064],[17.04763047094635,51.140499686886585],[17.047630471833482,51.14049968730617],[17.04763047275747,51.140499687636776],[17.047630473709415,51.14049968787523],[17.047630474680144,51.14049968801922],[17.047630475660316,51.14049968806737],[17.04763047664049,51.14049968801922],[17.047630477611218,51.14049968787523],[17.047630478563164,51.140499687636776],[17.04763047948715,51.14049968730617],[17.047630480374284,51.140499686886585],[17.047630481216018,51.140499686382064],[17.047630482004248,51.14049968579747],[17.047630482731385,51.14049968513844],[17.04763048339042,51.1404996844113],[17.047630483975013,51.14049968362308],[17.04763048447953,51.14049968278134],[17.047630484899113,51.140499681894205],[17.04763048522972,51.140499680970215],[17.04763048546817,51.14049968001827],[17.047630485612164,51.140499679047544],[17.047630485660317,51.14049967806737],[17.047630485612164,51.1404996770872],[17.04763048546817,51.14049967611647],[17.04763048522972,51.14049967516453],[17.047630484899113,51.14049967424054],[17.04763048447953,51.1404996733534]]]]}},{"type":"Feature","properties":{"name":"Karłowice–Różanka — okręg 4","district":4,"precinct":87,"seats":6,"election_year":2021,"polling_station":"Liceum Ogólnokształcące nr X, ul. Piesza 1","reconstruction":true,"method":"official 2021 address rules + current SIP EMUiA address points + current cadastral parcels","crs":"EPSG:4326"},"geometry":{"type":"MultiPolygon","coordinates":[[[[17.012003285906356,51.14328279606187],[17.011426485301328,51.14467221774762],[17.0106090399211,51.14516815083859],[17.010605361872805,51.14517039410717],[17.010536059868937,51.14521258060914],[17.009840046186074,51.14562708247222],[17.00920929732936,51.14606132601059],[17.009133442780907,51.14611438759373],[17.009259743275578,51.14619638240628],[17.009445098553527,51.1463384786524],[17.009019167174685,51.146758247280054],[17.008962376850196,51.14684601751583],[17.008617675665537,51.147433141099974],[17.007388228190052,51.147919634540486],[17.007157136842626,51.148111256274504],[17.00658498873965,51.148261775221194],[17.00638619691967,51.14831814176833],[17.006368560651676,51.148592976421426],[17.006358495626685,51.14875084809244],[17.006401920138867,51.149203297591924],[17.006460195364934,51.14965710477247],[17.006505465472348,51.15010955185784],[17.006505301743005,51.15093057513905],[17.006349431831172,51.15094844239464],[17.006349365248823,51.15095196463712],[17.00634735703579,51.15116266673756],[17.00633066767959,51.15176642163741],[17.00630944749649,51.15197976346318],[17.006280851096573,51.152231254003475],[17.006248340468485,51.15251715779849],[17.006223367810254,51.15273114282468],[17.006169380819177,51.15301798511119],[17.006111439712654,51.15333268863118],[17.006093965820053,51.15342759485953],[17.006037698533948,51.15373746083649],[17.0059857837217,51.15402334972459],[17.00592415431359,51.15428872165554],[17.005861380720614,51.154506729073525],[17.005794851184532,51.15473777906375],[17.005688643251002,51.15510662027803],[17.005594975867425,51.155431907098304],[17.005573095199775,51.15550789031569],[17.005686985671392,51.15560410469185],[17.00588192569247,51.15576878785442],[17.00589241687534,51.155777650689075],[17.005916126868925,51.15579768062806],[17.00604317039383,51.1559050055855],[17.00673374122567,51.156295477443145],[17.006736282948037,51.15629652772389],[17.006887504333346,51.15635901484355],[17.006891680540793,51.15636074051994],[17.007029679401487,51.1564177638788],[17.007451302237403,51.15659198524666],[17.007763588101138,51.15670821250556],[17.008206647306015,51.15687311128228],[17.008801787920945,51.157058685091805],[17.00938462234871,51.15723630277879],[17.01006763290501,51.15739906679666],[17.01019079396436,51.15742467524103],[17.01055909577399,51.1575012549364],[17.010775942270843,51.15754634306314],[17.011497238528875,51.15767017732394],[17.011650714574685,51.157687040781596],[17.012580616406435,51.15778921542442],[17.013403166483958,51.15783016855164],[17.014232160725445,51.15784607316675],[17.01423222305396,51.15784607436255],[17.014242490234775,51.15784627146224],[17.01428074960188,51.1578470056123],[17.01428788162169,51.15784714212678],[17.01498401856841,51.1578387354402],[17.015232055039363,51.157823451467145],[17.015580976012046,51.157801951109725],[17.01600281534136,51.15777595524815],[17.016002891247265,51.15777594869498],[17.01615645457369,51.15776282646184],[17.016210832212014,51.15775818041288],[17.016318635099058,51.1577489683282],[17.016362502124043,51.15774521908034],[17.016408266729865,51.15774130867703],[17.01645582168672,51.15773649816556],[17.016506289165548,51.157731393890764],[17.016603363166542,51.15772157442944],[17.0165713722882,51.15766362978131],[17.01652994525479,51.15758859650073],[17.016462781351176,51.157466945008004],[17.016446963876167,51.15743835082624],[17.016399800438343,51.15735068107613],[17.016257597507956,51.1570863433324],[17.016157983406906,51.1569011703597],[17.01613545969898,51.15685930136618],[17.016063510344278,51.156725555169885],[17.0159937823218,51.15659593407748],[17.015991550425685,51.15659178726109],[17.015936095199656,51.15648869842842],[17.015929586789095,51.156476599578674],[17.01592687776639,51.15647156416671],[17.0159036820769,51.15642830866285],[17.01588502380674,51.156393514618],[17.015876078300053,51.15637683280113],[17.015958138343038,51.15635262999689],[17.015969505677024,51.156349277204924],[17.016120364286337,51.156300114403614],[17.01633247552679,51.1562253444613],[17.016336266411344,51.15622400811912],[17.016358313492983,51.15621541424894],[17.016546848504305,51.15614192354778],[17.01683381704694,51.1560170517597],[17.016962904753875,51.15595566775657],[17.01708967238103,51.15588976030786],[17.017216344272192,51.15582161349854],[17.017235207770234,51.15581092150236],[17.017251815519497,51.15580150775495],[17.0174352628021,51.155697525883284],[17.017608704196434,51.155589844954385],[17.01792478492366,51.15539360536473],[17.017960968899192,51.15537114021762],[17.018111785047658,51.15527860490119],[17.01824016151113,51.15519983745462],[17.018424547366063,51.15508670506935],[17.018547400297866,51.15501132587268],[17.018561341287743,51.155002731892054],[17.018958726239244,51.15475775476267],[17.019225860829575,51.15459307096453],[17.019460296334284,51.15444854498541],[17.019490631403123,51.1544296990041],[17.019819241288697,51.15422554956686],[17.01999714590275,51.1541150249213],[17.020037225649308,51.15409034706153],[17.02004876098909,51.15408324430448],[17.020048761626388,51.154083243912076],[17.020432960363394,51.15384668247058],[17.020743572629833,51.15365542637131],[17.020781907814197,51.15363182229595],[17.020911626452072,51.15355194844356],[17.021031908998058,51.15347788458124],[17.021127144400044,51.15341924395851],[17.021282809343912,51.153323392004566],[17.021382848055275,51.1532617933222],[17.02156087184092,51.153152173454394],[17.021630465711457,51.15310932037472],[17.021661781684003,51.153090037049076],[17.021882145367165,51.1529531366886],[17.021912889783493,51.15293403639965],[17.022063795728528,51.152840284943444],[17.022188855436298,51.152762591163935],[17.022190555882425,51.1527615347137],[17.022288586286873,51.15270063224585],[17.022308389020967,51.1526883300484],[17.02240287518989,51.1526300192372],[17.02261548121814,51.15249881231845],[17.022797618807502,51.15238640849382],[17.023172770658686,51.15215488387879],[17.02334192202285,51.15205049109191],[17.023505828540394,51.151949334592096],[17.02370428896958,51.15183526230953],[17.023865655281543,51.1517425100905],[17.02408434751849,51.15161680711012],[17.024191407108926,51.151555268205584],[17.024211446736228,51.151543749761295],[17.024395242785843,51.15145116146071],[17.02449512377814,51.15140376962453],[17.024495123992864,51.15140376952265],[17.024522376999347,51.15139083878741],[17.024554956397434,51.151375380427666],[17.02455616109031,51.15137484040404],[17.02455616129919,51.1513748403104],[17.02471022115025,51.151305845837484],[17.024791893028237,51.15127174142027],[17.024941698500697,51.15120918640737],[17.024981554432326,51.151193390348354],[17.025080936898732,51.15115400002879],[17.025232963529813,51.151096295088045],[17.0253622983006,51.15105137381054],[17.02540574965189,51.151036281790276],[17.02558291202872,51.15097735198928],[17.025705179985852,51.15093668109228],[17.025850453155527,51.15089349129766],[17.026075306667977,51.15083085417839],[17.02617071356444,51.15080648477777],[17.026260080378844,51.15078365797854],[17.026333863588512,51.15076481144773],[17.026468327577952,51.15073259714923],[17.026695954910874,51.15068138977736],[17.02676358502071,51.15066808962035],[17.026913823614663,51.15063854384335],[17.026939664241155,51.15063346213025],[17.027064606547892,51.1506115150054],[17.027380562994363,51.1505604207364],[17.027434614876082,51.15055354184717],[17.027610442821683,51.15053116503433],[17.02765312054851,51.15052623302939],[17.027918497120176,51.15049556468042],[17.027998705844386,51.150488673682645],[17.028124867512343,51.150477835964246],[17.028168267399185,51.15047410719185],[17.02819671809668,51.150471662872675],[17.028338131341126,51.150460994793875],[17.028352046463507,51.15045994533529],[17.0285821580558,51.150447304298055],[17.028608764263772,51.15044584240926],[17.028669494376675,51.150443626501314],[17.028758672776668,51.15044037206529],[17.0289369293774,51.15043631992405],[17.02913062293659,51.150431915602816],[17.029230078440097,51.150429654975405],[17.02923007873812,51.15042965496863],[17.029291909542426,51.15042824884977],[17.0294202650853,51.15042611642632],[17.029488143262217,51.15042498782367],[17.029652525298122,51.15042225692868],[17.02965252611986,51.15042225691503],[17.029934765286644,51.15041756549831],[17.030010324452405,51.15041630971669],[17.030262002438963,51.15041212637899],[17.030400232290674,51.15040982843172],[17.030585030132382,51.150406755735055],[17.030642014399646,51.15040580855696],[17.030752102392054,51.15040397814933],[17.030861425424302,51.15040216017795],[17.031139111806482,51.15039754229985],[17.031244833080326,51.15039578403126],[17.031738352869105,51.15038757549197],[17.031808770312708,51.150386403636226],[17.03234099815765,51.150377547477774],[17.032402114546574,51.15037653114631],[17.03285398467971,51.15036900984237],[17.032980681351052,51.1503669011475],[17.033194269831974,51.150363344986395],[17.0331942702193,51.150363344979944],[17.033238644109854,51.15027287421397],[17.030825033993644,51.15031437959351],[17.030739786605476,51.15027287821867],[17.036713461430875,51.150156648984684],[17.034765422893777,51.14978622662102],[17.03514072667055,51.149525279685605],[17.035292099158013,51.14941787958774],[17.03561003116288,51.149622948038456],[17.03583910495389,51.14971488576346],[17.036671015528697,51.149209753926726],[17.036024068069622,51.14882046740983],[17.03626476593719,51.14879815196958],[17.03663064887757,51.148769900239564],[17.03651632787709,51.148175849391954],[17.037511041320048,51.14871213537011],[17.03843928482112,51.1492203310865],[17.038761680482036,51.149396903531425],[17.038870790551737,51.14970870662503],[17.03928572706597,51.14975094182054],[17.039385775422303,51.14974489548408],[17.03963731498663,51.149727876125816],[17.039607035289624,51.14971995035364],[17.038865004666707,51.14930950141929],[17.03880114322596,51.14912032917297],[17.038726975819927,51.14912316266656],[17.03872276103226,51.149079744056834],[17.038823544483602,51.14905544630128],[17.039474772785926,51.14889349913204],[17.039152840138797,51.1483443390887],[17.038952194646434,51.14775075012287],[17.03872026986491,51.147064903726324],[17.038697527568708,51.146997645131535],[17.038509428397493,51.146428780974524],[17.03719430754474,51.14565445434168],[17.0362424061832,51.145098417147246],[17.03575447499403,51.144812435387685],[17.035497092256573,51.14465914332901],[17.03540572350402,51.14460581838689],[17.03524541277815,51.14451205564475],[17.035061126309994,51.14440847595661],[17.035355766868616,51.14424694438753],[17.03547686583814,51.1440867858103],[17.03509994416504,51.14388401683322],[17.034872373639917,51.144051054536654],[17.03376061607283,51.14343678211131],[17.033067778714873,51.14306077268071],[17.033238827396335,51.14281724582646],[17.033666599455547,51.14293077832114],[17.034132852884706,51.14223524431664],[17.03372380141399,51.142126767526015],[17.0333628892501,51.14203098501614],[17.032962981395126,51.141924846513014],[17.033177240903974,51.14161702344781],[17.033196445221556,51.14158908056319],[17.033390796050263,51.141307207448826],[17.03299101859588,51.14122453307046],[17.032928021161794,51.14121110303998],[17.03293498738625,51.14114512268569],[17.03293784837036,51.141145667741974],[17.032954269783374,51.140984861848516],[17.032957017732677,51.140957987541555],[17.032959203298173,51.14093614278754],[17.032962396891815,51.140905038040515],[17.032943688122124,51.14073487110668],[17.032943257535347,51.14073154137615],[17.032941583419476,51.140705655323615],[17.032990355607858,51.140508016626306],[17.03308878230182,51.14051985171648],[17.033124295290072,51.14047735458308],[17.033150782036913,51.14044555241962],[17.03320388607539,51.14038185026748],[17.032783774399487,51.14024415220668],[17.032722406582664,51.14028546452424],[17.032787974209256,51.14012181982537],[17.032819538969942,51.140132176240385],[17.0328765080785,51.14015090532784],[17.033190684305477,51.14025312621994],[17.033506630652756,51.139882631178374],[17.033470839493972,51.139840632411165],[17.03309785358165,51.13971077732391],[17.03305387459244,51.139695463933556],[17.03296561816684,51.139664762717935],[17.03309611657305,51.13946079673888],[17.033169012607132,51.13936007702721],[17.033265083618012,51.13924238759298],[17.033573908338926,51.13894227636866],[17.03370467932903,51.13883180432707],[17.033848875273303,51.13872439165004],[17.03427906280097,51.13846084414675],[17.035533029760796,51.13776687972353],[17.035575433902043,51.137786404338975],[17.035906035273314,51.13752627271013],[17.03617676553864,51.13727347673528],[17.036222904385987,51.13728519291989],[17.036310156348268,51.1373139236751],[17.036391850853317,51.13723621604096],[17.03645724809554,51.13717396213683],[17.03637601247626,51.13713903325393],[17.036538686356558,51.13698496938035],[17.03674787241744,51.137346476365614],[17.037187403190547,51.13812098522666],[17.037711689217527,51.13905138699159],[17.03792681108737,51.13942931966841],[17.038568582253763,51.14058718681337],[17.038530341156942,51.14064361508823],[17.038976196265423,51.140624382947955],[17.038826591687965,51.140522541418825],[17.038677298551804,51.14042087305788],[17.03861517075685,51.14030982567982],[17.038553043256847,51.140198778268264],[17.038903288710152,51.14009787155522],[17.038916154728373,51.14009419264317],[17.03879288288712,51.139884592798374],[17.038897888049117,51.13989481398155],[17.03890839232558,51.13984934077278],[17.03892837752152,51.1397643191091],[17.038933706533527,51.13974166404164],[17.038835556281654,51.139732353242195],[17.03886666539972,51.139580279331255],[17.039290997894632,51.13961640717989],[17.039368285565754,51.13962292126125],[17.03941704693415,51.13942717665672],[17.039569924139457,51.139434554149695],[17.039695355927485,51.139452691439566],[17.039700505118983,51.13945314724335],[17.0399403750681,51.13947243961538],[17.040467089510624,51.13951501313824],[17.04052277399031,51.139280795256276],[17.040522237209803,51.13926326104104],[17.040515123377716,51.13924383897965],[17.040845716295845,51.13917635954437],[17.04087426601302,51.13918814537926],[17.041298073436618,51.13928194820862],[17.041587560055085,51.13934597186241],[17.041860702958743,51.139404323279756],[17.042369443699165,51.13951310254416],[17.042482134948564,51.139446737726665],[17.042505116079564,51.13937268039237],[17.04253642173018,51.13927129975311],[17.04260419603736,51.13905172512451],[17.042662063611502,51.13886478268045],[17.042686538024082,51.1387855145439],[17.042698960534032,51.13874659217225],[17.042725957331584,51.138657977461136],[17.042756540308815,51.13855901804304],[17.042787122966633,51.13846006760272],[17.042856026435807,51.13823690618814],[17.042917190563266,51.13803901421788],[17.042952498878414,51.137924334558456],[17.042985374435265,51.137818112217275],[17.043034320728392,51.137659584750395],[17.043091742190217,51.13747400483629],[17.043137822503674,51.137324821082885],[17.043170404024398,51.137218955861684],[17.043211303029935,51.137086756078304],[17.04325236509921,51.136953568750954],[17.043278196459173,51.13687007744719],[17.04330647928813,51.13677858742365],[17.043320333681088,51.13678371698031],[17.043052539710235,51.136510829742065],[17.04317455358509,51.136114018070366],[17.043236567372606,51.135912141421414],[17.043249729199967,51.13586918867133],[17.043446270171632,51.13523031072308],[17.04503860537042,51.1353555866887],[17.04628426462579,51.13537608070406],[17.047530502426877,51.13527544861827],[17.04754384885861,51.13523095966561],[17.046868161333766,51.13527652499568],[17.046125277356253,51.135348929832446],[17.045489553733894,51.1353133309669],[17.045063296225354,51.13527523204477],[17.04428455259734,51.1352116156237],[17.04347138787195,51.13514879124252],[17.04221629079148,51.13505165204851],[17.04096894411995,51.13495378082348],[17.04060092705714,51.134926328471536],[17.03938639521252,51.13468514475846],[17.03924653545521,51.13466609746843],[17.039259999467742,51.134541962060105],[17.038539397583005,51.13430582396707],[17.038530085964425,51.13432487740051],[17.037968027131246,51.134136479648724],[17.037962571276775,51.13415356006276],[17.037654552850544,51.134042529679256],[17.03738575541999,51.13392470150965],[17.03737743072692,51.13392101015607],[17.037282482073287,51.13387996390315],[17.03715396455806,51.133836465703766],[17.03711084249405,51.13382205983286],[17.037059432575038,51.13380494274542],[17.036923204690073,51.133763960835395],[17.03679981766202,51.133721816983986],[17.03663058176359,51.13368441044065],[17.03615040253458,51.13359376665755],[17.036229444474323,51.133381677815564],[17.036188377577275,51.13337290707442],[17.036198504049775,51.13335386952734],[17.03630758908947,51.13337602003313],[17.0363202767258,51.13337602569723],[17.03662995357311,51.13342828092907],[17.036799914744794,51.13346649353063],[17.037345106778634,51.13356940132241],[17.03780190392776,51.133650156968],[17.038095656002127,51.13369814204009],[17.038757646019665,51.133798929376454],[17.038972368815376,51.13382780687555],[17.03923612334193,51.13385970279043],[17.03951968706413,51.133889270666835],[17.039976657789097,51.13393029393166],[17.040330423094904,51.13396386115928],[17.04089474935467,51.134018347251974],[17.041485023510162,51.134093575660486],[17.041730495910127,51.134128057939975],[17.042007823599203,51.134171205978866],[17.042286359570404,51.13421537009429],[17.042562568787503,51.13425945156809],[17.042841221470656,51.13430216797954],[17.042987244884944,51.134325117969894],[17.043120608126063,51.13434327159305],[17.04339732326526,51.13438437965412],[17.043676745147685,51.13442036711138],[17.04395868612802,51.13444993790182],[17.044238989785285,51.13448062732647],[17.044525100394726,51.134504126851375],[17.044882444447385,51.134532891067494],[17.045095418731854,51.13454851924136],[17.045666486128123,51.134580886805665],[17.04595240081402,51.13459593096343],[17.046240068345302,51.13460912785892],[17.046531956454917,51.134612352975],[17.0467248560848,51.13461481547607],[17.047013823669193,51.134612073424414],[17.047300164400962,51.13461130496199],[17.047633132505517,51.13460476659472],[17.047784090634835,51.134628317117716],[17.04780643223607,51.134638306732384],[17.04787635791369,51.13462866380166],[17.047953546949124,51.13459446629713],[17.048177063581033,51.13458873436156],[17.048438634902848,51.134575122068654],[17.04873748764577,51.13455370378048],[17.049029677670973,51.13452483207008],[17.04919804922345,51.13450547093258],[17.04957769281417,51.13445873621033],[17.050022986885548,51.134391983218464],[17.05014178748101,51.134375598155614],[17.050244229526747,51.1343563472702],[17.05028901398667,51.13435192846898],[17.050706697722408,51.1342741880485],[17.05123759224302,51.134165460370006],[17.051639427583208,51.134073743992246],[17.051982173606785,51.13399209211407],[17.052238711401507,51.13392471737929],[17.05250710414556,51.13384564371148],[17.052795639322742,51.13375274467854],[17.05301234701583,51.13367940913645],[17.053267859314936,51.133583769380586],[17.05351595082327,51.133493229068264],[17.053740990307166,51.133400811658774],[17.053951890727493,51.133320640206975],[17.05418337979771,51.13322366243231],[17.054344047564022,51.13316002050464],[17.05450084089156,51.13310137224629],[17.054936473420863,51.13294487769916],[17.05521736576099,51.13284370339441],[17.05531898951001,51.13281947018738],[17.055353439883056,51.13279834411353],[17.05542270844878,51.132770972774516],[17.05572590138493,51.1326586144542],[17.05596268109631,51.13256458853073],[17.056082734464514,51.13250324133739],[17.056145401526955,51.132464642155256],[17.056344471732334,51.13235181041252],[17.0565194407405,51.132246541962026],[17.05687052639305,51.13204828440257],[17.05644406926701,51.131781249922064],[17.05623515578813,51.13165456090412],[17.056166253138162,51.13169588440225],[17.055254564192975,51.13224261347201],[17.053163734137332,51.13322871446931],[17.053061196523107,51.13327063273381],[17.05293656948429,51.13331834924438],[17.05247326086721,51.13349117106174],[17.052205784857634,51.1335755343983],[17.051919125765078,51.13365482157679],[17.051578404530574,51.13373874429262],[17.051132175348727,51.13383933983517],[17.050729467771966,51.13391943186462],[17.05026039670283,51.13400226840775],[17.049714488885748,51.134098546649895],[17.049385799318507,51.13414977999847],[17.04887052070014,51.13420529698519],[17.04869010857481,51.13422184663034],[17.04818385624047,51.13425662477628],[17.0478628563742,51.13426834219624],[17.047535892680024,51.13427275461749],[17.046841311655523,51.134281321799946],[17.04657909300144,51.13427598494391],[17.045942423386037,51.13426043309744],[17.045103927061447,51.134208562327956],[17.044798708338988,51.134188828533006],[17.04450315658633,51.13416393734894],[17.044088620725308,51.13413429727193],[17.043774489909364,51.13408634045259],[17.0434948148604,51.1340483158933],[17.04303279722134,51.133976623858636],[17.042669453349067,51.13392242796429],[17.042342321040834,51.13386214211957],[17.041776622583722,51.13374480779019],[17.04155770399839,51.133691887892006],[17.041248353504486,51.13361966170936],[17.04097735401428,51.13354518535635],[17.040594474470836,51.13344884739234],[17.038793901052713,51.132996039295506],[17.03665719827777,51.13250391627924],[17.032716556972947,51.13159618248881],[17.028643870426116,51.131420611731876],[17.020680236623143,51.13178905231502],[17.018507246273522,51.13138422540665],[17.01411320067248,51.13172619740933],[17.011888667290147,51.131635837958164],[17.00637044586771,51.13141150011221],[17.006008026015174,51.13152428297229],[17.005617396216596,51.131649163905685],[17.005737495544977,51.13165854544666],[17.00593288408964,51.13166820728061],[17.006218406717334,51.13168546692238],[17.006532462758198,51.13170467630407],[17.007178678973105,51.13174504416842],[17.00781187363617,51.131779724381545],[17.008598818243005,51.13182037930586],[17.009172709371974,51.13185562814555],[17.010242309230666,51.13190756624994],[17.010803216146787,51.13193541555181],[17.011361559328964,51.13195622854155],[17.011987217121927,51.13198282159994],[17.01221569606211,51.13199526959438],[17.012728059326196,51.13203501547339],[17.014612282559575,51.13192891730837],[17.014592800734643,51.13193801251505],[17.014583305030136,51.13194782114178],[17.014582679432454,51.13195707523301],[17.014596702375744,51.131969509244776],[17.014622919260578,51.13197961878924],[17.01465318187913,51.131987604894505],[17.014862468175497,51.132022450079866],[17.015082866866905,51.13203194770653],[17.015373390524047,51.13203601227641],[17.01565597577359,51.132064011729824],[17.01614732618962,51.13214473844088],[17.016813424568845,51.13224527127873],[17.01743248764439,51.13234729296703],[17.017685178316647,51.13237027180614],[17.017974463818273,51.13240587324759],[17.01831129071345,51.13245670601604],[17.0187526728747,51.13249555991074],[17.019039655281667,51.13251181159853],[17.019308579490975,51.13253069794721],[17.019585440750543,51.13254587455599],[17.019878435007627,51.13256163520307],[17.020468834561285,51.132567031304774],[17.020774290861063,51.13256104919249],[17.021089763235526,51.13254085655137],[17.02164353134955,51.132542074532644],[17.02275970654221,51.132487220741766],[17.02384303839648,51.13243136298983],[17.02443463482652,51.13238667662071],[17.02453686361851,51.13240362087046],[17.02471073065711,51.13247213389543],[17.02493756895432,51.132460990406614],[17.02494093757172,51.132484211830985],[17.025307299142334,51.13246272406694],[17.02746186098768,51.1323620877897],[17.027458820887485,51.13232996940511],[17.027733678817437,51.132318141063784],[17.027743920469838,51.13240875213119],[17.02772359870065,51.13240965295062],[17.027732872139985,51.13249398118239],[17.02775245639805,51.13249282251928],[17.027809784923303,51.13248981112256],[17.02793732274716,51.132526299556645],[17.02797519367929,51.13252726159056],[17.028010746104236,51.13272167988879],[17.027996724218948,51.132722624126934],[17.027858574085506,51.132725404292586],[17.02789620623761,51.13285954623468],[17.02803164183784,51.13321338138402],[17.02840166895946,51.13328499334818],[17.028423380063902,51.13329075630272],[17.028447674259073,51.13345257428513],[17.028585852097574,51.13344448974698],[17.028543335652323,51.13349192562468],[17.0286302163082,51.13398313223331],[17.028701373408605,51.13397895872255],[17.028780174931175,51.134433123597226],[17.02878498769517,51.134462523797616],[17.028854312105867,51.134701037826225],[17.029001377812467,51.135009183945776],[17.029148139151065,51.135251541005566],[17.029152898972537,51.135400665027404],[17.029192939297083,51.135547663699164],[17.029268003684088,51.135689109795315],[17.029358686766177,51.13580054314502],[17.028651887263543,51.13554341384338],[17.02856874786834,51.13554174340812],[17.028397997179823,51.1355479122265],[17.028465908259573,51.1357768137457],[17.02862242688036,51.13616973038252],[17.028807026620914,51.136505409093715],[17.02887269410271,51.13662482464121],[17.02934376892134,51.137219976118566],[17.02940920934377,51.13730263075537],[17.029383619507854,51.13739997412639],[17.029301390901892,51.13736152610877],[17.02919629659041,51.13732118019308],[17.02912704409148,51.13729425662834],[17.029115065115533,51.137368052157804],[17.029059045173746,51.137715082236774],[17.02882246833368,51.13800191059821],[17.02876068341614,51.13807669486657],[17.028732838512067,51.13806759083181],[17.028691273929052,51.13805380610124],[17.028597328207656,51.13801940451168],[17.028559194752063,51.13800418291897],[17.028213382032526,51.13786640219826],[17.027989209373462,51.13777456179186],[17.027682103014637,51.13764867086493],[17.02731583773901,51.13749639690081],[17.027089047586028,51.13770533589653],[17.02707473967864,51.13772321416176],[17.02706546932821,51.13788212810844],[17.026376885905066,51.1375787141509],[17.026304495001675,51.137546845442024],[17.026163578615346,51.13748481215173],[17.02614388609793,51.13747607203945],[17.026084219109148,51.13752744549907],[17.025990488897115,51.137611967779094],[17.02593867690003,51.13765741048159],[17.025930672376777,51.137665677225826],[17.025933234084725,51.137666849238045],[17.02580745249177,51.137780554533805],[17.025787461595584,51.137771730969696],[17.025759408949714,51.13779697397476],[17.025754849436638,51.137794994226496],[17.02574868784914,51.137800561434],[17.025753259757607,51.137802631182346],[17.02572077522299,51.137831370194135],[17.025716344290217,51.137829391515524],[17.02570919207688,51.13783585842375],[17.025714470764235,51.13783829364788],[17.025705598452543,51.13784637335424],[17.025654522112273,51.1378914624729],[17.025674214901006,51.13790019367937],[17.02583355574119,51.13797014808814],[17.025951052676238,51.13802335664707],[17.02639777249208,51.138225666875265],[17.02678480321698,51.13840104910242],[17.026753671160474,51.13839877634968],[17.02672165190469,51.13840064043674],[17.02669235874738,51.13840673436147],[17.026664046355936,51.13841579403817],[17.026637886232493,51.13842647177961],[17.026612005333966,51.13843814070136],[17.026591695048513,51.13845331700017],[17.02655462242515,51.13848618925318],[17.02654088569664,51.13849795025058],[17.026453313391645,51.13857295016341],[17.026494570177768,51.138591848240914],[17.026403141219994,51.13867151760294],[17.026186631293292,51.13885796739083],[17.026050402207265,51.13897094767493],[17.02620604298156,51.13902679293779],[17.026335014628135,51.139062485900624],[17.026523513326318,51.1391228474031],[17.026518636861546,51.139129135529885],[17.026471526926336,51.13918807511245],[17.026351376718473,51.13933962934716],[17.026034916063356,51.139243753633295],[17.025892954008526,51.13921488316804],[17.025889513936285,51.13922081465674],[17.025858532330698,51.139286055230905],[17.025842879195377,51.13932774472456],[17.025828505121517,51.13937519824923],[17.025830958110753,51.139444681745466],[17.02583258578963,51.139492951770656],[17.025837816847265,51.13992199963497],[17.025776952145034,51.13992419853195],[17.0257306304825,51.14001620832747],[17.025693391109638,51.14006166443085],[17.025839580356006,51.140056832166245],[17.02584019932225,51.14010618153236],[17.02595472772483,51.14069521159373],[17.02597812022399,51.14079302505531],[17.025990351823186,51.14083177343968],[17.025998589757425,51.140851826044084],[17.02610205775536,51.14099958759929],[17.026115625300342,51.14100949030936],[17.026151031040943,51.14102470795274],[17.026126840342723,51.14104698065097],[17.02610847304252,51.14108588774491],[17.026144285770457,51.14111979826597],[17.026283627422103,51.14117976875848],[17.026283867163755,51.14120709030694],[17.026316819217953,51.14123570003128],[17.026351904391007,51.14127024269526],[17.026447613688426,51.14136506220597],[17.02632319586806,51.141501145617156],[17.026301888394872,51.14150931062165],[17.026168763767757,51.141484577420506],[17.026122641639212,51.141542617117835],[17.026022168172005,51.141634131125755],[17.025985805269123,51.141667090006855],[17.025869898807947,51.14160237904577],[17.025397997686007,51.141410923427536],[17.02520700880004,51.141612938359245],[17.024886592069834,51.14148919467567],[17.02461400224905,51.14138399909595],[17.024818869269488,51.14118128278052],[17.024761893296027,51.14115822568475],[17.0245901021349,51.14132870218783],[17.02431869920412,51.141207954721466],[17.024076769732545,51.14143868730205],[17.02401306652007,51.141499492116644],[17.023731236532964,51.14137649875757],[17.02355357490075,51.14154526165589],[17.023079728686167,51.14132727891262],[17.02251793990852,51.14106887891881],[17.022047102484034,51.14085233745788],[17.020665259156996,51.14021667660972],[17.02000548292529,51.13985968133083],[17.019466337253778,51.14035802583675],[17.018322738621915,51.141601653440524],[17.01820350356569,51.141557610087006],[17.01814582160153,51.14153428313424],[17.01816371334777,51.1415181171116],[17.01676791898142,51.14098307611452],[17.016660959496726,51.14094253246547],[17.01545110703423,51.140477737817804],[17.015230494042484,51.14039045168945],[17.014208374358383,51.14069232564849],[17.013111209016834,51.140589103667466],[17.01234022115596,51.14085494605404],[17.012321988418996,51.1408930340948],[17.012168427122795,51.141911928698306],[17.012015039797546,51.142931714392525],[17.01199334422096,51.14318751160951],[17.011988209711838,51.14324593696448],[17.012003285906356,51.14328279606187]],[[17.02835462629059,51.14233822882346],[17.02913067546505,51.14281905727494],[17.029399949003565,51.142647162767695],[17.02970673990938,51.142451127058],[17.029608835636733,51.14238832216305],[17.02940415928088,51.142257658265244],[17.02934734624938,51.142221210193895],[17.02937045494075,51.14220687470631],[17.02941601969599,51.14217865677358],[17.029718134734264,51.14199146399687],[17.03017388140207,51.141709004662005],[17.03001273041936,51.141611991400104],[17.02987427080088,51.14152874050784],[17.029446806775,51.1412714161437],[17.02937767107677,51.14122977767459],[17.029149009576834,51.14109217199123],[17.02906907710418,51.14104410600735],[17.02923939748047,51.14096198801588],[17.029270144718332,51.140947266466696],[17.02956201650287,51.14080796682213],[17.029834587605762,51.140678547787886],[17.02985647268508,51.14066732146187],[17.03011316794424,51.14054597763842],[17.030237584896387,51.140485663973244],[17.02963292779738,51.14021007815851],[17.02944190236212,51.14012193170088],[17.029397351310703,51.14010122738519],[17.029030424617563,51.139931612397945],[17.028969325562674,51.139902077537464],[17.028502323466405,51.13968780537713],[17.0288516039095,51.139308897689375],[17.028786797580135,51.13927765986773],[17.028609566630024,51.139220182406966],[17.028583718795893,51.13921189500687],[17.028658440322108,51.13913086260069],[17.02870655083399,51.139078582798454],[17.028730445116715,51.13905262134608],[17.028943367056517,51.13913210498799],[17.029055869532442,51.13901294625911],[17.02906731476926,51.139000725451844],[17.029805265457096,51.13927686277294],[17.029768616643608,51.13932231607576],[17.030070437815105,51.139458450759484],[17.030055047045078,51.13951507479348],[17.030035293281383,51.139539866239645],[17.030682155073873,51.13978141440941],[17.03078005710439,51.13976565786124],[17.030852912237165,51.139688312338045],[17.030903486400526,51.13969572536571],[17.0308573164576,51.1396185621676],[17.030943083732325,51.13960154526207],[17.03088577687354,51.13951916569269],[17.030967257578727,51.13950007259856],[17.03088608794733,51.139336417633366],[17.030561607443005,51.13881588845754],[17.03051985392861,51.138748982954965],[17.03030103492694,51.13844687845022],[17.030230655493472,51.138406111129505],[17.03006134771158,51.13831906266539],[17.030023936329325,51.13829935271457],[17.029832508790776,51.13820141377746],[17.029786964645908,51.138179083222724],[17.02965490671954,51.13811678604667],[17.02962960674449,51.1381157850409],[17.02960760261617,51.13812115807291],[17.029307972555582,51.13795392712465],[17.02954988140503,51.13769206135765],[17.02968245395789,51.1375272932238],[17.029824282559982,51.137381048496145],[17.029949943799327,51.137254833294335],[17.03005500121415,51.137143531721016],[17.030077469932827,51.13712278115715],[17.03034337735121,51.1368506038577],[17.03057059009281,51.13700402612846],[17.030398471309237,51.137146209023896],[17.030209121764187,51.13734212379059],[17.030708935526622,51.137593015376616],[17.030805919649037,51.13752260309444],[17.03096000502393,51.13774834261411],[17.030979097771695,51.137776224906595],[17.030299822227448,51.13831105270292],[17.0307467467552,51.138581049021894],[17.031043236828644,51.13874171474653],[17.031101191314523,51.138775375698046],[17.031462089974085,51.13896529586694],[17.03153654279998,51.13887294143629],[17.03150118683216,51.13882392473675],[17.031514055710918,51.138819437592616],[17.031587226682827,51.13880609156033],[17.031671559885915,51.1387905994792],[17.031699567548284,51.138785140920554],[17.032057748853568,51.13871563133878],[17.032119200638483,51.13870371622205],[17.03216594356524,51.13869476280209],[17.032622889719427,51.138601500056645],[17.032884015708987,51.1385482834284],[17.033029454379296,51.13862972765423],[17.033185960646616,51.1386212228364],[17.033114836854505,51.138677521369964],[17.03314381902255,51.138693807500914],[17.0333195455203,51.13879064931299],[17.032640269620458,51.139328807757344],[17.032487901469505,51.13945095729654],[17.03247522202775,51.13959882205908],[17.032384146733634,51.13989710931121],[17.03223328899001,51.14039112788915],[17.031769869862185,51.14016447480495],[17.031804461261345,51.14040585460434],[17.031686450992783,51.14081918359493],[17.03188113430818,51.14094048349169],[17.031879813097166,51.14105078453985],[17.031773509441262,51.14138196418541],[17.03193499144336,51.141368324172944],[17.03140921911147,51.14309026204293],[17.031336079178782,51.14332984166559],[17.031260176345736,51.143343632385395],[17.03116534414156,51.14339534639219],[17.031223003208375,51.143435207648544],[17.031257630509472,51.14349051110162],[17.03103581101728,51.14421979244172],[17.030918728641552,51.144243355122065],[17.030761968165475,51.14424396193882],[17.0305996585268,51.1442318022036],[17.030459528854163,51.144203968376395],[17.0299468170816,51.14388329048242],[17.02993594619303,51.143890562837505],[17.02987470729894,51.14393150615066],[17.02983021946042,51.14396077599011],[17.02973715228104,51.14390362988106],[17.029779364061856,51.1438745389678],[17.029841883174022,51.14383251857641],[17.029853335223436,51.14382479257874],[17.029517469076175,51.143614579013104],[17.029464796704534,51.14358163537407],[17.029450211396547,51.14359089054199],[17.02938568946921,51.14363164454365],[17.029341270873886,51.14365965622276],[17.028573711493998,51.14317937625065],[17.028210450520692,51.14279538617347],[17.02812581161975,51.1427386054473],[17.02798723813052,51.14280434582842],[17.027783532013036,51.14263238871143],[17.028249043353203,51.14233699202471],[17.028302781619296,51.142370790107556],[17.02835462629059,51.14233822882346]],[[17.02960150688569,51.138771796649365],[17.029700856899325,51.13866166165656],[17.029846506262597,51.13871371543518],[17.029747305004882,51.13882358209458],[17.029647666930714,51.138933813620696],[17.029546046202753,51.13904044173785],[17.029401259426503,51.138988107079605],[17.029502596321247,51.13888139582453],[17.02960150688569,51.138771796649365]],[[17.030091300399715,51.13894976447828],[17.030192216552976,51.138839183589546],[17.030337292695894,51.13889205005721],[17.03023752806295,51.139001561859466],[17.030137461038763,51.139111160964845],[17.0300382641519,51.139220128935214],[17.029892174032966,51.13916788296638],[17.029991817821653,51.13905873903185],[17.030091300399715,51.13894976447828]],[[17.03000407896843,51.13940851125294],[17.030086684623686,51.139317331087646],[17.030260756170566,51.139379751383345],[17.030435538982424,51.13944234811786],[17.030609313321218,51.13950467553022],[17.030526584638274,51.139596304522605],[17.030352940540126,51.1395338881722],[17.03017828985102,51.139471112618445],[17.03000407896843,51.13940851125294]],[[17.03895765123413,51.138355153644206],[17.038990115412204,51.13823823134361],[17.03900205066933,51.138196078064716],[17.03903411952845,51.13805757734216],[17.039039013245006,51.138035916538506],[17.039040162104587,51.13803151206044],[17.03906287494303,51.1379410110975],[17.039064754181183,51.137924827189465],[17.039075257820695,51.13787935394724],[17.039085587690348,51.13785051012829],[17.039098382405058,51.13779379167643],[17.03911058681436,51.13776000096983],[17.039119367010567,51.13771632048224],[17.039148370724043,51.13771993888341],[17.03916101228114,51.137672658298044],[17.03916287615491,51.13766547290138],[17.039195647719566,51.13754333007172],[17.03916721353472,51.13753981524706],[17.039169654071937,51.13753100746112],[17.03917022764939,51.137528845667696],[17.039217643896198,51.137353775216546],[17.039218217469106,51.137351613422815],[17.039265783673564,51.13717618459393],[17.039266358920855,51.137173941906795],[17.039313916247504,51.13699823430205],[17.039314347986725,51.13699670960788],[17.039361035685985,51.136824329996905],[17.03938776749408,51.13672601400245],[17.04002443553121,51.136805676063],[17.040142001389913,51.13643378625971],[17.04013517636138,51.13641148984618],[17.040110487289937,51.136392777516654],[17.040088505544954,51.13638476710919],[17.040325479131834,51.13641412136209],[17.04029719375726,51.136417242393584],[17.040273167994208,51.13642649335751],[17.04025586253477,51.13644104043308],[17.040251135423443,51.136452634249096],[17.040161692275703,51.13674247269652],[17.040512379281957,51.13678565093716],[17.040666365268653,51.13680461479107],[17.04060923169045,51.13698966553265],[17.040554677227508,51.1371660803675],[17.040497551435294,51.13735140079928],[17.040437544036717,51.13754542650544],[17.040369494854392,51.13776615736598],[17.040314940387645,51.13794248217483],[17.04027302708312,51.138078367374284],[17.040230672924054,51.1382155164789],[17.04019062366143,51.138345555690506],[17.04001979541441,51.13889934528332],[17.039637613463295,51.13877210550729],[17.03958133483274,51.13875310670351],[17.03942080459895,51.13870078104662],[17.039439217587436,51.1386914481998],[17.038911383805573,51.138521594354515],[17.03895765123413,51.138355153644206]],[[17.03252001473064,51.13843826096123],[17.03252001375991,51.13843826081724],[17.032520012807964,51.13843826057879],[17.032520011883978,51.13843826024818],[17.032520010996844,51.1384382598286],[17.03252001015511,51.138438259324076],[17.03252000936688,51.138438258739484],[17.032520008639743,51.13843825808045],[17.032520007980708,51.138438257353314],[17.032520007396116,51.13843825656509],[17.0325200068916,51.13843825572335],[17.032520006472016,51.13843825483622],[17.032520006141407,51.13843825391223],[17.03252000590296,51.138438252960285],[17.032520005758965,51.138438251989555],[17.03252000571081,51.13843825100938],[17.032520005758965,51.13843825002921],[17.03252000590296,51.13843824905848],[17.032520006141407,51.13843824810654],[17.032520006472016,51.13843824718255],[17.0325200068916,51.138438246295415],[17.032520007396116,51.13843824545368],[17.032520007980708,51.13843824466545],[17.032520008639743,51.13843824393832],[17.03252000936688,51.13843824327928],[17.03252001015511,51.13843824269469],[17.032520010996844,51.13843824219017],[17.032520011883978,51.13843824177059],[17.032520012807964,51.13843824143998],[17.03252001375991,51.13843824120153],[17.03252001473064,51.138438241057536],[17.032520015710812,51.13843824100938],[17.032520016690984,51.138438241057536],[17.032520017661714,51.13843824120153],[17.03252001861366,51.13843824143998],[17.032520019537646,51.13843824177059],[17.03252002042478,51.13843824219017],[17.032520021266514,51.13843824269469],[17.032520022054744,51.13843824327928],[17.03252002278188,51.13843824393832],[17.032520023440917,51.13843824466545],[17.03252002402551,51.13843824545368],[17.032520024530026,51.138438246295415],[17.03252002494961,51.13843824718255],[17.032520025280217,51.13843824810654],[17.032520025518664,51.13843824905848],[17.03252002566266,51.13843825002921],[17.032520025710813,51.13843825100938],[17.03252002566266,51.138438251989555],[17.032520025518664,51.138438252960285],[17.032520025280217,51.13843825391223],[17.03252002494961,51.13843825483622],[17.032520024530026,51.13843825572335],[17.03252002402551,51.13843825656509],[17.032520023440917,51.138438257353314],[17.03252002278188,51.13843825808045],[17.032520022054744,51.138438258739484],[17.032520021266514,51.138438259324076],[17.03252002042478,51.1384382598286],[17.032520019537646,51.13843826024818],[17.03252001861366,51.13843826057879],[17.032520017661714,51.13843826081724],[17.032520016690984,51.13843826096123],[17.032520015710812,51.138438261009384],[17.03252001473064,51.13843826096123]],[[17.024357891028192,51.14139891680522],[17.024357890076246,51.141398917043674],[17.024357889105517,51.141398917187665],[17.024357888125344,51.14139891723582],[17.02435788714517,51.141398917187665],[17.024357886174442,51.141398917043674],[17.024357885222496,51.14139891680522],[17.02435788429851,51.141398916474614],[17.024357883411376,51.14139891605503],[17.024357882569642,51.14139891555051],[17.024357881781413,51.14139891496592],[17.024357881054275,51.14139891430688],[17.02435788039524,51.14139891357975],[17.024357879810648,51.14139891279152],[17.02435787930613,51.141398911949786],[17.024357878886548,51.14139891106265],[17.02435787855594,51.14139891013866],[17.024357878317492,51.14139890918672],[17.024357878173497,51.14139890821599],[17.024357878125343,51.14139890723582],[17.024357878173497,51.141398906255645],[17.024357878317492,51.141398905284916],[17.02435787855594,51.14139890433297],[17.024357878886548,51.141398903408984],[17.02435787930613,51.14139890252185],[17.024357879810648,51.14139890168011],[17.02435788039524,51.141398900891886],[17.024357881054275,51.14139890016475],[17.024357881781413,51.14139889950572],[17.024357882569642,51.141398898921125],[17.024357883411376,51.141398898416604],[17.02435788429851,51.14139889799702],[17.024357885222496,51.14139889766641],[17.024357886174442,51.14139889742796],[17.02435788714517,51.14139889728397],[17.024357888125344,51.14139889723582],[17.024357889105517,51.14139889728397],[17.024357890076246,51.14139889742796],[17.024357891028192,51.14139889766641],[17.024357891952178,51.14139889799702],[17.024357892839312,51.141398898416604],[17.024357893681046,51.141398898921125],[17.024357894469276,51.14139889950572],[17.024357895196413,51.14139890016475],[17.02435789585545,51.141398900891886],[17.02435789644004,51.14139890168011],[17.024357896944558,51.14139890252185],[17.02435789736414,51.141398903408984],[17.02435789769475,51.14139890433297],[17.024357897933196,51.141398905284916],[17.02435789807719,51.141398906255645],[17.024357898125345,51.14139890723582],[17.02435789807719,51.14139890821599],[17.024357897933196,51.14139890918672],[17.02435789769475,51.14139891013866],[17.02435789736414,51.14139891106265],[17.024357896944558,51.141398911949786],[17.02435789644004,51.14139891279152],[17.02435789585545,51.14139891357975],[17.024357895196413,51.14139891430688],[17.024357894469276,51.14139891496592],[17.024357893681046,51.14139891555051],[17.024357892839312,51.14139891605503],[17.024357891952178,51.141398916474614],[17.024357891028192,51.14139891680522]],[[17.03890475825707,51.148971726679385],[17.03890475746884,51.14897172726398],[17.038904756627105,51.1489717277685],[17.03890475573997,51.14897172818808],[17.038904754815984,51.14897172851869],[17.03890475386404,51.14897172875714],[17.03890475289331,51.14897172890113],[17.038904751913137,51.148971728949284],[17.038904750932964,51.14897172890113],[17.038904749962235,51.14897172875714],[17.03890474901029,51.14897172851869],[17.038904748086303,51.14897172818808],[17.03890474719917,51.1489717277685],[17.038904746357435,51.14897172726398],[17.038904745569205,51.148971726679385],[17.038904744842068,51.14897172602035],[17.038904744183032,51.148971725293215],[17.03890474359844,51.14897172450499],[17.038904743093923,51.14897172366325],[17.03890474267434,51.14897172277612],[17.038904742343732,51.14897172185213],[17.038904742105284,51.148971720900185],[17.03890474196129,51.148971719929456],[17.038904741913136,51.148971718949284],[17.03890474196129,51.14897171796911],[17.038904742105284,51.14897171699838],[17.038904742343732,51.14897171604644],[17.03890474267434,51.14897171512245],[17.038904743093923,51.148971714235316],[17.03890474359844,51.14897171339358],[17.038904744183032,51.14897171260535],[17.038904744842068,51.14897171187822],[17.038904745569205,51.14897171121918],[17.038904746357435,51.14897171063459],[17.03890474719917,51.14897171013007],[17.038904748086303,51.14897170971049],[17.03890474901029,51.14897170937988],[17.038904749962235,51.14897170914143],[17.038904750932964,51.148971708997436],[17.038904751913137,51.14897170894928],[17.03890475289331,51.148971708997436],[17.03890475386404,51.14897170914143],[17.038904754815984,51.14897170937988],[17.03890475573997,51.14897170971049],[17.038904756627105,51.14897171013007],[17.03890475746884,51.14897171063459],[17.03890475825707,51.14897171121918],[17.038904758984206,51.14897171187822],[17.03890475964324,51.14897171260535],[17.038904760227833,51.14897171339358],[17.03890476073235,51.148971714235316],[17.038904761151933,51.14897171512245],[17.03890476148254,51.14897171604644],[17.03890476172099,51.14897171699838],[17.038904761864984,51.14897171796911],[17.038904761913138,51.148971718949284],[17.038904761864984,51.148971719929456],[17.03890476172099,51.148971720900185],[17.03890476148254,51.14897172185213],[17.038904761151933,51.14897172277612],[17.03890476073235,51.14897172366325],[17.038904760227833,51.14897172450499],[17.03890475964324,51.148971725293215],[17.038904758984206,51.14897172602035],[17.03890475825707,51.148971726679385]],[[17.040409941849944,51.13656817515806],[17.04040994119091,51.136568175885195],[17.04040994046377,51.13656817654423],[17.04040993967554,51.13656817712882],[17.040409938833808,51.13656817763334],[17.040409937946674,51.136568178052926],[17.040409937022687,51.136568178383534],[17.04040993607074,51.136568178621985],[17.040409935100012,51.13656817876598],[17.04040993411984,51.13656817881413],[17.040409933139667,51.13656817876598],[17.040409932168938,51.136568178621985],[17.040409931216992,51.136568178383534],[17.040409930293006,51.136568178052926],[17.04040992940587,51.13656817763334],[17.040409928564138,51.13656817712882],[17.040409927775908,51.13656817654423],[17.04040992704877,51.136568175885195],[17.040409926389735,51.13656817515806],[17.040409925805143,51.136568174369835],[17.040409925300626,51.1365681735281],[17.040409924881043,51.13656817264096],[17.040409924550435,51.13656817171697],[17.040409924311987,51.13656817076503],[17.040409924167992,51.1365681697943],[17.04040992411984,51.13656816881413],[17.040409924167992,51.13656816783396],[17.040409924311987,51.13656816686323],[17.040409924550435,51.136568165911285],[17.040409924881043,51.136568164987295],[17.040409925300626,51.13656816410016],[17.040409925805143,51.136568163258424],[17.040409926389735,51.1365681624702],[17.04040992704877,51.136568161743064],[17.040409927775908,51.13656816108403],[17.040409928564138,51.136568160499436],[17.04040992940587,51.136568159994916],[17.040409930293006,51.13656815957533],[17.040409931216992,51.136568159244725],[17.040409932168938,51.13656815900627],[17.040409933139667,51.13656815886228],[17.04040993411984,51.13656815881413],[17.040409935100012,51.13656815886228],[17.04040993607074,51.13656815900627],[17.040409937022687,51.136568159244725],[17.040409937946674,51.13656815957533],[17.040409938833808,51.136568159994916],[17.04040993967554,51.136568160499436],[17.04040994046377,51.13656816108403],[17.04040994119091,51.136568161743064],[17.040409941849944,51.1365681624702],[17.040409942434536,51.136568163258424],[17.040409942939053,51.13656816410016],[17.040409943358636,51.136568164987295],[17.040409943689244,51.136568165911285],[17.040409943927692,51.13656816686323],[17.040409944071687,51.13656816783396],[17.04040994411984,51.13656816881413],[17.040409944071687,51.1365681697943],[17.040409943927692,51.13656817076503],[17.040409943689244,51.13656817171697],[17.040409943358636,51.13656817264096],[17.040409942939053,51.1365681735281],[17.040409942434536,51.136568174369835],[17.040409941849944,51.13656817515806]],[[17.030346884863928,51.13879950568609],[17.030346884279336,51.138799506474314],[17.0303468836203,51.13879950720145],[17.030346882893163,51.13879950786048],[17.030346882104933,51.138799508445075],[17.0303468812632,51.138799508949596],[17.030346880376065,51.13879950936918],[17.03034687945208,51.13879950969979],[17.030346878500133,51.13879950993824],[17.030346877529404,51.13879951008223],[17.03034687654923,51.13879951013038],[17.03034687556906,51.13879951008223],[17.03034687459833,51.13879950993824],[17.030346873646383,51.13879950969979],[17.030346872722397,51.13879950936918],[17.030346871835263,51.138799508949596],[17.03034687099353,51.138799508445075],[17.0303468702053,51.13879950786048],[17.030346869478162,51.13879950720145],[17.030346868819127,51.138799506474314],[17.030346868234535,51.13879950568609],[17.030346867730017,51.13879950484435],[17.030346867310435,51.138799503957216],[17.030346866979826,51.138799503033226],[17.03034686674138,51.138799502081284],[17.030346866597384,51.138799501110555],[17.03034686654923,51.13879950013038],[17.030346866597384,51.13879949915021],[17.03034686674138,51.13879949817948],[17.030346866979826,51.13879949722754],[17.030346867310435,51.13879949630355],[17.030346867730017,51.138799495416414],[17.030346868234535,51.13879949457468],[17.030346868819127,51.13879949378645],[17.030346869478162,51.13879949305932],[17.0303468702053,51.13879949240028],[17.03034687099353,51.13879949181569],[17.030346871835263,51.13879949131117],[17.030346872722397,51.138799490891586],[17.030346873646383,51.13879949056098],[17.03034687459833,51.138799490322526],[17.03034687556906,51.138799490178535],[17.03034687654923,51.13879949013038],[17.030346877529404,51.138799490178535],[17.030346878500133,51.138799490322526],[17.03034687945208,51.13879949056098],[17.030346880376065,51.138799490891586],[17.0303468812632,51.13879949131117],[17.030346882104933,51.13879949181569],[17.030346882893163,51.13879949240028],[17.0303468836203,51.13879949305932],[17.030346884279336,51.13879949378645],[17.030346884863928,51.13879949457468],[17.030346885368445,51.138799495416414],[17.030346885788028,51.13879949630355],[17.030346886118636,51.13879949722754],[17.030346886357083,51.13879949817948],[17.03034688650108,51.13879949915021],[17.030346886549232,51.13879950013038],[17.03034688650108,51.138799501110555],[17.030346886357083,51.138799502081284],[17.030346886118636,51.138799503033226],[17.030346885788028,51.138799503957216],[17.030346885368445,51.13879950484435],[17.030346884863928,51.13879950568609]],[[17.02991989854441,51.13828116238565],[17.029919898039893,51.13828116322739],[17.0299198974553,51.138281164015616],[17.029919896796265,51.13828116474275],[17.029919896069128,51.138281165401786],[17.029919895280898,51.13828116598638],[17.029919894439164,51.1382811664909],[17.02991989355203,51.13828116691048],[17.029919892628044,51.13828116724109],[17.029919891676098,51.13828116747954],[17.02991989070537,51.13828116762353],[17.029919889725196,51.138281167671686],[17.029919888745024,51.13828116762353],[17.029919887774295,51.13828116747954],[17.02991988682235,51.13828116724109],[17.029919885898362,51.13828116691048],[17.02991988501123,51.1382811664909],[17.029919884169495,51.13828116598638],[17.029919883381265,51.138281165401786],[17.029919882654127,51.13828116474275],[17.02991988199509,51.138281164015616],[17.0299198814105,51.13828116322739],[17.029919880905982,51.13828116238565],[17.0299198804864,51.13828116149852],[17.02991988015579,51.13828116057453],[17.029919879917344,51.138281159622586],[17.02991987977335,51.13828115865186],[17.029919879725195,51.138281157671685],[17.02991987977335,51.13828115669151],[17.029919879917344,51.13828115572078],[17.02991988015579,51.13828115476884],[17.0299198804864,51.13828115384485],[17.029919880905982,51.13828115295772],[17.0299198814105,51.13828115211598],[17.02991988199509,51.13828115132775],[17.029919882654127,51.13828115060062],[17.029919883381265,51.138281149941584],[17.029919884169495,51.13828114935699],[17.02991988501123,51.13828114885247],[17.029919885898362,51.13828114843289],[17.02991988682235,51.13828114810228],[17.029919887774295,51.13828114786383],[17.029919888745024,51.13828114771984],[17.029919889725196,51.138281147671684],[17.02991989070537,51.13828114771984],[17.029919891676098,51.13828114786383],[17.029919892628044,51.13828114810228],[17.02991989355203,51.13828114843289],[17.029919894439164,51.13828114885247],[17.029919895280898,51.13828114935699],[17.029919896069128,51.138281149941584],[17.029919896796265,51.13828115060062],[17.0299198974553,51.13828115132775],[17.029919898039893,51.13828115211598],[17.02991989854441,51.13828115295772],[17.029919898963993,51.13828115384485],[17.0299198992946,51.13828115476884],[17.02991989953305,51.13828115572078],[17.029919899677044,51.13828115669151],[17.029919899725197,51.138281157671685],[17.029919899677044,51.13828115865186],[17.02991989953305,51.138281159622586],[17.0299198992946,51.13828116057453],[17.029919898963993,51.13828116149852],[17.02991989854441,51.13828116238565]]],[[[17.043498736920093,51.136906679478145],[17.043498735949363,51.13690667933415],[17.04349873496919,51.136906679286],[17.04349873398902,51.13690667933415],[17.04349873301829,51.136906679478145],[17.043498732066343,51.136906679716596],[17.043498731142357,51.136906680047204],[17.043498730255223,51.13690668046679],[17.04349872941349,51.13690668097131],[17.04349872862526,51.1369066815559],[17.043498727898122,51.136906682214935],[17.043498727239086,51.13690668294207],[17.043498726654494,51.136906683730295],[17.043498726149977,51.13690668457203],[17.043498725730394,51.13690668545917],[17.043498725399786,51.136906686383156],[17.04349872516134,51.1369066873351],[17.043498725017344,51.13690668830583],[17.04349872496919,51.136906689286],[17.043498725017344,51.13690669026617],[17.04349872516134,51.1369066912369],[17.043498725399786,51.136906692188845],[17.043498725730394,51.136906693112834],[17.043498726149977,51.13690669399997],[17.043498726654494,51.136906694841706],[17.043498727239086,51.13690669562993],[17.043498727898122,51.136906696357066],[17.04349872862526,51.1369066970161],[17.04349872941349,51.13690669760069],[17.043498730255223,51.136906698105214],[17.043498731142357,51.1369066985248],[17.043498732066343,51.136906698855405],[17.04349873301829,51.136906699093856],[17.04349873398902,51.13690669923785],[17.04349873496919,51.136906699286],[17.043498735949363,51.13690669923785],[17.043498736920093,51.136906699093856],[17.04349873787204,51.136906698855405],[17.043498738796025,51.1369066985248],[17.04349873968316,51.136906698105214],[17.043498740524893,51.13690669760069],[17.043498741313122,51.1369066970161],[17.04349874204026,51.136906696357066],[17.043498742699295,51.13690669562993],[17.043498743283887,51.136906694841706],[17.043498743788405,51.13690669399997],[17.043498744207987,51.136906693112834],[17.043498744538596,51.136906692188845],[17.043498744777043,51.1369066912369],[17.04349874492104,51.13690669026617],[17.04349874496919,51.136906689286],[17.04349874492104,51.13690668830583],[17.043498744777043,51.1369066873351],[17.043498744538596,51.136906686383156],[17.043498744207987,51.13690668545917],[17.043498743788405,51.13690668457203],[17.043498743283887,51.136906683730295],[17.043498742699295,51.13690668294207],[17.04349874204026,51.136906682214935],[17.043498741313122,51.1369066815559],[17.043498740524893,51.13690668097131],[17.04349873968316,51.13690668046679],[17.043498738796025,51.136906680047204],[17.04349873787204,51.136906679716596],[17.043498736920093,51.136906679478145]]],[[[17.026289445311,51.139106509730134],[17.026289444980392,51.139106508806144],[17.02628944456081,51.13910650791901],[17.026289444056292,51.13910650707727],[17.0262894434717,51.139106506289046],[17.026289442812665,51.13910650556191],[17.026289442085528,51.13910650490288],[17.026289441297298,51.139106504318285],[17.026289440455564,51.139106503813764],[17.02628943956843,51.13910650339418],[17.026289438644444,51.13910650306357],[17.026289437692498,51.13910650282512],[17.02628943672177,51.13910650268113],[17.026289435741596,51.13910650263298],[17.026289434761424,51.13910650268113],[17.026289433790694,51.13910650282512],[17.026289432838748,51.13910650306357],[17.026289431914762,51.13910650339418],[17.026289431027628,51.139106503813764],[17.026289430185894,51.139106504318285],[17.026289429397664,51.13910650490288],[17.026289428670527,51.13910650556191],[17.02628942801149,51.139106506289046],[17.0262894274269,51.13910650707727],[17.026289426922382,51.13910650791901],[17.0262894265028,51.139106508806144],[17.02628942617219,51.139106509730134],[17.026289425933744,51.139106510682076],[17.02628942578975,51.139106511652805],[17.026289425741595,51.13910651263298],[17.02628942578975,51.13910651361315],[17.026289425933744,51.13910651458388],[17.02628942617219,51.13910651553582],[17.0262894265028,51.13910651645981],[17.026289426922382,51.139106517346946],[17.0262894274269,51.13910651818868],[17.02628942801149,51.13910651897691],[17.026289428670527,51.13910651970404],[17.026289429397664,51.13910652036308],[17.026289430185894,51.13910652094767],[17.026289431027628,51.13910652145219],[17.026289431914762,51.139106521871774],[17.026289432838748,51.13910652220238],[17.026289433790694,51.139106522440834],[17.026289434761424,51.139106522584825],[17.026289435741596,51.13910652263298],[17.02628943672177,51.139106522584825],[17.026289437692498,51.139106522440834],[17.026289438644444,51.13910652220238],[17.02628943956843,51.139106521871774],[17.026289440455564,51.13910652145219],[17.026289441297298,51.13910652094767],[17.026289442085528,51.13910652036308],[17.026289442812665,51.13910651970404],[17.0262894434717,51.13910651897691],[17.026289444056292,51.13910651818868],[17.02628944456081,51.139106517346946],[17.026289444980392,51.13910651645981],[17.026289445311,51.13910651553582],[17.02628944554945,51.13910651458388],[17.026289445693443,51.13910651361315],[17.026289445741597,51.13910651263298],[17.026289445693443,51.139106511652805],[17.02628944554945,51.139106510682076],[17.026289445311,51.139106509730134]]],[[[17.039092454374302,51.13853597223848],[17.039092454135854,51.13853597128654],[17.039092453805246,51.13853597036255],[17.039092453385663,51.13853596947541],[17.039092452881146,51.138535968633676],[17.039092452296554,51.13853596784545],[17.03909245163752,51.138535967118315],[17.03909245091038,51.13853596645928],[17.03909245012215,51.13853596587469],[17.039092449280417,51.13853596537017],[17.039092448393284,51.138535964950584],[17.039092447469297,51.138535964619976],[17.03909244651735,51.138535964381525],[17.039092445546622,51.13853596423753],[17.03909244456645,51.13853596418938],[17.039092443586277,51.13853596423753],[17.039092442615548,51.138535964381525],[17.039092441663602,51.138535964619976],[17.039092440739616,51.138535964950584],[17.03909243985248,51.13853596537017],[17.039092439010748,51.13853596587469],[17.039092438222518,51.13853596645928],[17.03909243749538,51.138535967118315],[17.039092436836345,51.13853596784545],[17.039092436251753,51.138535968633676],[17.039092435747236,51.13853596947541],[17.039092435327653,51.13853597036255],[17.039092434997045,51.13853597128654],[17.039092434758597,51.13853597223848],[17.039092434614602,51.13853597320921],[17.03909243456645,51.13853597418938],[17.039092434614602,51.13853597516955],[17.039092434758597,51.13853597614028],[17.039092434997045,51.138535977092225],[17.039092435327653,51.138535978016215],[17.039092435747236,51.13853597890335],[17.039092436251753,51.138535979745086],[17.039092436836345,51.13853598053331],[17.03909243749538,51.138535981260446],[17.039092438222518,51.13853598191948],[17.039092439010748,51.138535982504074],[17.03909243985248,51.138535983008595],[17.039092440739616,51.13853598342818],[17.039092441663602,51.138535983758786],[17.039092442615548,51.13853598399724],[17.039092443586277,51.13853598414123],[17.03909244456645,51.13853598418938],[17.039092445546622,51.13853598414123],[17.03909244651735,51.13853598399724],[17.039092447469297,51.138535983758786],[17.039092448393284,51.13853598342818],[17.039092449280417,51.138535983008595],[17.03909245012215,51.138535982504074],[17.03909245091038,51.13853598191948],[17.03909245163752,51.138535981260446],[17.039092452296554,51.13853598053331],[17.039092452881146,51.138535979745086],[17.039092453385663,51.13853597890335],[17.039092453805246,51.138535978016215],[17.039092454135854,51.138535977092225],[17.039092454374302,51.13853597614028],[17.039092454518297,51.13853597516955],[17.03909245456645,51.13853597418938],[17.039092454518297,51.13853597320921],[17.039092454374302,51.13853597223848]]]]}},{"type":"Feature","properties":{"name":"Karłowice–Różanka — okręg 5","district":5,"precinct":88,"seats":5,"election_year":2021,"polling_station":"Szkoła Podstawowa nr 50, ul. Czeska 38","reconstruction":true,"method":"official 2021 address rules + current SIP EMUiA address points + current cadastral parcels","crs":"EPSG:4326"},"geometry":{"type":"MultiPolygon","coordinates":[[[[17.003076004489277,51.13511668123036],[17.003080823297413,51.13513376673073],[17.00366346102658,51.13804045148142],[17.003782984098496,51.138599337075185],[17.004002863166022,51.139450341520885],[17.00428204601742,51.14070857785793],[17.005036166229793,51.14361916841868],[17.00515721231723,51.14412543972067],[17.005390041148477,51.14509923869289],[17.005942275541518,51.14738017475683],[17.00602443324835,51.14778046401949],[17.006156964502008,51.14838313918808],[17.006182947781344,51.1485012907299],[17.006209012119264,51.148714293672],[17.00624475975675,51.149007833561036],[17.006271693774867,51.14927360322355],[17.006292628712995,51.14948017089461],[17.00631849352545,51.14973538657962],[17.006336493228908,51.149912995200054],[17.006354493061092,51.15009060381318],[17.006354392588264,51.15031098063059],[17.0063538097344,51.15056859206539],[17.006353428232607,51.15073703057837],[17.006349431831172,51.15094844239464],[17.006505301743005,51.15093057513905],[17.006505465472348,51.15010955185784],[17.006460195364934,51.14965710477247],[17.006401920138867,51.149203297591924],[17.006358495626685,51.14875084809244],[17.006368560651676,51.148592976421426],[17.00638619691967,51.14831814176833],[17.00658498873965,51.148261775221194],[17.007157136842626,51.148111256274504],[17.007388228190052,51.147919634540486],[17.008617675665537,51.147433141099974],[17.008962376850196,51.14684601751583],[17.009019167174685,51.146758247280054],[17.009445098553527,51.1463384786524],[17.009259743275578,51.14619638240628],[17.009133442780907,51.14611438759373],[17.00920929732936,51.14606132601059],[17.009840046186074,51.14562708247222],[17.010536059868937,51.14521258060914],[17.010605361872805,51.14517039410717],[17.0106090399211,51.14516815083859],[17.011426485301328,51.14467221774762],[17.012003285906356,51.14328279606187],[17.011988209711838,51.14324593696448],[17.01199334422096,51.14318751160951],[17.012015039797546,51.142931714392525],[17.012168427122795,51.141911928698306],[17.012321988418996,51.1408930340948],[17.01234022115596,51.14085494605404],[17.013111209016834,51.140589103667466],[17.014208374358383,51.14069232564849],[17.015230494042484,51.14039045168945],[17.01545110703423,51.140477737817804],[17.016660959496726,51.14094253246547],[17.01676791898142,51.14098307611452],[17.01816371334777,51.1415181171116],[17.01814582160153,51.14153428313424],[17.01820350356569,51.141557610087006],[17.018322738621915,51.141601653440524],[17.019466337253778,51.14035802583675],[17.02000548292529,51.13985968133083],[17.020665259156996,51.14021667660972],[17.022047102484034,51.14085233745788],[17.02251793990852,51.14106887891881],[17.023079728686167,51.14132727891262],[17.02355357490075,51.14154526165589],[17.023731236532964,51.14137649875757],[17.02401306652007,51.141499492116644],[17.024076769732545,51.14143868730205],[17.02431869920412,51.141207954721466],[17.0245901021349,51.14132870218783],[17.024761893296027,51.14115822568475],[17.024818869269488,51.14118128278052],[17.02461400224905,51.14138399909595],[17.024886592069834,51.14148919467567],[17.02520700880004,51.141612938359245],[17.025397997686007,51.141410923427536],[17.025869898807947,51.14160237904577],[17.025985805269123,51.141667090006855],[17.026022168172005,51.141634131125755],[17.026122641639212,51.141542617117835],[17.026168763767757,51.141484577420506],[17.026301888394872,51.14150931062165],[17.02632319586806,51.141501145617156],[17.026447613688426,51.14136506220597],[17.026351904391007,51.14127024269526],[17.026316819217953,51.14123570003128],[17.026283867163755,51.14120709030694],[17.026283627422103,51.14117976875848],[17.026144285770457,51.14111979826597],[17.02610847304252,51.14108588774491],[17.026126840342723,51.14104698065097],[17.026151031040943,51.14102470795274],[17.026115625300342,51.14100949030936],[17.02610205775536,51.14099958759929],[17.025998589757425,51.140851826044084],[17.025990351823186,51.14083177343968],[17.02597812022399,51.14079302505531],[17.02595472772483,51.14069521159373],[17.02584019932225,51.14010618153236],[17.025839580356006,51.140056832166245],[17.025693391109638,51.14006166443085],[17.0257306304825,51.14001620832747],[17.025776952145034,51.13992419853195],[17.025837816847265,51.13992199963497],[17.02583258578963,51.139492951770656],[17.025830958110753,51.139444681745466],[17.025828505121517,51.13937519824923],[17.025842879195377,51.13932774472456],[17.025858532330698,51.139286055230905],[17.025889513936285,51.13922081465674],[17.025892954008526,51.13921488316804],[17.026034916063356,51.139243753633295],[17.026351376718473,51.13933962934716],[17.026471526926336,51.13918807511245],[17.026518636861546,51.139129135529885],[17.026523513326318,51.1391228474031],[17.026335014628135,51.139062485900624],[17.02620604298156,51.13902679293779],[17.026050402207265,51.13897094767493],[17.026186631293292,51.13885796739083],[17.026403141219994,51.13867151760294],[17.026494570177768,51.138591848240914],[17.026453313391645,51.13857295016341],[17.02654088569664,51.13849795025058],[17.02655462242515,51.13848618925318],[17.026591695048513,51.13845331700017],[17.026612005333966,51.13843814070136],[17.026637886232493,51.13842647177961],[17.026664046355936,51.13841579403817],[17.02669235874738,51.13840673436147],[17.02672165190469,51.13840064043674],[17.026753671160474,51.13839877634968],[17.02678480321698,51.13840104910242],[17.02639777249208,51.138225666875265],[17.025951052676238,51.13802335664707],[17.02583355574119,51.13797014808814],[17.025674214901006,51.13790019367937],[17.025654522112273,51.1378914624729],[17.025705598452543,51.13784637335424],[17.025714470764235,51.13783829364788],[17.02570919207688,51.13783585842375],[17.025716344290217,51.137829391515524],[17.02572077522299,51.137831370194135],[17.025753259757607,51.137802631182346],[17.02574868784914,51.137800561434],[17.025754849436638,51.137794994226496],[17.025759408949714,51.13779697397476],[17.025787461595584,51.137771730969696],[17.02580745249177,51.137780554533805],[17.025933234084725,51.137666849238045],[17.025930672376777,51.137665677225826],[17.02593867690003,51.13765741048159],[17.025990488897115,51.137611967779094],[17.026084219109148,51.13752744549907],[17.02614388609793,51.13747607203945],[17.026163578615346,51.13748481215173],[17.026304495001675,51.137546845442024],[17.026376885905066,51.1375787141509],[17.02706546932821,51.13788212810844],[17.02707473967864,51.13772321416176],[17.027089047586028,51.13770533589653],[17.02731583773901,51.13749639690081],[17.027682103014637,51.13764867086493],[17.027989209373462,51.13777456179186],[17.028213382032526,51.13786640219826],[17.028559194752063,51.13800418291897],[17.028597328207656,51.13801940451168],[17.028691273929052,51.13805380610124],[17.028732838512067,51.13806759083181],[17.02876068341614,51.13807669486657],[17.02882246833368,51.13800191059821],[17.029059045173746,51.137715082236774],[17.029115065115533,51.137368052157804],[17.02912704409148,51.13729425662834],[17.02919629659041,51.13732118019308],[17.029301390901892,51.13736152610877],[17.029383619507854,51.13739997412639],[17.02940920934377,51.13730263075537],[17.02934376892134,51.137219976118566],[17.02887269410271,51.13662482464121],[17.028807026620914,51.136505409093715],[17.02862242688036,51.13616973038252],[17.028465908259573,51.1357768137457],[17.028397997179823,51.1355479122265],[17.02856874786834,51.13554174340812],[17.028651887263543,51.13554341384338],[17.029358686766177,51.13580054314502],[17.029268003684088,51.135689109795315],[17.029192939297083,51.135547663699164],[17.029152898972537,51.135400665027404],[17.029148139151065,51.135251541005566],[17.029001377812467,51.135009183945776],[17.028854312105867,51.134701037826225],[17.02878498769517,51.134462523797616],[17.028780174931175,51.134433123597226],[17.028701373408605,51.13397895872255],[17.0286302163082,51.13398313223331],[17.028543335652323,51.13349192562468],[17.028585852097574,51.13344448974698],[17.028447674259073,51.13345257428513],[17.028423380063902,51.13329075630272],[17.02840166895946,51.13328499334818],[17.02803164183784,51.13321338138402],[17.02789620623761,51.13285954623468],[17.027858574085506,51.132725404292586],[17.027996724218948,51.132722624126934],[17.028010746104236,51.13272167988879],[17.02797519367929,51.13252726159056],[17.02793732274716,51.132526299556645],[17.027809784923303,51.13248981112256],[17.02775245639805,51.13249282251928],[17.027732872139985,51.13249398118239],[17.02772359870065,51.13240965295062],[17.027743920469838,51.13240875213119],[17.027733678817437,51.132318141063784],[17.027458820887485,51.13232996940511],[17.02746186098768,51.1323620877897],[17.025307299142334,51.13246272406694],[17.02494093757172,51.132484211830985],[17.02493756895432,51.132460990406614],[17.02471073065711,51.13247213389543],[17.02453686361851,51.13240362087046],[17.02443463482652,51.13238667662071],[17.02384303839648,51.13243136298983],[17.02275970654221,51.132487220741766],[17.02164353134955,51.132542074532644],[17.021089763235526,51.13254085655137],[17.020774290861063,51.13256104919249],[17.020468834561285,51.132567031304774],[17.019878435007627,51.13256163520307],[17.019585440750543,51.13254587455599],[17.019308579490975,51.13253069794721],[17.019039655281667,51.13251181159853],[17.0187526728747,51.13249555991074],[17.01831129071345,51.13245670601604],[17.017974463818273,51.13240587324759],[17.017685178316647,51.13237027180614],[17.01743248764439,51.13234729296703],[17.016813424568845,51.13224527127873],[17.01614732618962,51.13214473844088],[17.01565597577359,51.132064011729824],[17.015373390524047,51.13203601227641],[17.015082866866905,51.13203194770653],[17.014862468175497,51.132022450079866],[17.01465318187913,51.131987604894505],[17.014622919260578,51.13197961878924],[17.014596702375744,51.131969509244776],[17.014582679432454,51.13195707523301],[17.014583305030136,51.13194782114178],[17.014592800734643,51.13193801251505],[17.014612282559575,51.13192891730837],[17.012728059326196,51.13203501547339],[17.01221569606211,51.13199526959438],[17.011987217121927,51.13198282159994],[17.011361559328964,51.13195622854155],[17.010803216146787,51.13193541555181],[17.010242309230666,51.13190756624994],[17.009172709371974,51.13185562814555],[17.008598818243005,51.13182037930586],[17.00781187363617,51.131779724381545],[17.007178678973105,51.13174504416842],[17.006532462758198,51.13170467630407],[17.006218406717334,51.13168546692238],[17.00593288408964,51.13166820728061],[17.005737495544977,51.13165854544666],[17.005617396216596,51.131649163905685],[17.006008026015174,51.13152428297229],[17.006370445867702,51.13141150011221],[17.006150968674245,51.13140257748351],[17.003920874870648,51.13123530386688],[17.003915453196466,51.1312308365631],[17.003768121268187,51.1312517078602],[17.00365345404356,51.13126795160506],[17.003480894867312,51.13129239585811],[17.00340411171707,51.13130327260498],[17.00333796938546,51.131312641623225],[17.003319744508573,51.1313152236579],[17.003077828061294,51.1313494925309],[17.002843658696225,51.13138266279813],[17.002760882894826,51.13140210553291],[17.002732187131183,51.131408845809865],[17.002559354684045,51.1314494417293],[17.002386260577836,51.131490098988515],[17.00236693875292,51.13149080346176],[17.002316936208135,51.13149262700687],[17.002275056757863,51.131494153953646],[17.00220623999224,51.131496662863874],[17.002207661401748,51.13150250569823],[17.002208716731822,51.13150684060558],[17.002210190688462,51.131512895076725],[17.0022165956843,51.13153921757057],[17.00224286822596,51.131647180346576],[17.00226047164078,51.13171952126113],[17.002299141846645,51.1318784272954],[17.002303261244112,51.13189535498173],[17.002306293176527,51.131907814474],[17.0023208705178,51.13196796292711],[17.00245712952379,51.13253592995148],[17.002486976593232,51.13266033559773],[17.002516882965654,51.132785046489204],[17.002725772700508,51.13365612712235],[17.00276384943286,51.13381490475792],[17.002828394202194,51.134084047778025],[17.0029886749009,51.134752489602896],[17.003023084587355,51.134895984873914],[17.003076004489277,51.13511668123036]],[[17.026289445693443,51.13910651361315],[17.02628944554945,51.13910651458388],[17.026289445311,51.13910651553582],[17.026289444980392,51.13910651645981],[17.02628944456081,51.139106517346946],[17.026289444056292,51.13910651818868],[17.0262894434717,51.13910651897691],[17.026289442812665,51.13910651970404],[17.026289442085528,51.13910652036308],[17.026289441297298,51.13910652094767],[17.026289440455564,51.13910652145219],[17.02628943956843,51.139106521871774],[17.026289438644444,51.13910652220238],[17.026289437692498,51.139106522440834],[17.02628943672177,51.139106522584825],[17.026289435741596,51.13910652263298],[17.026289434761424,51.139106522584825],[17.026289433790694,51.139106522440834],[17.026289432838748,51.13910652220238],[17.026289431914762,51.139106521871774],[17.026289431027628,51.13910652145219],[17.026289430185894,51.13910652094767],[17.026289429397664,51.13910652036308],[17.026289428670527,51.13910651970404],[17.02628942801149,51.13910651897691],[17.0262894274269,51.13910651818868],[17.026289426922382,51.139106517346946],[17.0262894265028,51.13910651645981],[17.02628942617219,51.13910651553582],[17.026289425933744,51.13910651458388],[17.02628942578975,51.13910651361315],[17.026289425741595,51.13910651263298],[17.02628942578975,51.139106511652805],[17.026289425933744,51.139106510682076],[17.02628942617219,51.139106509730134],[17.0262894265028,51.139106508806144],[17.026289426922382,51.13910650791901],[17.0262894274269,51.13910650707727],[17.02628942801149,51.139106506289046],[17.026289428670527,51.13910650556191],[17.026289429397664,51.13910650490288],[17.026289430185894,51.139106504318285],[17.026289431027628,51.139106503813764],[17.026289431914762,51.13910650339418],[17.026289432838748,51.13910650306357],[17.026289433790694,51.13910650282512],[17.026289434761424,51.13910650268113],[17.026289435741596,51.13910650263298],[17.02628943672177,51.13910650268113],[17.026289437692498,51.13910650282512],[17.026289438644444,51.13910650306357],[17.02628943956843,51.13910650339418],[17.026289440455564,51.139106503813764],[17.026289441297298,51.139106504318285],[17.026289442085528,51.13910650490288],[17.026289442812665,51.13910650556191],[17.0262894434717,51.139106506289046],[17.026289444056292,51.13910650707727],[17.02628944456081,51.13910650791901],[17.026289444980392,51.139106508806144],[17.026289445311,51.139106509730134],[17.02628944554945,51.139106510682076],[17.026289445693443,51.139106511652805],[17.026289445741597,51.13910651263298],[17.026289445693443,51.13910651361315]]],[[[17.029647666930714,51.138933813620696],[17.029747305004882,51.13882358209458],[17.029846506262597,51.13871371543518],[17.029700856899325,51.13866166165656],[17.02960150688569,51.138771796649365],[17.029502596321247,51.13888139582453],[17.029401259426503,51.138988107079605],[17.029546046202753,51.13904044173785],[17.029647666930714,51.138933813620696]]],[[[17.02987427080088,51.14152874050784],[17.03001273041936,51.141611991400104],[17.03017388140207,51.141709004662005],[17.029718134734264,51.14199146399687],[17.02941601969599,51.14217865677358],[17.02937045494075,51.14220687470631],[17.02934734624938,51.142221210193895],[17.02940415928088,51.142257658265244],[17.029608835636733,51.14238832216305],[17.02970673990938,51.142451127058],[17.029399949003565,51.142647162767695],[17.02913067546505,51.14281905727494],[17.02835462629059,51.14233822882346],[17.028302781619296,51.142370790107556],[17.028249043353203,51.14233699202471],[17.027783532013036,51.14263238871143],[17.02798723813052,51.14280434582842],[17.02812581161975,51.1427386054473],[17.028210450520692,51.14279538617347],[17.028573711493998,51.14317937625065],[17.029341270873886,51.14365965622276],[17.02938568946921,51.14363164454365],[17.029450211396547,51.14359089054199],[17.029464796704534,51.14358163537407],[17.029517469076175,51.143614579013104],[17.029853335223436,51.14382479257874],[17.029841883174022,51.14383251857641],[17.029779364061856,51.1438745389678],[17.02973715228104,51.14390362988106],[17.02983021946042,51.14396077599011],[17.02987470729894,51.14393150615066],[17.02993594619303,51.143890562837505],[17.0299468170816,51.14388329048242],[17.030459528854163,51.144203968376395],[17.0305996585268,51.1442318022036],[17.030761968165475,51.14424396193882],[17.030918728641552,51.144243355122065],[17.03103581101728,51.14421979244172],[17.031257630509472,51.14349051110162],[17.031223003208375,51.143435207648544],[17.03116534414156,51.14339534639219],[17.031260176345736,51.143343632385395],[17.031336079178782,51.14332984166559],[17.03140921911147,51.14309026204293],[17.03193499144336,51.141368324172944],[17.031773509441262,51.14138196418541],[17.031879813097166,51.14105078453985],[17.03188113430818,51.14094048349169],[17.031686450992783,51.14081918359493],[17.031804461261345,51.14040585460434],[17.031769869862185,51.14016447480495],[17.03223328899001,51.14039112788915],[17.032384146733634,51.13989710931121],[17.03247522202775,51.13959882205908],[17.032487901469505,51.13945095729654],[17.032640269620458,51.139328807757344],[17.0333195455203,51.13879064931299],[17.03314381902255,51.138693807500914],[17.033114836854505,51.138677521369964],[17.033185960646616,51.1386212228364],[17.033029454379296,51.13862972765423],[17.032884015708987,51.1385482834284],[17.032622889719427,51.138601500056645],[17.03216594356524,51.13869476280209],[17.032119200638483,51.13870371622205],[17.032057748853568,51.13871563133878],[17.031699567548284,51.138785140920554],[17.031671559885915,51.1387905994792],[17.031587226682827,51.13880609156033],[17.031514055710918,51.138819437592616],[17.03150118683216,51.13882392473675],[17.03153654279998,51.13887294143629],[17.031462089974085,51.13896529586694],[17.031101191314523,51.138775375698046],[17.031043236828644,51.13874171474653],[17.0307467467552,51.138581049021894],[17.030299822227448,51.13831105270292],[17.030979097771695,51.137776224906595],[17.03096000502393,51.13774834261411],[17.030805919649037,51.13752260309444],[17.030708935526622,51.137593015376616],[17.030209121764187,51.13734212379059],[17.030398471309237,51.137146209023896],[17.03057059009281,51.13700402612846],[17.03034337735121,51.1368506038577],[17.030077469932827,51.13712278115715],[17.03005500121415,51.137143531721016],[17.029949943799327,51.137254833294335],[17.029824282559982,51.137381048496145],[17.02968245395789,51.1375272932238],[17.02954988140503,51.13769206135765],[17.029307972555582,51.13795392712465],[17.02960760261617,51.13812115807291],[17.02962960674449,51.1381157850409],[17.02965490671954,51.13811678604667],[17.029786964645908,51.138179083222724],[17.029832508790776,51.13820141377746],[17.030023936329325,51.13829935271457],[17.03006134771158,51.13831906266539],[17.030230655493472,51.138406111129505],[17.03030103492694,51.13844687845022],[17.03051985392861,51.138748982954965],[17.030561607443005,51.13881588845754],[17.03088608794733,51.139336417633366],[17.030967257578727,51.13950007259856],[17.03088577687354,51.13951916569269],[17.030943083732325,51.13960154526207],[17.0308573164576,51.1396185621676],[17.030903486400526,51.13969572536571],[17.030852912237165,51.139688312338045],[17.03078005710439,51.13976565786124],[17.030682155073873,51.13978141440941],[17.030035293281383,51.139539866239645],[17.030055047045078,51.13951507479348],[17.030070437815105,51.139458450759484],[17.029768616643608,51.13932231607576],[17.029805265457096,51.13927686277294],[17.02906731476926,51.139000725451844],[17.029055869532442,51.13901294625911],[17.028943367056517,51.13913210498799],[17.028730445116715,51.13905262134608],[17.02870655083399,51.139078582798454],[17.028658440322108,51.13913086260069],[17.028583718795893,51.13921189500687],[17.028609566630024,51.139220182406966],[17.028786797580135,51.13927765986773],[17.0288516039095,51.139308897689375],[17.028502323466405,51.13968780537713],[17.028969325562674,51.139902077537464],[17.029030424617563,51.139931612397945],[17.029397351310703,51.14010122738519],[17.02944190236212,51.14012193170088],[17.02963292779738,51.14021007815851],[17.030237584896387,51.140485663973244],[17.03011316794424,51.14054597763842],[17.02985647268508,51.14066732146187],[17.029834587605762,51.140678547787886],[17.02956201650287,51.14080796682213],[17.029270144718332,51.140947266466696],[17.02923939748047,51.14096198801588],[17.02906907710418,51.14104410600735],[17.029149009576834,51.14109217199123],[17.02937767107677,51.14122977767459],[17.029446806775,51.1412714161437],[17.02987427080088,51.14152874050784]]],[[[17.029991817821653,51.13905873903185],[17.029892174032966,51.13916788296638],[17.0300382641519,51.139220128935214],[17.030137461038763,51.139111160964845],[17.03023752806295,51.139001561859466],[17.030337292695894,51.13889205005721],[17.030192216552976,51.138839183589546],[17.030091300399715,51.13894976447828],[17.029991817821653,51.13905873903185]]],[[[17.030435538982424,51.13944234811786],[17.030260756170566,51.139379751383345],[17.030086684623686,51.139317331087646],[17.03000407896843,51.13940851125294],[17.03017828985102,51.139471112618445],[17.030352940540126,51.1395338881722],[17.030526584638274,51.139596304522605],[17.030609313321218,51.13950467553022],[17.030435538982424,51.13944234811786]]],[[[17.032520012807964,51.13843824143998],[17.032520011883978,51.13843824177059],[17.032520010996844,51.13843824219017],[17.03252001015511,51.13843824269469],[17.03252000936688,51.13843824327928],[17.032520008639743,51.13843824393832],[17.032520007980708,51.13843824466545],[17.032520007396116,51.13843824545368],[17.0325200068916,51.138438246295415],[17.032520006472016,51.13843824718255],[17.032520006141407,51.13843824810654],[17.03252000590296,51.13843824905848],[17.032520005758965,51.13843825002921],[17.03252000571081,51.13843825100938],[17.032520005758965,51.138438251989555],[17.03252000590296,51.138438252960285],[17.032520006141407,51.13843825391223],[17.032520006472016,51.13843825483622],[17.0325200068916,51.13843825572335],[17.032520007396116,51.13843825656509],[17.032520007980708,51.138438257353314],[17.032520008639743,51.13843825808045],[17.03252000936688,51.138438258739484],[17.03252001015511,51.138438259324076],[17.032520010996844,51.1384382598286],[17.032520011883978,51.13843826024818],[17.032520012807964,51.13843826057879],[17.03252001375991,51.13843826081724],[17.03252001473064,51.13843826096123],[17.032520015710812,51.138438261009384],[17.032520016690984,51.13843826096123],[17.032520017661714,51.13843826081724],[17.03252001861366,51.13843826057879],[17.032520019537646,51.13843826024818],[17.03252002042478,51.1384382598286],[17.032520021266514,51.138438259324076],[17.032520022054744,51.138438258739484],[17.03252002278188,51.13843825808045],[17.032520023440917,51.138438257353314],[17.03252002402551,51.13843825656509],[17.032520024530026,51.13843825572335],[17.03252002494961,51.13843825483622],[17.032520025280217,51.13843825391223],[17.032520025518664,51.138438252960285],[17.03252002566266,51.138438251989555],[17.032520025710813,51.13843825100938],[17.03252002566266,51.13843825002921],[17.032520025518664,51.13843824905848],[17.032520025280217,51.13843824810654],[17.03252002494961,51.13843824718255],[17.032520024530026,51.138438246295415],[17.03252002402551,51.13843824545368],[17.032520023440917,51.13843824466545],[17.03252002278188,51.13843824393832],[17.032520022054744,51.13843824327928],[17.032520021266514,51.13843824269469],[17.03252002042478,51.13843824219017],[17.032520019537646,51.13843824177059],[17.03252001861366,51.13843824143998],[17.032520017661714,51.13843824120153],[17.032520016690984,51.138438241057536],[17.032520015710812,51.13843824100938],[17.03252001473064,51.138438241057536],[17.03252001375991,51.13843824120153],[17.032520012807964,51.13843824143998]]],[[[17.024357889105517,51.14139889728397],[17.024357888125344,51.14139889723582],[17.02435788714517,51.14139889728397],[17.024357886174442,51.14139889742796],[17.024357885222496,51.14139889766641],[17.02435788429851,51.14139889799702],[17.024357883411376,51.141398898416604],[17.024357882569642,51.141398898921125],[17.024357881781413,51.14139889950572],[17.024357881054275,51.14139890016475],[17.02435788039524,51.141398900891886],[17.024357879810648,51.14139890168011],[17.02435787930613,51.14139890252185],[17.024357878886548,51.141398903408984],[17.02435787855594,51.14139890433297],[17.024357878317492,51.141398905284916],[17.024357878173497,51.141398906255645],[17.024357878125343,51.14139890723582],[17.024357878173497,51.14139890821599],[17.024357878317492,51.14139890918672],[17.02435787855594,51.14139891013866],[17.024357878886548,51.14139891106265],[17.02435787930613,51.141398911949786],[17.024357879810648,51.14139891279152],[17.02435788039524,51.14139891357975],[17.024357881054275,51.14139891430688],[17.024357881781413,51.14139891496592],[17.024357882569642,51.14139891555051],[17.024357883411376,51.14139891605503],[17.02435788429851,51.141398916474614],[17.024357885222496,51.14139891680522],[17.024357886174442,51.141398917043674],[17.02435788714517,51.141398917187665],[17.024357888125344,51.14139891723582],[17.024357889105517,51.141398917187665],[17.024357890076246,51.141398917043674],[17.024357891028192,51.14139891680522],[17.024357891952178,51.141398916474614],[17.024357892839312,51.14139891605503],[17.024357893681046,51.14139891555051],[17.024357894469276,51.14139891496592],[17.024357895196413,51.14139891430688],[17.02435789585545,51.14139891357975],[17.02435789644004,51.14139891279152],[17.024357896944558,51.141398911949786],[17.02435789736414,51.14139891106265],[17.02435789769475,51.14139891013866],[17.024357897933196,51.14139890918672],[17.02435789807719,51.14139890821599],[17.024357898125345,51.14139890723582],[17.02435789807719,51.141398906255645],[17.024357897933196,51.141398905284916],[17.02435789769475,51.14139890433297],[17.02435789736414,51.141398903408984],[17.024357896944558,51.14139890252185],[17.02435789644004,51.14139890168011],[17.02435789585545,51.141398900891886],[17.024357895196413,51.14139890016475],[17.024357894469276,51.14139889950572],[17.024357893681046,51.141398898921125],[17.024357892839312,51.141398898416604],[17.024357891952178,51.14139889799702],[17.024357891028192,51.14139889766641],[17.024357890076246,51.14139889742796],[17.024357889105517,51.14139889728397]]],[[[17.0303468836203,51.13879949305932],[17.030346882893163,51.13879949240028],[17.030346882104933,51.13879949181569],[17.0303468812632,51.13879949131117],[17.030346880376065,51.138799490891586],[17.03034687945208,51.13879949056098],[17.030346878500133,51.138799490322526],[17.030346877529404,51.138799490178535],[17.03034687654923,51.13879949013038],[17.03034687556906,51.138799490178535],[17.03034687459833,51.138799490322526],[17.030346873646383,51.13879949056098],[17.030346872722397,51.138799490891586],[17.030346871835263,51.13879949131117],[17.03034687099353,51.13879949181569],[17.0303468702053,51.13879949240028],[17.030346869478162,51.13879949305932],[17.030346868819127,51.13879949378645],[17.030346868234535,51.13879949457468],[17.030346867730017,51.138799495416414],[17.030346867310435,51.13879949630355],[17.030346866979826,51.13879949722754],[17.03034686674138,51.13879949817948],[17.030346866597384,51.13879949915021],[17.03034686654923,51.13879950013038],[17.030346866597384,51.138799501110555],[17.03034686674138,51.138799502081284],[17.030346866979826,51.138799503033226],[17.030346867310435,51.138799503957216],[17.030346867730017,51.13879950484435],[17.030346868234535,51.13879950568609],[17.030346868819127,51.138799506474314],[17.030346869478162,51.13879950720145],[17.0303468702053,51.13879950786048],[17.03034687099353,51.138799508445075],[17.030346871835263,51.138799508949596],[17.030346872722397,51.13879950936918],[17.030346873646383,51.13879950969979],[17.03034687459833,51.13879950993824],[17.03034687556906,51.13879951008223],[17.03034687654923,51.13879951013038],[17.030346877529404,51.13879951008223],[17.030346878500133,51.13879950993824],[17.03034687945208,51.13879950969979],[17.030346880376065,51.13879950936918],[17.0303468812632,51.138799508949596],[17.030346882104933,51.138799508445075],[17.030346882893163,51.13879950786048],[17.0303468836203,51.13879950720145],[17.030346884279336,51.138799506474314],[17.030346884863928,51.13879950568609],[17.030346885368445,51.13879950484435],[17.030346885788028,51.138799503957216],[17.030346886118636,51.138799503033226],[17.030346886357083,51.138799502081284],[17.03034688650108,51.138799501110555],[17.030346886549232,51.13879950013038],[17.03034688650108,51.13879949915021],[17.030346886357083,51.13879949817948],[17.030346886118636,51.13879949722754],[17.030346885788028,51.13879949630355],[17.030346885368445,51.138799495416414],[17.030346884863928,51.13879949457468],[17.030346884279336,51.13879949378645],[17.0303468836203,51.13879949305932]]],[[[17.0299198974553,51.13828115132775],[17.029919896796265,51.13828115060062],[17.029919896069128,51.138281149941584],[17.029919895280898,51.13828114935699],[17.029919894439164,51.13828114885247],[17.02991989355203,51.13828114843289],[17.029919892628044,51.13828114810228],[17.029919891676098,51.13828114786383],[17.02991989070537,51.13828114771984],[17.029919889725196,51.138281147671684],[17.029919888745024,51.13828114771984],[17.029919887774295,51.13828114786383],[17.02991988682235,51.13828114810228],[17.029919885898362,51.13828114843289],[17.02991988501123,51.13828114885247],[17.029919884169495,51.13828114935699],[17.029919883381265,51.138281149941584],[17.029919882654127,51.13828115060062],[17.02991988199509,51.13828115132775],[17.0299198814105,51.13828115211598],[17.029919880905982,51.13828115295772],[17.0299198804864,51.13828115384485],[17.02991988015579,51.13828115476884],[17.029919879917344,51.13828115572078],[17.02991987977335,51.13828115669151],[17.029919879725195,51.138281157671685],[17.02991987977335,51.13828115865186],[17.029919879917344,51.138281159622586],[17.02991988015579,51.13828116057453],[17.0299198804864,51.13828116149852],[17.029919880905982,51.13828116238565],[17.0299198814105,51.13828116322739],[17.02991988199509,51.138281164015616],[17.029919882654127,51.13828116474275],[17.029919883381265,51.138281165401786],[17.029919884169495,51.13828116598638],[17.02991988501123,51.1382811664909],[17.029919885898362,51.13828116691048],[17.02991988682235,51.13828116724109],[17.029919887774295,51.13828116747954],[17.029919888745024,51.13828116762353],[17.029919889725196,51.138281167671686],[17.02991989070537,51.13828116762353],[17.029919891676098,51.13828116747954],[17.029919892628044,51.13828116724109],[17.02991989355203,51.13828116691048],[17.029919894439164,51.1382811664909],[17.029919895280898,51.13828116598638],[17.029919896069128,51.138281165401786],[17.029919896796265,51.13828116474275],[17.0299198974553,51.138281164015616],[17.029919898039893,51.13828116322739],[17.02991989854441,51.13828116238565],[17.029919898963993,51.13828116149852],[17.0299198992946,51.13828116057453],[17.02991989953305,51.138281159622586],[17.029919899677044,51.13828115865186],[17.029919899725197,51.138281157671685],[17.029919899677044,51.13828115669151],[17.02991989953305,51.13828115572078],[17.0299198992946,51.13828115476884],[17.029919898963993,51.13828115384485],[17.02991989854441,51.13828115295772],[17.029919898039893,51.13828115211598],[17.0299198974553,51.13828115132775]]]]}}]}
